th,year,dstrct_id,dstrct_Kanji,当落,Win(1:3),vote,vote_pcnt,candidate_name,gender,DOB,terms,party,派閥,派閥系統,新旧,推薦
41,1996,id01_01_01,北海道１区,当,1,102577,45.9,横路孝弘,男,1941/1/3 0:00,6,民,,,元,社民
41,1996,id01_01_01,北海道１区,-,3,56265,25.2,馬杉栄一,,,,自,,,新,
41,1996,id01_01_01,北海道１区,-,3,32703,14.6,小村貞三,,,,共,,,新,
41,1996,id01_01_01,北海道１区,-,3,32019,14.3,長谷川岳,男,1971/2/16 0:00,,無,,,新,
41,1996,id01_01_02,北海道２区,当,1,73697,34.7,長内順一,,,2,進,公,,前,
41,1996,id01_01_02,北海道２区,比当,2,63524,29.9,吉川貴盛,男,1950/10/20 0:00,,自,生,,新,
41,1996,id01_01_02,北海道２区,-,3,48273,22.8,山根幸嗣,,,,共,,,新,
41,1996,id01_01_02,北海道２区,-,3,20009,9.4,松木謙公,男,1959/2/22 0:00,,合,,,新,
41,1996,id01_01_02,北海道２区,-,3,6653,3.1,沢田健一,,,,諸,,,新,
41,1996,id01_01_03,北海道３区,当,1,54275,26.3,石崎岳,男,1955/7/9 0:00,1,自,,,新,
41,1996,id01_01_03,北海道３区,-,3,51479,25,荒井聡,,,,民,さ,,前,さきがけ
41,1996,id01_01_03,北海道３区,-,3,50902,24.7,三井辨雄,男,1942/11/24 0:00,,進,生,,新,
41,1996,id01_01_03,北海道３区,比当,2,40623,19.7,児玉健次,,,,共,,,元,
41,1996,id01_01_03,北海道３区,-,3,9010,4.4,打本智香,,,,会,,,新,
41,1996,id01_01_04,北海道４区,当,1,58371,30.7,佐藤静雄,男,1941/10/9 0:00,3,自,合,,前,
41,1996,id01_01_04,北海道４区,-,3,53332,28.1,鈴木康司,,,,進,,,新,
41,1996,id01_01_04,北海道４区,-,3,51714,27.2,池田隆一,,,,民,社,,前,
41,1996,id01_01_04,北海道４区,-,3,26562,14,大和時也,,,,共,,,新,
41,1996,id01_01_05,北海道５区,当,1,113282,49.8,町村信孝,男,1944/10/17 0:00,5,自,三,清和会,前,
41,1996,id01_01_05,北海道５区,-,3,61846,27.2,小野健太郎,,,,進,,,新,
41,1996,id01_01_05,北海道５区,-,3,44885,19.7,宮内聡,男,1963/4/10 0:00,,共,,,新,
41,1996,id01_01_05,北海道５区,-,3,7576,3.3,池中万吏江,,,,合,,,新,
41,1996,id01_01_06,北海道６区,当,1,76572,48.7,佐々木秀典,,,3,民,社,,前,
41,1996,id01_01_06,北海道６区,-,3,46609,29.7,今津寛,男,1946/9/30 0:00,,自,進,,前,
41,1996,id01_01_06,北海道６区,-,3,16992,10.8,荻生和敏,男,1949/11/19 0:00,,共,,,新,
41,1996,id01_01_06,北海道６区,-,3,16982,10.8,佐々木栄一,,,,無,,,新,
41,1996,id01_01_07,北海道７区,当,1,65955,34.4,金田英行,男,1942/12/30 0:00,2,自,三,清和会,前,
41,1996,id01_01_07,北海道７区,-,3,62549,32.6,桜庭康喜,,,,民,社,,新,
41,1996,id01_01_07,北海道７区,-,3,52300,27.2,上草義輝,,,,進,自,,元,
41,1996,id01_01_07,北海道７区,-,3,11149,5.8,猿子昌正,,,,共,,,新,
41,1996,id01_01_08,北海道８区,当,1,110305,47.5,鉢呂吉雄,男,1948/1/25 0:00,3,民,社,,前,
41,1996,id01_01_08,北海道８区,比当,2,94700,40.8,佐藤孝行,,,,自,渡,志帥会,前,
41,1996,id01_01_08,北海道８区,-,3,27058,11.7,高橋佳大,男,1959/7/7 0:00,,共,,,新,
41,1996,id01_01_09,北海道９区,当,1,131936,52.8,鳩山由紀夫,男,1947/2/11 0:00,4,民,さ,,前,
41,1996,id01_01_09,北海道９区,-,3,68793,27.5,高橋辰夫,,,,自,三,清和会,前,
41,1996,id01_01_09,北海道９区,-,3,49196,19.7,紙智子,,,,共,,,新,
41,1996,id01_01_10,北海道１０区,当,1,100489,49.8,小平忠正,男,1942/3/18 0:00,3,民,さ,,前,
41,1996,id01_01_10,北海道１０区,-,3,72641,36,渡辺省一,,,,自,宮,宏池会,前,
41,1996,id01_01_10,北海道１０区,-,3,28609,14.2,藤崎勲,,,,共,,,新,
41,1996,id01_01_11,北海道１１区,当,1,97428,53.5,中川昭一,男,1953/7/19 0:00,5,自,三,清和会,前,
41,1996,id01_01_11,北海道１１区,-,3,67250,37,池本柳次,,,,民,社,,新,新進（支持）
41,1996,id01_01_11,北海道１１区,-,3,17319,9.5,佐藤糸江,,,,共,,,新,
41,1996,id01_01_12,北海道１２区,当,1,92114,52,武部勤,男,1941/5/1 0:00,4,自,渡,志帥会,前,
41,1996,id01_01_12,北海道１２区,-,3,69971,39.5,永井哲男,,,,民,社,,前,新進
41,1996,id01_01_12,北海道１２区,-,3,14976,8.5,村口照美,,,,共,,,新,
41,1996,id01_01_13,北海道１３区,当,1,83490,42.8,北村直人,男,1947/7/7 0:00,4,進,生,,前,
41,1996,id01_01_13,北海道１３区,比当,2,55491,28.4,鈴木宗男,男,1948/1/31 0:00,,自,小,平成研,前,
41,1996,id01_01_13,北海道１３区,-,3,41565,21.3,岡田篤,,,,民,社,,新,
41,1996,id01_01_13,北海道１３区,-,3,14736,7.5,石川明美,男,1951/5/16 0:00,,共,,,新,
41,1996,id02_02_01,青森県１区,当,1,86411,43.6,津島雄二,男,1930/1/24 0:00,8,自,,,前,
41,1996,id02_02_01,青森県１区,-,3,71999,36.4,工藤隆一,,,,進,,,新,
41,1996,id02_02_01,青森県１区,-,3,24075,12.2,今村修,,,,社,,,前,さきがけ
41,1996,id02_02_01,青森県１区,-,3,15548,7.9,富樫秀雄,,,,共,,,新,
41,1996,id02_02_02,青森県２区,当,1,63672,41.9,江渡聡徳,男,1955/10/12 0:00,1,自,,,新,
41,1996,id02_02_02,青森県２区,-,3,62907,41.4,三村申吾,,,,進,自,,新,
41,1996,id02_02_02,青森県２区,-,3,11581,7.6,戸来勉,,,,民,,,新,
41,1996,id02_02_02,青森県２区,-,3,8705,5.7,建部玲子,,,,社,,,新,
41,1996,id02_02_02,青森県２区,-,3,5235,3.4,相馬和孝,,,,共,,,新,
41,1996,id02_02_03,青森県３区,当,1,96628,52.5,大島理森,男,1946/9/6 0:00,5,自,河,志公会,前,さきがけ
41,1996,id02_02_03,青森県３区,-,3,81460,44.2,田名部匡省,,,,進,生,,前,
41,1996,id02_02_03,青森県３区,-,3,6119,3.3,松橋三夫,男,1949/7/14 0:00,,共,,,新,
41,1996,id02_02_04,青森県４区,当,1,101059,52.4,木村太郎,男,1965/7/20 0:00,1,進,生,,新,
41,1996,id02_02_04,青森県４区,-,3,70590,36.6,津島恭一,男,1954/2/4 0:00,,自,進,,新,
41,1996,id02_02_04,青森県４区,-,3,21034,10.9,木村昭四郎,,,,共,,,新,
41,1996,id02_03_01,岩手県１区,当,1,67420,40.6,達増拓也,男,1964/6/10 0:00,1,進,,,新,
41,1996,id02_03_01,岩手県１区,比当,2,49665,29.9,玉沢徳一郎,男,1937/12/16 0:00,,自,三,清和会,前,
41,1996,id02_03_01,岩手県１区,-,3,17087,10.3,中村力,,,,無,,,前,
41,1996,id02_03_01,岩手県１区,-,3,16758,10.1,山中邦紀,,,,社,,,元,
41,1996,id02_03_01,岩手県１区,-,3,10668,6.4,佐久間敏子,,,,共,,,新,
41,1996,id02_03_01,岩手県１区,-,3,4551,2.7,後藤百合子,,,,民,,,新,
41,1996,id02_03_02,岩手県２区,当,1,95913,47.6,鈴木俊一,男,1953/4/13 0:00,3,自,宮,宏池会,前,
41,1996,id02_03_02,岩手県２区,-,3,83038,41.2,工藤堅太郎,,,,進,生,,前,
41,1996,id02_03_02,岩手県２区,-,3,12081,6,佐藤謙一,,,,社,,,新,
41,1996,id02_03_02,岩手県２区,-,3,10533,5.2,久慈裕子,,,,共,,,新,
41,1996,id02_03_03,岩手県３区,当,1,103952,57.5,佐々木洋平,,,1,進,,,新,
41,1996,id02_03_03,岩手県３区,-,3,58881,32.6,志賀節,,,,自,河,志公会,前,
41,1996,id02_03_03,岩手県３区,-,3,17846,9.9,小野寺永子,,,,共,,,新,
41,1996,id02_03_04,岩手県４区,当,1,125619,64.7,小沢一郎,男,1942/5/24 0:00,10,進,生,,前,
41,1996,id02_03_04,岩手県４区,-,3,38482,19.8,沢藤礼次郎,,,,社,,,前,さきがけ
41,1996,id02_03_04,岩手県４区,-,3,20179,10.4,井形厚一,,,,自,,,新,
41,1996,id02_03_04,岩手県４区,-,3,9933,5.1,八重樫奈都子,,,,共,,,新,
41,1996,id02_04_01,宮城県１区,当,1,77817,40.8,愛知和男,男,1937/7/20 0:00,8,進,生,,前,
41,1996,id02_04_01,宮城県１区,-,3,56537,29.7,岡崎トミ子,,,,民,社,,前,
41,1996,id02_04_01,宮城県１区,-,3,28351,14.9,浅野公道,,,,自,進,,新,
41,1996,id02_04_01,宮城県１区,-,3,26346,13.8,遠藤いく子,,,,共,,,新,
41,1996,id02_04_01,宮城県１区,-,3,1535,0.8,岡本正哉,,,,無,,,新,
41,1996,id02_04_02,宮城県２区,当,1,68137,35.8,中野正志,男,1948/2/29 0:00,1,自,,,新,
41,1996,id02_04_02,宮城県２区,-,3,62533,32.9,千葉国男,,,,進,公,,前,
41,1996,id02_04_02,宮城県２区,-,3,27328,14.4,佐藤豊,男,1953/2/8 0:00,,民,日,,新,
41,1996,id02_04_02,宮城県２区,-,3,18157,9.5,五島平,男,1951/3/8 0:00,,共,,,新,
41,1996,id02_04_02,宮城県２区,-,3,12629,6.6,石川建治,,,,社,,,新,
41,1996,id02_04_02,宮城県２区,-,3,1490,0.8,五十嵐辰也,,,,合,,,新,
41,1996,id02_04_03,宮城県３区,当,1,81784,53.1,三塚博,,,9,自,三,清和会,前,
41,1996,id02_04_03,宮城県３区,-,3,53150,34.5,百足健一,,,,進,生,,新,
41,1996,id02_04_03,宮城県３区,-,3,18972,12.3,大友ひろみ,,,,共,,,新,
41,1996,id02_04_04,宮城県４区,当,1,75196,44.7,伊藤宗一郎,,,12,自,河,志公会,前,
41,1996,id02_04_04,宮城県４区,-,3,59436,35.3,仁田和広,,,,進,自,,新,
41,1996,id02_04_04,宮城県４区,-,3,18813,11.2,菅原国夫,,,,共,,,新,
41,1996,id02_04_04,宮城県４区,-,3,14887,8.8,佐藤芳博,,,,社,,,新,さきがけ
41,1996,id02_04_05,宮城県５区,当,1,54550,40.1,安住淳,男,1962/1/17 0:00,1,民,さ,,新,
41,1996,id02_04_05,宮城県５区,-,3,50139,36.8,土井喜美夫,,,,進,生,,新,
41,1996,id02_04_05,宮城県５区,-,3,16407,12.1,二見剛,,,,自,,,新,
41,1996,id02_04_05,宮城県５区,-,3,8122,6,須田吉隆,,,,社,,,新,
41,1996,id02_04_05,宮城県５区,-,3,6854,5,内藤隆司,男,1958/8/13 0:00,,共,,,新,
41,1996,id02_04_06,宮城県６区,当,1,70765,45,菊池福治郎,,,7,自,宮,宏池会,前,
41,1996,id02_04_06,宮城県６区,-,3,70114,44.6,大石正光,,,,進,自,,前,
41,1996,id02_04_06,宮城県６区,-,3,8171,5.2,芳賀芳昭,,,,共,,,新,
41,1996,id02_04_06,宮城県６区,-,3,7566,4.8,三上良喜,,,,民,社,,新,
41,1996,id02_04_06,宮城県６区,-,3,757,0.5,千葉佳男,,,,合,,,元,
41,1996,id02_05_01,秋田県１区,当,1,95194,45.5,佐藤敬夫,男,1935/6/4 0:00,4,進,み,,元,民主
41,1996,id02_05_01,秋田県１区,比当,2,84625,40.4,二田孝治,男,1938/5/4 0:00,,自,宮,宏池会,前,さきがけ
41,1996,id02_05_01,秋田県１区,-,3,29514,14.1,荻原和子,,,,共,,,新,
41,1996,id02_05_02,秋田県２区,当,1,86677,54.9,野呂田芳成,男,1929/10/25 0:00,5,自,小,平成研,前,
41,1996,id02_05_02,秋田県２区,比当,2,54131,34.3,畠山健治郎,,,,社,,,前,さきがけ
41,1996,id02_05_02,秋田県２区,-,3,11172,7.1,工藤良一,男,1954/4/22 0:00,,共,,,新,
41,1996,id02_05_02,秋田県２区,-,3,5774,3.7,三浦卓,,,,合,,,新,
41,1996,id02_05_03,秋田県３区,当,1,150956,57.9,村岡兼造,,,8,自,小,平成研,前,
41,1996,id02_05_03,秋田県３区,-,3,85390,32.7,寺田創,,,,進,,,新,
41,1996,id02_05_03,秋田県３区,-,3,24405,9.4,藤井利夫,,,,共,,,新,
41,1996,id02_06_01,山形県１区,当,1,81047,48.3,鹿野道彦,男,1942/1/24 0:00,8,進,み,,前,
41,1996,id02_06_01,山形県１区,比当,2,60748,36.2,遠藤利明,男,1950/1/17 0:00,,自,日,,前,
41,1996,id02_06_01,山形県１区,-,3,15002,8.9,山崎晋吾,,,,社,,,新,
41,1996,id02_06_01,山形県１区,-,3,10955,6.5,井上龍男,,,,共,,,新,
41,1996,id02_06_02,山形県２区,当,1,94211,50.9,遠藤武彦,男,1938/10/5 0:00,3,無,,,元,新進・民主・公明
41,1996,id02_06_02,山形県２区,-,3,74500,40.3,近藤鉄雄,,,,自,河,志公会,前,
41,1996,id02_06_02,山形県２区,-,3,8993,4.9,岩本康嗣,男,1965/2/28 0:00,,共,,,新,
41,1996,id02_06_02,山形県２区,-,3,7356,4,千葉常義,,,,会,,,新,
41,1996,id02_06_03,山形県３区,当,1,88389,58.1,近岡理一郎,,,6,自,小,平成研,前,
41,1996,id02_06_03,山形県３区,-,3,54640,35.9,斉藤昌助,,,,無,,,新,新進・民主・社民・さきがけ・公明
41,1996,id02_06_03,山形県３区,-,3,9162,6,遠藤宏司,,,,共,,,新,
41,1996,id02_06_04,山形県４区,当,1,112033,65.8,加藤紘一,男,1939/6/17 0:00,9,自,宮,宏池会,前,
41,1996,id02_06_04,山形県４区,-,3,38139,22.4,寒河江孝允,,,,進,日,,新,
41,1996,id02_06_04,山形県４区,-,3,20171,11.8,佐藤慎司,,,,共,,,新,
41,1996,id02_07_01,福島県１区,当,1,102950,40.4,佐藤剛男,男,1937/7/16 0:00,2,自,渡,志帥会,前,
41,1996,id02_07_01,福島県１区,-,3,93347,36.6,石原健太郎,,,,無,合,,元,新進・公明・自連
41,1996,id02_07_01,福島県１区,-,3,38196,15,佐藤恒晴,,,,社,,,元,さきがけ
41,1996,id02_07_01,福島県１区,-,3,20451,8,岡崎勝男,,,,共,,,新,
41,1996,id02_07_02,福島県２区,当,1,100102,49.3,根本匠,男,1951/3/7 0:00,2,自,宮,宏池会,前,
41,1996,id02_07_02,福島県２区,-,3,88661,43.6,増子輝彦,男,1947/10/8 0:00,,進,み,,前,
41,1996,id02_07_02,福島県２区,-,3,14412,7.1,飛田利光,,,,共,,,新,
41,1996,id02_07_03,福島県３区,当,1,91747,46.2,荒井広幸,,,2,自,三,清和会,前,
41,1996,id02_07_03,福島県３区,比当,2,88214,44.4,玄葉光一郎,男,1964/5/20 0:00,,民,さ,,前,
41,1996,id02_07_03,福島県３区,-,3,11031,5.6,鈴木正一,,,,共,,,新,
41,1996,id02_07_03,福島県３区,-,3,7688,3.9,鈴木尚之,,,,無,民,,新,
41,1996,id02_07_04,福島県４区,当,1,93960,48.7,渡部恒三,男,1932/5/24 0:00,10,進,生,,前,
41,1996,id02_07_04,福島県４区,-,3,87643,45.5,斎藤文昭,,,,自,宮,宏池会,前,
41,1996,id02_07_04,福島県４区,-,3,11226,5.8,原田俊広,男,1959/8/8 0:00,,共,,,新,
41,1996,id02_07_05,福島県５区,当,1,79027,38.2,坂本剛二,男,1944/11/2 0:00,3,進,み,,前,
41,1996,id02_07_05,福島県５区,-,3,78690,38.1,田中直紀,,,,自,宮,宏池会,前,
41,1996,id02_07_05,福島県５区,-,3,34082,16.5,鈴木久,男,1940/8/23 0:00,,民,社,,元,
41,1996,id02_07_05,福島県５区,-,3,14862,7.2,佐藤敏彦,,,,共,,,新,
41,1996,id03_08_01,茨城県１区,当,1,114796,52.7,赤城徳彦,男,1959/4/18 0:00,3,自,河,志公会,前,
41,1996,id03_08_01,茨城県１区,-,3,63069,29,塚田延充,,,,進,民,,前,
41,1996,id03_08_01,茨城県１区,-,3,24730,11.4,時崎雄司,,,,民,社,,元,
41,1996,id03_08_01,茨城県１区,-,3,15185,7,関戸秀子,,,,共,,,新,
41,1996,id03_08_02,茨城県２区,当,1,109139,61.9,額賀福志郎,男,1944/1/11 0:00,5,自,小,平成研,前,
41,1996,id03_08_02,茨城県２区,-,3,54138,30.7,常井美治,,,,進,,,新,
41,1996,id03_08_02,茨城県２区,-,3,13039,7.4,横倉達士,,,,共,,,新,
41,1996,id03_08_03,茨城県３区,当,1,89822,50,中山利生,,,8,自,小,平成研,前,
41,1996,id03_08_03,茨城県３区,-,3,59080,32.9,永岡洋治,,,,進,,,新,
41,1996,id03_08_03,茨城県３区,-,3,26815,14.9,上野高志,男,1964/9/24 0:00,,共,,,新,
41,1996,id03_08_03,茨城県３区,-,3,4090,2.3,阿部昭,,,,合,,,新,
41,1996,id03_08_04,茨城県４区,当,1,112977,68.3,梶山静六,,,9,自,小,平成研,前,
41,1996,id03_08_04,茨城県４区,-,3,38028,23,斎藤全一郎,,,,進,日,,新,
41,1996,id03_08_04,茨城県４区,-,3,14325,8.7,根本道直,,,,共,,,新,
41,1996,id03_08_05,茨城県５区,当,1,69369,51.5,塚原俊平,,,8,自,三,清和会,前,
41,1996,id03_08_05,茨城県５区,比当,2,53497,39.8,大畠章宏,男,1947/10/5 0:00,,民,社,,前,
41,1996,id03_08_05,茨城県５区,-,3,9698,7.2,藤田邦良,男,1951/2/3 0:00,,共,,,新,
41,1996,id03_08_05,茨城県５区,-,3,2007,1.5,高木豊,,,,無,,,新,
41,1996,id03_08_06,茨城県６区,当,1,110495,56.9,丹羽雄哉,男,1944/4/20 0:00,7,自,宮,宏池会,前,
41,1996,id03_08_06,茨城県６区,-,3,39372,20.3,小林邦男,,,,進,,,新,
41,1996,id03_08_06,茨城県６区,-,3,20035,10.3,小松豊正,,,,共,,,新,
41,1996,id03_08_06,茨城県６区,-,3,15410,7.9,中原恵人,,,,さ,,,新,
41,1996,id03_08_06,茨城県６区,-,3,7369,3.8,柳沢雅美,,,,会,,,新,
41,1996,id03_08_06,茨城県６区,-,3,1516,0.8,叶屋博基,,,,合,,,新,
41,1996,id03_08_07,茨城県７区,当,1,100175,53.6,中村喜四郎,男,1949/4/10 0:00,8,無,自,,前,
41,1996,id03_08_07,茨城県７区,-,3,72208,38.7,田中勝也,,,,進,生,,新,
41,1996,id03_08_07,茨城県７区,-,3,12032,6.4,小島修,,,,共,,,新,
41,1996,id03_08_07,茨城県７区,-,3,2348,1.3,前川紀昭,,,,合,,,新,
41,1996,id03_09_01,栃木県１区,当,1,127503,63.4,船田元,男,1953/11/22 0:00,7,無,進,,前,
41,1996,id03_09_01,栃木県１区,-,3,57240,28.4,簗瀬進,,,,民,さ,,前,新進（支持）
41,1996,id03_09_01,栃木県１区,-,3,12154,6,滝友二,,,,共,,,新,
41,1996,id03_09_01,栃木県１区,-,3,4345,2.2,西弘次,,,,合,,,新,
41,1996,id03_09_02,栃木県２区,当,1,73393,52.6,西川公也,男,1942/12/26 0:00,1,自,,,新,
41,1996,id03_09_02,栃木県２区,比当,2,55439,39.7,小林守,,,,民,社,,前,
41,1996,id03_09_02,栃木県２区,-,3,8846,6.3,小林年治,,,,共,,,新,
41,1996,id03_09_02,栃木県２区,-,3,1960,1.4,高橋功,,,,合,,,新,
41,1996,id03_09_03,栃木県３区,当,1,90082,83.4,渡辺喜美,男,1952/3/17 0:00,1,自,,,新,
41,1996,id03_09_03,栃木県３区,-,3,17990,16.6,槙昌三,男,1943/9/13 0:00,,共,,,新,
41,1996,id03_09_04,栃木県４区,当,1,117851,53.3,佐藤勉,男,1952/6/20 0:00,1,自,,,新,
41,1996,id03_09_04,栃木県４区,-,3,83383,37.7,山岡賢次,男,1943/4/25 0:00,,進,生,,前,
41,1996,id03_09_04,栃木県４区,-,3,14899,6.7,青木弘,男,1961/1/15 0:00,,共,,,新,
41,1996,id03_09_04,栃木県４区,-,3,4848,2.2,入野正明,,,,無,,,新,
41,1996,id03_09_05,栃木県５区,当,1,77659,47.5,茂木敏充,男,1955/10/7 0:00,2,自,日,,前,さきがけ
41,1996,id03_09_05,栃木県５区,-,3,70067,42.8,進藤初洋,,,,進,生,,新,
41,1996,id03_09_05,栃木県５区,-,3,12435,7.6,藤掛久夫,,,,共,,,新,
41,1996,id03_09_05,栃木県５区,-,3,3418,2.1,井上和子,,,,合,,,新,
41,1996,id03_10_01,群馬県１区,当,1,110103,49.9,尾身幸次,男,1932/12/14 0:00,5,自,三,清和会,前,
41,1996,id03_10_01,群馬県１区,-,3,58025,26.3,熊川次男,,,,進,自,,元,
41,1996,id03_10_01,群馬県１区,-,3,31358,14.2,高橋仁,男,1964/11/24 0:00,,民,,,新,
41,1996,id03_10_01,群馬県１区,-,3,21193,9.6,長谷川薫,,,,共,,,新,
41,1996,id03_10_02,群馬県２区,当,1,81026,47.1,笹川尭,男,1935/10/5 0:00,4,進,自,,前,
41,1996,id03_10_02,群馬県２区,-,3,59230,34.5,森田修,,,,自,,,新,
41,1996,id03_10_02,群馬県２区,-,3,20183,11.7,小菅啓司,男,1950/12/8 0:00,,共,,,新,
41,1996,id03_10_02,群馬県２区,-,3,11484,6.7,最上進,,,,合,自,,新,
41,1996,id03_10_03,群馬県３区,当,1,85562,51.5,谷津義男,男,1934/7/23 0:00,4,自,三,清和会,前,
41,1996,id03_10_03,群馬県３区,-,3,41452,24.9,笹川博義,男,1966/8/29 0:00,,進,自,,新,
41,1996,id03_10_03,群馬県３区,-,3,28901,17.4,長沼広,,,,民,社,,新,
41,1996,id03_10_03,群馬県３区,-,3,10262,6.2,渋沢哲男,男,1959/6/18 0:00,,共,,,新,
41,1996,id03_10_04,群馬県４区,当,1,73674,46,福田康夫,男,1936/7/16 0:00,3,自,三,清和会,前,
41,1996,id03_10_04,群馬県４区,-,3,45134,28.2,駒井実,男,1941/6/23 0:00,,進,生,,新,
41,1996,id03_10_04,群馬県４区,-,3,24977,15.6,中島政希,男,1953/8/13 0:00,,民,さ,,新,社民
41,1996,id03_10_04,群馬県４区,-,3,16425,10.3,飯塚俊彦,,,,共,,,新,
41,1996,id03_10_05,群馬県５区,当,1,127052,70.7,小渕恵三,,,12,自,小,平成研,前,
41,1996,id03_10_05,群馬県５区,-,3,33218,18.5,柴山美雪,,,,民,社,,新,社民
41,1996,id03_10_05,群馬県５区,-,3,19438,10.8,住谷輝彦,,,,共,,,新,
41,1996,id03_11_01,埼玉県１区,当,1,85109,39,松永光,,,10,自,渡,志帥会,前,
41,1996,id03_11_01,埼玉県１区,-,3,79930,36.6,浜田卓二郎,,,,進,生,,元,
41,1996,id03_11_01,埼玉県１区,-,3,46243,21.2,富樫練三,,,,共,,,新,
41,1996,id03_11_01,埼玉県１区,-,3,7177,3.3,中郡聡,,,,合,,,新,
41,1996,id03_11_02,埼玉県２区,当,1,76252,36.6,石田勝之,男,1955/1/30 0:00,2,進,さ,,前,
41,1996,id03_11_02,埼玉県２区,比当,2,75642,36.3,新藤義孝,男,1958/1/20 0:00,,自,,,新,
41,1996,id03_11_02,埼玉県２区,-,3,35719,17.1,石井多計志,,,,共,,,新,
41,1996,id03_11_02,埼玉県２区,-,3,17329,8.3,前原博孝,,,,民,さ,,新,
41,1996,id03_11_02,埼玉県２区,-,3,2466,1.2,田村正敏,,,,合,,,新,
41,1996,id03_11_02,埼玉県２区,-,3,896,0.4,酒井強,,,,無,,,新,
41,1996,id03_11_03,埼玉県３区,当,1,63841,31.4,今井宏,男,1941/7/15 0:00,2,進,日,,前,
41,1996,id03_11_03,埼玉県３区,-,3,54703,26.9,野口卓爾,,,,自,,,新,
41,1996,id03_11_03,埼玉県３区,比当,2,45400,22.3,細川律夫,男,1943/8/8 0:00,,民,社,,前,
41,1996,id03_11_03,埼玉県３区,-,3,25792,12.7,熊木仁,,,,共,,,新,
41,1996,id03_11_03,埼玉県３区,-,3,13524,6.7,井上豊治,,,,無,社,,新,
41,1996,id03_11_04,埼玉県４区,当,1,72420,39.3,上田清司,,,2,進,生,,前,
41,1996,id03_11_04,埼玉県４区,-,3,46869,25.4,早川忠孝,男,1945/9/4 0:00,,自,,,新,
41,1996,id03_11_04,埼玉県４区,-,3,33670,18.2,綾部澄子,女,1959/1/26 0:00,,共,,,新,
41,1996,id03_11_04,埼玉県４区,-,3,28401,15.4,石塚聡,,,,民,社,,新,
41,1996,id03_11_04,埼玉県４区,-,3,3140,1.7,早川竜介,,,,合,,,新,
41,1996,id03_11_05,埼玉県５区,当,1,63120,30.9,福永信彦,,,3,自,宮,宏池会,前,
41,1996,id03_11_05,埼玉県５区,-,3,54032,26.4,金子善次郎,男,1943/9/24 0:00,,進,,,新,
41,1996,id03_11_05,埼玉県５区,比当,2,51425,25.2,枝野幸男,男,1964/5/31 0:00,,民,さ,,前,さきがけ
41,1996,id03_11_05,埼玉県５区,-,3,33643,16.5,藤原幸朗,,,,共,,,新,
41,1996,id03_11_05,埼玉県５区,-,3,2127,1,阿部政幸,,,,合,,,新,
41,1996,id03_11_06,埼玉県６区,当,1,71944,36.9,若松謙維,男,1955/8/5 0:00,2,進,公,,前,
41,1996,id03_11_06,埼玉県６区,-,3,63505,32.6,茶谷滋,,,,自,,,新,
41,1996,id03_11_06,埼玉県６区,-,3,39480,20.2,高村雅子,,,,共,,,新,
41,1996,id03_11_06,埼玉県６区,比当,2,17909,9.2,深田肇,,,,社,,,新,さきがけ
41,1996,id03_11_06,埼玉県６区,-,3,2201,1.1,石川八郎,,,,合,,,新,
41,1996,id03_11_07,埼玉県７区,当,1,74905,39,中野清,男,1936/1/1 0:00,1,進,生,,新,
41,1996,id03_11_07,埼玉県７区,-,3,44767,23.3,小宮山徹,,,,自,,,新,
41,1996,id03_11_07,埼玉県７区,比当,2,40245,20.9,矢島恒夫,,,,共,,,前,
41,1996,id03_11_07,埼玉県７区,-,3,22751,11.8,伊藤雄一郎,,,,民,,,新,
41,1996,id03_11_07,埼玉県７区,-,3,8452,4.4,佐藤時弘,,,,社,,,新,
41,1996,id03_11_07,埼玉県７区,-,3,1088,0.6,根岸進,,,,合,,,新,
41,1996,id03_11_08,埼玉県８区,当,1,50712,31.2,並木正芳,男,1949/5/19 0:00,1,進,自,,新,
41,1996,id03_11_08,埼玉県８区,-,3,47784,29.4,新井正則,,,,自,,,新,
41,1996,id03_11_08,埼玉県８区,-,3,30047,18.5,当麻好子,,,,民,社,,新,
41,1996,id03_11_08,埼玉県８区,-,3,28327,17.4,石田道男,,,,共,,,新,
41,1996,id03_11_08,埼玉県８区,-,3,5619,3.5,原武夫,,,,合,,,新,
41,1996,id03_11_09,埼玉県９区,当,1,77998,37.8,大野松茂,男,1936/1/15 0:00,1,自,,,新,
41,1996,id03_11_09,埼玉県９区,-,3,46471,22.5,五十嵐ふみひこ,,,,民,さ,,前,
41,1996,id03_11_09,埼玉県９区,-,3,43273,21,松本泰高,男,1947/4/13 0:00,,進,,,新,
41,1996,id03_11_09,埼玉県９区,-,3,29601,14.4,塩川鉄也,男,1961/12/18 0:00,,共,,,新,
41,1996,id03_11_09,埼玉県９区,-,3,8922,4.3,石井健祐,,,,合,,,新,
41,1996,id03_11_10,埼玉県１０区,当,1,74839,46.4,山口泰明,男,1948/11/10 0:00,1,自,,,新,
41,1996,id03_11_10,埼玉県１０区,-,3,43644,27,松崎哲久,男,1950/4/14 0:00,,民,日,,新,
41,1996,id03_11_10,埼玉県１０区,-,3,28999,18,武藤晴子,,,,共,,,新,
41,1996,id03_11_10,埼玉県１０区,-,3,10593,6.6,山口佳子,,,,無,,,新,
41,1996,id03_11_10,埼玉県１０区,-,3,3355,2.1,和田敏,,,,合,,,新,
41,1996,id03_11_11,埼玉県１１区,当,1,78705,39.1,加藤卓二,,,5,自,三,清和会,前,
41,1996,id03_11_11,埼玉県１１区,-,3,51775,25.7,田並胤明,,,,無,社,,元,新進・民主・公明・自連
41,1996,id03_11_11,埼玉県１１区,-,3,37444,18.6,小泉龍司,男,1952/9/17 0:00,,無,,,新,
41,1996,id03_11_11,埼玉県１１区,-,3,18336,9.1,平沢義郎,,,,共,,,新,
41,1996,id03_11_11,埼玉県１１区,-,3,10044,5,加藤裕康,,,,無,,,新,
41,1996,id03_11_11,埼玉県１１区,-,3,4769,2.4,新井勝,,,,会,社,,新,
41,1996,id03_11_12,埼玉県１２区,当,1,76105,40.4,増田敏男,,,3,進,生,,前,
41,1996,id03_11_12,埼玉県１２区,-,3,72827,38.6,小島敏男,男,1939/11/11 0:00,,自,,,新,
41,1996,id03_11_12,埼玉県１２区,-,3,20241,10.7,丸井八千代,,,,共,,,新,
41,1996,id03_11_12,埼玉県１２区,-,3,19369,10.3,門田俊夫,,,,合,,,新,
41,1996,id03_11_13,埼玉県１３区,当,1,112112,58.6,土屋品子,女,1952/2/9 0:00,1,無,,,新,
41,1996,id03_11_13,埼玉県１３区,-,3,50295,26.3,瀬戸井誠,,,,共,,,新,
41,1996,id03_11_13,埼玉県１３区,-,3,16303,8.5,山口節生,男,1949/9/26 0:00,,無,,,新,
41,1996,id03_11_13,埼玉県１３区,-,3,12636,6.6,宮川敏明,,,,合,,,新,
41,1996,id03_11_14,埼玉県１４区,当,1,77260,39.9,三ツ林弥太郎,,,10,自,三,清和会,前,
41,1996,id03_11_14,埼玉県１４区,-,3,76121,39.3,山田英介,,,,進,公,,前,
41,1996,id03_11_14,埼玉県１４区,-,3,34718,17.9,山田弘吉,,,,共,,,新,
41,1996,id03_11_14,埼玉県１４区,-,3,5689,2.9,鳥海裕,,,,合,,,新,
41,1996,id04_14_01,神奈川県１区,当,1,55360,26.4,松本純,男,1950/4/11 0:00,1,自,,,新,
41,1996,id04_14_01,神奈川県１区,比当,2,54494,26,佐藤謙一郎,男,1947/3/8 0:00,,民,さ,,前,
41,1996,id04_14_01,神奈川県１区,-,3,50684,24.2,岡部正久,,,,進,,,新,
41,1996,id04_14_01,神奈川県１区,-,3,26686,12.7,田村キミ子,,,,共,,,新,
41,1996,id04_14_01,神奈川県１区,-,3,22236,10.6,林由美子,,,,社,,,新,
41,1996,id04_14_02,神奈川県２区,当,1,70459,32.2,菅義偉,男,1948/12/6 0:00,1,自,,,新,
41,1996,id04_14_02,神奈川県２区,-,3,65905,30.2,上田晃弘,,,,進,公,,前,
41,1996,id04_14_02,神奈川県２区,-,3,44184,20.2,大出彰,男,1950/11/19 0:00,,民,社,,新,
41,1996,id04_14_02,神奈川県２区,-,3,30550,14,三輪智恵美,女,1953/12/23 0:00,,共,,,新,
41,1996,id04_14_02,神奈川県２区,-,3,5855,2.7,松永靖彦,,,,会,社,,新,
41,1996,id04_14_02,神奈川県２区,-,3,1555,0.7,叶屋友基,,,,合,,,新,
41,1996,id04_14_03,神奈川県３区,当,1,60360,31.3,西川知雄,,,1,進,,,新,
41,1996,id04_14_03,神奈川県３区,比当,2,56700,29.4,小此木八郎,男,1965/6/22 0:00,,自,渡,志帥会,前,
41,1996,id04_14_03,神奈川県３区,-,3,41750,21.7,加藤尚彦,男,1937/3/31 0:00,,民,さ,,新,さきがけ
41,1996,id04_14_03,神奈川県３区,-,3,27258,14.1,倉崎武二,,,,共,,,新,
41,1996,id04_14_03,神奈川県３区,-,3,5426,2.8,秋田信弘,,,,会,社,,新,
41,1996,id04_14_03,神奈川県３区,-,3,1291,0.7,沢口秀真,,,,合,,,新,
41,1996,id04_14_04,神奈川県４区,当,1,46389,25.1,飯島忠義,,,1,自,,,新,
41,1996,id04_14_04,神奈川県４区,-,3,38725,20.9,浅尾慶一郎,男,1964/2/11 0:00,,進,,,新,
41,1996,id04_14_04,神奈川県４区,-,3,29967,16.2,中島章夫,,,,民,さ,,前,さきがけ
41,1996,id04_14_04,神奈川県４区,-,3,28656,15.5,長島一由,男,1967/1/18 0:00,,無,,,新,
41,1996,id04_14_04,神奈川県４区,-,3,21681,11.7,宇都宮寧子,,,,共,,,新,
41,1996,id04_14_04,神奈川県４区,-,3,19464,10.5,高野良裕,男,1948/1/23 0:00,,合,,,新,
41,1996,id04_14_05,神奈川県５区,当,1,81289,35.9,田中慶秋,男,1938/3/6 0:00,3,進,民,,元,
41,1996,id04_14_05,神奈川県５区,-,3,58732,25.9,鈴木一誠,,,,自,,,新,
41,1996,id04_14_05,神奈川県５区,-,3,49369,21.8,浅利治,,,,民,,,新,自連
41,1996,id04_14_05,神奈川県５区,比当,2,37263,16.4,大森猛,男,1944/9/18 0:00,,共,,,新,
41,1996,id04_14_06,神奈川県６区,当,1,60290,31,池田元久,男,1940/12/20 0:00,2,民,社,,元,
41,1996,id04_14_06,神奈川県６区,-,3,55182,28.4,土田龍司,男,1952/5/2 0:00,,進,生,,前,
41,1996,id04_14_06,神奈川県６区,-,3,50411,25.9,山東昭子,,,,自,,,新,
41,1996,id04_14_06,神奈川県６区,-,3,26316,13.5,堀野祐吉,,,,共,,,新,
41,1996,id04_14_06,神奈川県６区,-,3,2410,1.2,大川敏彦,,,,合,,,新,
41,1996,id04_14_07,神奈川県７区,当,1,75599,33.8,鈴木恒夫,男,1941/2/10 0:00,3,自,,,元,
41,1996,id04_14_07,神奈川県７区,-,3,54275,24.3,鈴木照通,,,,進,,,新,
41,1996,id04_14_07,神奈川県７区,-,3,50365,22.5,首藤信彦,男,1945/4/5 0:00,,民,,,新,
41,1996,id04_14_07,神奈川県７区,-,3,28811,12.9,高橋和十,,,,共,,,新,
41,1996,id04_14_07,神奈川県７区,-,3,12258,5.5,計屋圭宏,男,1945/1/15 0:00,,無,,,新,
41,1996,id04_14_07,神奈川県７区,-,3,2120,0.9,宮川喬,,,,合,,,新,
41,1996,id04_14_08,神奈川県８区,当,1,66313,35.9,中田宏,男,1964/9/20 0:00,2,進,日,,前,
41,1996,id04_14_08,神奈川県８区,-,3,39862,21.6,松崎正策,,,,自,,,新,
41,1996,id04_14_08,神奈川県８区,-,3,34130,18.5,清水雅子,,,,民,,,新,
41,1996,id04_14_08,神奈川県８区,比当,2,22806,12.4,伊藤茂,,,,社,,,前,
41,1996,id04_14_08,神奈川県８区,-,3,19703,10.7,宇野スマ子,,,,共,,,新,
41,1996,id04_14_08,神奈川県８区,-,3,1770,1,佐々木健二,,,,合,,,新,
41,1996,id04_14_09,神奈川県９区,当,1,72147,35.1,松沢成文,,,2,進,生,,前,
41,1996,id04_14_09,神奈川県９区,-,3,50423,24.5,小川栄一,,,,自,,,新,
41,1996,id04_14_09,神奈川県９区,-,3,46782,22.7,小西正典,,,,民,社,,新,
41,1996,id04_14_09,神奈川県９区,-,3,33596,16.3,藤井一夫,,,,共,,,新,
41,1996,id04_14_09,神奈川県９区,-,3,2788,1.4,高木規,,,,合,,,新,
41,1996,id04_14_10,神奈川県１０区,当,1,70276,31.2,永井英慈,,,2,進,日,,前,
41,1996,id04_14_10,神奈川県１０区,比当,2,68892,30.6,田中和徳,男,1949/1/21 0:00,,自,,,新,
41,1996,id04_14_10,神奈川県１０区,比当,2,48488,21.5,中路雅弘,,,,共,,,元,
41,1996,id04_14_10,神奈川県１０区,-,3,35101,15.6,柴田久史,,,,民,,,新,
41,1996,id04_14_10,神奈川県１０区,-,3,2406,1.1,岩城伸明,,,,合,,,新,
41,1996,id04_14_11,神奈川県１１区,当,1,118955,58.2,小泉純一郎,男,1942/1/8 0:00,9,自,三,清和会,前,
41,1996,id04_14_11,神奈川県１１区,-,3,53523,26.2,宮地忠継,,,,進,,,新,
41,1996,id04_14_11,神奈川県１１区,-,3,27518,13.5,吉田光孝,,,,共,,,新,
41,1996,id04_14_11,神奈川県１１区,-,3,4552,2.2,秦誠一,,,,合,,,新,
41,1996,id04_14_12,神奈川県１２区,当,1,51360,30.7,桜井郁三,男,1944/4/10 0:00,1,自,,,新,
41,1996,id04_14_12,神奈川県１２区,-,3,50511,30.1,江崎洋一郎,男,1958/4/20 0:00,,進,,,新,
41,1996,id04_14_12,神奈川県１２区,-,3,40523,24.2,原田尚武,,,,民,,,新,
41,1996,id04_14_12,神奈川県１２区,-,3,25143,15,桑原正一,,,,共,,,新,
41,1996,id04_14_13,神奈川県１３区,当,1,73773,34,冨沢篤紘,,,1,進,自,,新,
41,1996,id04_14_13,神奈川県１３区,比当,2,72022,33.2,甘利明,男,1949/8/27 0:00,,自,渡,志帥会,前,
41,1996,id04_14_13,神奈川県１３区,-,3,32928,15.2,小山順子,,,,民,,,新,
41,1996,id04_14_13,神奈川県１３区,-,3,24895,11.5,上田博之,,,,共,,,新,
41,1996,id04_14_13,神奈川県１３区,-,3,8413,3.9,平岡幸雄,,,,会,社,,新,
41,1996,id04_14_13,神奈川県１３区,-,3,4775,2.2,清水正法,,,,合,,,新,
41,1996,id04_14_14,神奈川県１４区,当,1,83010,36.9,藤井裕久,男,1932/6/24 0:00,3,進,生,,前,
41,1996,id04_14_14,神奈川県１４区,-,3,52567,23.4,中本太衛,男,1965/7/26 0:00,,自,,,新,
41,1996,id04_14_14,神奈川県１４区,-,3,51597,22.9,鈴木毅,,,,民,社,,新,
41,1996,id04_14_14,神奈川県１４区,-,3,33722,15,志賀紳,,,,共,,,新,
41,1996,id04_14_14,神奈川県１４区,-,3,4038,1.8,小池康修,,,,合,,,新,
41,1996,id04_14_15,神奈川県１５区,当,1,84723,36.4,河野太郎,男,1963/1/10 0:00,1,自,,,新,
41,1996,id04_14_15,神奈川県１５区,-,3,71426,30.7,池田東一郎,男,1961/7/31 0:00,,進,,,新,
41,1996,id04_14_15,神奈川県１５区,-,3,47506,20.4,富塚三夫,,,,民,社,,元,
41,1996,id04_14_15,神奈川県１５区,-,3,28820,12.4,山本一雄,,,,共,,,新,
41,1996,id04_14_16,神奈川県１６区,当,1,88325,51.1,亀井善之,男,1936/4/30 0:00,6,自,渡,志帥会,前,
41,1996,id04_14_16,神奈川県１６区,-,3,36295,21,寺地秀己,,,,進,生,,新,
41,1996,id04_14_16,神奈川県１６区,-,3,26799,15.5,小泉晨一,,,,合,日,,前,民主
41,1996,id04_14_16,神奈川県１６区,-,3,21264,12.3,青井功,,,,共,,,新,
41,1996,id04_14_17,神奈川県１７区,当,1,105282,44.7,河野洋平,男,1937/1/15 0:00,11,自,宮,宏池会,前,
41,1996,id04_14_17,神奈川県１７区,-,3,59005,25.1,露木順一,男,1955/11/6 0:00,,無,,,新,民主
41,1996,id04_14_17,神奈川県１７区,-,3,49419,21,斎藤尚之,,,,進,,,新,
41,1996,id04_14_17,神奈川県１７区,-,3,21572,9.2,小沢睦夫,,,,共,,,新,
41,1996,id04_12_01,千葉県１区,当,1,77679,42.7,臼井日出男,男,1939/1/3 0:00,6,自,河,志公会,前,
41,1996,id04_12_01,千葉県１区,-,3,40094,22,村井実,,,,進,,,新,
41,1996,id04_12_01,千葉県１区,-,3,31226,17.2,木田直子,,,,民,,,新,
41,1996,id04_12_01,千葉県１区,-,3,25612,14.1,野村裕,,,,共,,,新,
41,1996,id04_12_01,千葉県１区,-,3,5206,2.9,半沢勝男,,,,会,社,,新,
41,1996,id04_12_01,千葉県１区,-,3,2059,1.1,村田英保,,,,合,,,新,
41,1996,id04_12_02,千葉県２区,当,1,75939,37.1,江口一雄,,,3,自,,,元,
41,1996,id04_12_02,千葉県２区,-,3,60401,29.5,仲村和平,,,,進,,,新,
41,1996,id04_12_02,千葉県２区,-,3,34172,16.7,森島丈裕,,,,民,市,,新,
41,1996,id04_12_02,千葉県２区,-,3,31862,15.6,天木繁男,,,,共,,,新,
41,1996,id04_12_02,千葉県２区,-,3,2320,1.1,川元辰義,,,,合,,,新,
41,1996,id04_12_03,千葉県３区,当,1,84846,39.9,岡島正之,,,4,進,生,,前,
41,1996,id04_12_03,千葉県３区,-,3,73254,34.5,松野博一,男,1962/9/13 0:00,,自,,,新,
41,1996,id04_12_03,千葉県３区,-,3,30691,14.4,千葉通子,,,,共,,,新,
41,1996,id04_12_03,千葉県３区,-,3,22068,10.4,竹内圭司,,,,民,さ,,新,
41,1996,id04_12_03,千葉県３区,-,3,1765,0.8,東三元,,,,合,,,新,
41,1996,id04_12_04,千葉県４区,当,1,73792,32,田中昭一,,,1,自,,,新,
41,1996,id04_12_04,千葉県４区,-,3,73687,31.9,野田佳彦,男,1957/5/20 0:00,,進,日,,前,
41,1996,id04_12_04,千葉県４区,-,3,45924,19.9,小島孝之,,,,民,民,,新,自連
41,1996,id04_12_04,千葉県４区,-,3,37300,16.2,丸山慎一,,,,共,,,新,
41,1996,id04_12_05,千葉県５区,当,1,67032,32.2,田中甲,男,1957/1/8 0:00,2,民,さ,,前,
41,1996,id04_12_05,千葉県５区,-,3,62951,30.3,狩野勝,,,,自,三,清和会,前,
41,1996,id04_12_05,千葉県５区,-,3,43682,21,中津川博郷,男,1949/4/12 0:00,,進,生,,新,
41,1996,id04_12_05,千葉県５区,-,3,25586,12.3,小沢剛,,,,共,,,新,
41,1996,id04_12_05,千葉県５区,-,3,7319,3.5,豊田勝彦,,,,会,社,,新,
41,1996,id04_12_05,千葉県５区,-,3,1311,0.6,本橋千明,,,,合,,,新,
41,1996,id04_12_06,千葉県６区,当,1,60801,39.2,渡辺博道,男,1950/8/3 0:00,1,自,,,新,
41,1996,id04_12_06,千葉県６区,比当,2,55272,35.7,生方幸夫,男,1947/10/31 0:00,,民,さ,,新,さきがけ
41,1996,id04_12_06,千葉県６区,-,3,31588,20.4,中嶋誠,,,,共,,,新,
41,1996,id04_12_06,千葉県６区,-,3,7352,4.7,阿部スミコ,,,,合,,,新,
41,1996,id04_12_07,千葉県７区,当,1,71306,36.4,松本和那,,,1,自,,,新,
41,1996,id04_12_07,千葉県７区,-,3,53484,27.3,宮本悦朗,,,,進,,,新,
41,1996,id04_12_07,千葉県７区,-,3,41980,21.4,湯浅和子,,,,民,社,,新,
41,1996,id04_12_07,千葉県７区,-,3,26242,13.4,若王子博夫,,,,共,,,新,
41,1996,id04_12_07,千葉県７区,-,3,2968,1.5,今泉理,,,,合,,,新,
41,1996,id04_12_08,千葉県８区,当,1,69539,34,桜田義孝,男,1949/12/20 0:00,1,自,,,新,
41,1996,id04_12_08,千葉県８区,-,3,62740,30.7,長浜博行,男,1958/10/20 0:00,,進,日,,前,
41,1996,id04_12_08,千葉県８区,-,3,40103,19.6,早川幸彦,,,,民,社,,新,
41,1996,id04_12_08,千葉県８区,-,3,29884,14.6,加藤英雄,男,1953/4/12 0:00,,共,,,新,
41,1996,id04_12_08,千葉県８区,-,3,2284,1.1,松本英征,,,,合,,,新,
41,1996,id04_12_09,千葉県９区,当,1,79539,36.3,実川幸夫,男,1943/10/14 0:00,2,進,生,,前,
41,1996,id04_12_09,千葉県９区,-,3,75667,34.5,水野賢一,男,1966/7/21 0:00,,自,,,新,
41,1996,id04_12_09,千葉県９区,-,3,35211,16.1,多田育民,,,,民,さ,,新,
41,1996,id04_12_09,千葉県９区,-,3,28937,13.2,関和夫,,,,共,,,新,
41,1996,id04_12_10,千葉県１０区,当,1,114010,63.9,林幹雄,男,1947/1/3 0:00,2,自,渡,志帥会,前,
41,1996,id04_12_10,千葉県１０区,-,3,44408,24.9,須藤浩,男,1957/7/6 0:00,,進,日,,前,
41,1996,id04_12_10,千葉県１０区,-,3,17234,9.7,一河普,,,,共,,,新,
41,1996,id04_12_10,千葉県１０区,-,3,2854,1.6,川村康之,,,,合,,,新,
41,1996,id04_12_11,千葉県１１区,当,1,116195,61.6,森英介,男,1948/8/31 0:00,3,自,宮,宏池会,前,
41,1996,id04_12_11,千葉県１１区,-,3,45894,24.3,初谷幸一,,,,進,,,新,
41,1996,id04_12_11,千葉県１１区,-,3,21954,11.6,飯村毬子,,,,共,,,新,
41,1996,id04_12_11,千葉県１１区,-,3,4600,2.4,原直子,,,,合,,,新,
41,1996,id04_12_12,千葉県１２区,当,1,102570,54,浜田靖一,男,1955/10/21 0:00,2,自,渡,志帥会,前,
41,1996,id04_12_12,千葉県１２区,-,3,61083,32.2,森田恵,,,,民,,,新,
41,1996,id04_12_12,千葉県１２区,-,3,26149,13.8,川上謹一,,,,共,,,新,
41,1996,id04_19_01,山梨県１区,当,1,52111,38.9,中尾栄一,,,10,自,渡,志帥会,前,
41,1996,id04_19_01,山梨県１区,-,3,45288,33.8,輿石東,,,,民,社,,前,
41,1996,id04_19_01,山梨県１区,-,3,25265,18.9,後藤斎,男,1957/7/22 0:00,,進,,,新,
41,1996,id04_19_01,山梨県１区,-,3,10610,7.9,小越進,,,,共,,,新,
41,1996,id04_19_01,山梨県１区,-,3,753,0.6,市川重元,,,,合,,,新,
41,1996,id04_19_02,山梨県２区,当,1,90567,65.7,堀内光雄,男,1930/1/1 0:00,7,自,宮,宏池会,前,
41,1996,id04_19_02,山梨県２区,-,3,31825,23.1,杉本公文,,,,進,,,新,民主
41,1996,id04_19_02,山梨県２区,-,3,15553,11.3,秋山晃一,男,1953/5/9 0:00,,共,,,新,
41,1996,id04_19_03,山梨県３区,当,1,87683,69.2,横内正明,,,2,自,,,前,
41,1996,id04_19_03,山梨県３区,-,3,31737,25.1,長谷仁美,,,,共,,,新,
41,1996,id04_19_03,山梨県３区,-,3,7250,5.7,松崎泰夫,,,,合,,,新,
41,1996,id05_13_01,東京都１区,当,1,82098,39.2,与謝野馨,男,1938/8/22 0:00,7,自,渡,志帥会,前,
41,1996,id05_13_01,東京都１区,比当,2,63661,30.4,海江田万里,男,1949/2/26 0:00,,民,市,,前,
41,1996,id05_13_01,東京都１区,-,3,36308,17.3,大塚淳子,,,,共,,,新,
41,1996,id05_13_01,東京都１区,-,3,27424,13.1,柴野たいぞう,,,,進,生,,前,
41,1996,id05_13_02,東京都２区,当,1,88183,44.7,鳩山邦夫,男,1948/9/13 0:00,7,民,進,,前,
41,1996,id05_13_02,東京都２区,比当,2,68503,34.7,深谷隆司,男,1935/9/29 0:00,,自,渡,志帥会,前,
41,1996,id05_13_02,東京都２区,-,3,40461,20.5,中島束,男,1944/1/20 0:00,,共,,,新,
41,1996,id05_13_03,東京都３区,当,1,73055,32.2,栗本慎一郎,,,2,自,合,,前,自連
41,1996,id05_13_03,東京都３区,-,3,67653,29.8,松原仁,男,1956/7/31 0:00,,進,生,,新,
41,1996,id05_13_03,東京都３区,-,3,43263,19.1,若月秀人,,,,共,,,新,
41,1996,id05_13_03,東京都３区,-,3,35025,15.4,宇佐美登,男,1967/2/16 0:00,,さ,,,前,民主
41,1996,id05_13_03,東京都３区,-,3,7982,3.5,岩崎弥太郎,,,,無,,,新,
41,1996,id05_13_04,東京都４区,当,1,78805,38.2,新井将敬,,,4,無,進,,前,公明
41,1996,id05_13_04,東京都４区,-,3,46840,22.7,大内啓伍,,,,自,合,,前,
41,1996,id05_13_04,東京都４区,-,3,30522,14.8,小塙三男,,,,共,,,新,
41,1996,id05_13_04,東京都４区,-,3,23260,11.3,仲田明子,,,,民,社,,新,
41,1996,id05_13_04,東京都４区,-,3,21319,10.3,上田哲,,,,無,社,,元,
41,1996,id05_13_04,東京都４区,-,3,3367,1.6,河野統,,,,無,,,新,
41,1996,id05_13_04,東京都４区,-,3,2418,1.2,黒沢苗美,,,,会,,,新,
41,1996,id05_13_05,東京都５区,当,1,84731,37.9,小杉隆,男,1935/9/25 0:00,6,自,渡,志帥会,前,
41,1996,id05_13_05,東京都５区,-,3,51418,23,手塚仁雄,男,1966/9/14 0:00,,民,日,,新,
41,1996,id05_13_05,東京都５区,-,3,43347,19.4,野村沙知代,,,,進,,,新,
41,1996,id05_13_05,東京都５区,-,3,28514,12.8,渡辺信次,,,,共,,,新,
41,1996,id05_13_05,東京都５区,-,3,10861,4.9,戸沢二郎,,,,社,,,新,
41,1996,id05_13_05,東京都５区,-,3,4524,2,宮本尚美,,,,会,,,新,
41,1996,id05_13_06,東京都６区,当,1,82106,34.5,岩國哲人,男,1936/7/11 0:00,1,進,,,新,
41,1996,id05_13_06,東京都６区,比当,2,62518,26.2,越智通雄,,,,自,三,清和会,前,
41,1996,id05_13_06,東京都６区,比当,2,52014,21.8,石井紘基,,,,民,さ,,前,
41,1996,id05_13_06,東京都６区,-,3,29636,12.4,水無瀬攻,,,,共,,,新,
41,1996,id05_13_06,東京都６区,-,3,10384,4.4,大村博,,,,社,,,新,
41,1996,id05_13_06,東京都６区,-,3,1590,0.7,北里正治,,,,無,,,新,
41,1996,id05_13_07,東京都７区,当,1,65332,30.2,粕谷茂,,,9,自,宮,宏池会,前,
41,1996,id05_13_07,東京都７区,-,3,57220,26.4,三木立,,,,民,,,新,
41,1996,id05_13_07,東京都７区,-,3,47241,21.8,樋口俊一,男,1951/10/5 0:00,,進,日,,新,
41,1996,id05_13_07,東京都７区,-,3,39049,18,亀井清,,,,共,,,新,
41,1996,id05_13_07,東京都７区,-,3,7557,3.5,江原栄昭,,,,会,社,,新,
41,1996,id05_13_08,東京都８区,当,1,74856,32.7,石原伸晃,男,1957/4/19 0:00,3,自,三,清和会,前,
41,1996,id05_13_08,東京都８区,-,3,67670,29.5,山田宏,男,1958/1/8 0:00,,進,日,,前,
41,1996,id05_13_08,東京都８区,-,3,40677,17.8,八田和佳,,,,共,,,新,
41,1996,id05_13_08,東京都８区,-,3,37598,16.4,村田誠醇,,,,民,社,,新,
41,1996,id05_13_08,東京都８区,-,3,8324,3.6,辻毅,,,,無,,,新,
41,1996,id05_13_09,東京都９区,当,1,67657,30.7,吉田公一,男,1940/10/31 0:00,2,進,生,,前,
41,1996,id05_13_09,東京都９区,-,3,59668,27.1,小川敏夫,,,,民,さ,,新,
41,1996,id05_13_09,東京都９区,-,3,43766,19.9,ガッツ石松,,,,自,,,新,
41,1996,id05_13_09,東京都９区,-,3,37172,16.9,増村耕太郎,,,,共,,,新,
41,1996,id05_13_09,東京都９区,-,3,11808,5.4,坂藤朋夫,,,,社,,,新,
41,1996,id05_13_10,東京都１０区,当,1,52787,30.7,小林興起,男,1944/1/1 0:00,2,自,,,元,
41,1996,id05_13_10,東京都１０区,-,3,45536,26.4,鮫島宗明,男,1943/12/9 0:00,,進,日,,前,
41,1996,id05_13_10,東京都１０区,-,3,33480,19.4,長妻昭,男,1960/6/14 0:00,,民,さ,,新,さきがけ（支持）
41,1996,id05_13_10,東京都１０区,-,3,27230,15.8,中野顕,,,,共,,,新,
41,1996,id05_13_10,東京都１０区,-,3,8394,4.9,田中秀樹,,,,社,,,新,
41,1996,id05_13_10,東京都１０区,-,3,4745,2.8,鴨志田昭人,,,,無,,,新,
41,1996,id05_13_11,東京都１１区,当,1,68321,30.1,下村博文,男,1954/5/23 0:00,1,自,,,新,
41,1996,id05_13_11,東京都１１区,-,3,61221,27,古山和宏,,,,進,生,,新,
41,1996,id05_13_11,東京都１１区,比当,2,54559,24,中島武敏,,,,共,,,前,
41,1996,id05_13_11,東京都１１区,-,3,38454,16.9,渋谷修,男,1950/7/1 0:00,,民,さ,,元,さきがけ
41,1996,id05_13_11,東京都１１区,-,3,4470,2,西川進,,,,会,社,,新,
41,1996,id05_13_12,東京都１２区,当,1,61461,28.4,八代英太,男,1937/6/2 0:00,1,自,,,新,
41,1996,id05_13_12,東京都１２区,-,3,60289,27.9,沢たまき,,,,進,,,新,
41,1996,id05_13_12,東京都１２区,-,3,45858,21.2,飯田幸平,,,,共,,,新,
41,1996,id05_13_12,東京都１２区,-,3,38785,17.9,和田宗春,,,,民,さ,,新,
41,1996,id05_13_12,東京都１２区,-,3,5501,2.5,安田権寧,,,,無,日,,新,
41,1996,id05_13_12,東京都１２区,-,3,4456,2.1,富山栄子,,,,会,,,新,
41,1996,id05_13_13,東京都１３区,当,1,70697,35,鴨下一郎,男,1949/1/16 0:00,2,進,日,,前,
41,1996,id05_13_13,東京都１３区,-,3,65191,32.3,近藤信好,,,,自,,,新,
41,1996,id05_13_13,東京都１３区,-,3,41918,20.8,鈴木賢市,,,,共,,,新,
41,1996,id05_13_13,東京都１３区,-,3,24044,11.9,鈴木喜久子,,,,民,社,,元,
41,1996,id05_13_14,東京都１４区,当,1,60995,34.6,西川太一郎,,,2,進,生,,前,
41,1996,id05_13_14,東京都１４区,-,3,58581,33.2,松島みどり,女,1956/7/15 0:00,,自,,,新,
41,1996,id05_13_14,東京都１４区,-,3,32365,18.3,佐藤幸博,,,,共,,,新,
41,1996,id05_13_14,東京都１４区,-,3,24564,13.9,緒方浩,,,,民,社,,新,
41,1996,id05_13_15,東京都１５区,当,1,61701,36.4,柿沢弘治,,,6,自,合,,前,
41,1996,id05_13_15,東京都１５区,-,3,46969,27.7,黒柳明,,,,進,公,,新,
41,1996,id05_13_15,東京都１５区,-,3,29901,17.7,房宗治,,,,共,,,新,
41,1996,id05_13_15,東京都１５区,-,3,28181,16.6,大沢昇,,,,民,進,,新,
41,1996,id05_13_15,東京都１５区,-,3,2629,1.6,北浦義久,,,,無,進,,新,
41,1996,id05_13_16,東京都１６区,当,1,77753,39,島村宜伸,男,1934/3/27 0:00,7,自,渡,志帥会,前,
41,1996,id05_13_16,東京都１６区,-,3,64942,32.6,佐藤直子,,,,進,,,新,
41,1996,id05_13_16,東京都１６区,-,3,28805,14.4,井上和雄,男,1952/4/24 0:00,,民,さ,,新,
41,1996,id05_13_16,東京都１６区,-,3,27923,14,安部安則,男,1956/4/1 0:00,,共,,,新,
41,1996,id05_13_17,東京都１７区,当,1,73726,34,平沢勝栄,男,1945/9/4 0:00,1,自,,,新,
41,1996,id05_13_17,東京都１７区,-,3,63732,29.4,山口那津男,,,,進,公,,前,
41,1996,id05_13_17,東京都１７区,-,3,34662,16,杉江彰,,,,共,,,新,
41,1996,id05_13_17,東京都１７区,-,3,33667,15.5,米山久美子,,,,民,さ,,新,さきがけ
41,1996,id05_13_17,東京都１７区,-,3,9236,4.3,関根重信,,,,無,市,,新,
41,1996,id05_13_17,東京都１７区,-,3,1755,0.8,品川喜代子,,,,諸,,,新,
41,1996,id05_13_18,東京都１８区,当,1,116910,62.4,菅直人,男,1946/10/10 0:00,6,民,さ,,前,
41,1996,id05_13_18,東京都１８区,-,3,24245,13,金森隆,,,,進,日,,新,
41,1996,id05_13_18,東京都１８区,-,3,23566,12.6,大久保力,,,,自,,,新,
41,1996,id05_13_18,東京都１８区,-,3,22488,12,戸田定彦,,,,共,,,新,
41,1996,id05_13_19,東京都１９区,当,1,76599,32.5,末松義規,男,1956/12/5 0:00,1,民,さ,,新,
41,1996,id05_13_19,東京都１９区,-,3,54641,23.2,渡辺浩一郎,男,1944/5/31 0:00,,進,日,,前,
41,1996,id05_13_19,東京都１９区,-,3,47675,20.2,金子哲男,,,,自,,,新,
41,1996,id05_13_19,東京都１９区,-,3,33075,14,朝倉篤郎,,,,共,,,新,
41,1996,id05_13_19,東京都１９区,-,3,21557,9.2,常松裕志,,,,社,,,元,
41,1996,id05_13_19,東京都１９区,-,3,1998,0.8,伊藤太郎,,,,合,,,新,
41,1996,id05_13_20,東京都２０区,当,1,55559,27,大野由利子,,,3,進,公,,前,
41,1996,id05_13_20,東京都２０区,-,3,54582,26.5,清水清一朗,男,1947/4/23 0:00,,自,,,新,
41,1996,id05_13_20,東京都２０区,-,3,41705,20.3,中野志乃夫,,,,民,,,新,
41,1996,id05_13_20,東京都２０区,-,3,35150,17.1,前沢延浩,,,,共,,,新,
41,1996,id05_13_20,東京都２０区,-,3,13957,6.8,朝木直子,,,,無,,,新,
41,1996,id05_13_20,東京都２０区,-,3,4878,2.4,永田悦子,,,,会,社,,新,
41,1996,id05_13_21,東京都２１区,当,1,55458,28.9,山本譲司,,,1,民,,,新,
41,1996,id05_13_21,東京都２１区,比当,2,49308,25.7,小沢潔,,,,自,宮,宏池会,前,
41,1996,id05_13_21,東京都２１区,-,3,46919,24.5,古賀俊昭,,,,進,日,,新,
41,1996,id05_13_21,東京都２１区,-,3,40114,20.9,岩佐恵美,,,,共,,,前,
41,1996,id05_13_22,東京都２２区,当,1,69707,29.6,伊藤達也,男,1961/7/6 0:00,2,進,日,,前,
41,1996,id05_13_22,東京都２２区,比当,2,63974,27.1,山花貞夫,,,,民,市,,前,
41,1996,id05_13_22,東京都２２区,-,3,49837,21.1,進藤勇治,,,,自,,,新,
41,1996,id05_13_22,東京都２２区,-,3,35762,15.2,松田佳子,,,,共,,,新,
41,1996,id05_13_22,東京都２２区,比当,2,13904,5.9,保坂展人,男,1955/11/26 0:00,,社,,,新,
41,1996,id05_13_22,東京都２２区,-,3,2526,1.1,佐藤和友,,,,会,,,新,
41,1996,id05_13_23,東京都２３区,当,1,85035,38.4,伊藤公介,男,1941/10/23 0:00,6,自,三,清和会,前,
41,1996,id05_13_23,東京都２３区,-,3,46821,21.1,北里槙男,,,,進,自,,新,
41,1996,id05_13_23,東京都２３区,-,3,45182,20.4,佐瀬順二郎,,,,民,社,,新,
41,1996,id05_13_23,東京都２３区,-,3,40870,18.4,黒沢肇,,,,共,,,新,
41,1996,id05_13_23,東京都２３区,-,3,3686,1.7,峰村芳夫,,,,合,,,新,
41,1996,id05_13_24,東京都２４区,当,1,75061,34,小林多門,,,1,自,,,新,
41,1996,id05_13_24,東京都２４区,-,3,64730,29.3,高木陽介,男,1959/12/16 0:00,,進,公,,前,
41,1996,id05_13_24,東京都２４区,-,3,50067,22.7,阿久津幸彦,男,1956/6/26 0:00,,民,さ,,新,さきがけ
41,1996,id05_13_24,東京都２４区,-,3,30965,14,武山健二郎,,,,共,,,新,
41,1996,id05_13_25,東京都２５区,当,1,72180,41,石川要三,,,7,自,,,元,
41,1996,id05_13_25,東京都２５区,-,3,62028,35.2,臼井孝,,,,進,自,,新,
41,1996,id05_13_25,東京都２５区,-,3,22312,12.7,吉永洋司,,,,共,,,新,
41,1996,id05_13_25,東京都２５区,-,3,19611,11.1,鈴木泰,男,1960/5/14 0:00,,民,市,,新,
41,1996,id06_15_01,新潟県１区,当,1,87887,42.7,吉田六左エ門,男,1939/12/15 0:00,1,自,,,新,
41,1996,id06_15_01,新潟県１区,-,3,81037,39.3,関山信之,,,,無,社,,前,新進・民主
41,1996,id06_15_01,新潟県１区,-,3,22366,10.9,川俣幸雄,男,1955/4/8 0:00,,共,,,新,
41,1996,id06_15_01,新潟県１区,-,3,14725,7.1,中山均,,,,諸,,,新,
41,1996,id06_15_02,新潟県２区,当,1,94203,40.8,桜井新,,,6,自,三,清和会,前,
41,1996,id06_15_02,新潟県２区,-,3,89044,38.5,近藤基彦,男,1954/2/15 0:00,,無,,,新,新進・公明
41,1996,id06_15_02,新潟県２区,-,3,17335,7.5,小林一三,,,,民,,,新,
41,1996,id06_15_02,新潟県２区,-,3,13883,6,野崎洪,,,,共,,,新,
41,1996,id06_15_02,新潟県２区,-,3,12503,5.4,稲村稔夫,,,,会,社,,新,
41,1996,id06_15_02,新潟県２区,-,3,4093,1.8,西川攻,,,,無,,,新,
41,1996,id06_15_03,新潟県３区,当,1,79635,36,稲葉大和,男,1943/11/12 0:00,2,自,渡,志帥会,前,さきがけ
41,1996,id06_15_03,新潟県３区,-,3,66067,29.9,岩村卯一郎,,,,無,,,元,自連
41,1996,id06_15_03,新潟県３区,-,3,60223,27.2,白沢三郎,,,,進,生,,前,
41,1996,id06_15_03,新潟県３区,-,3,15110,6.8,田崎正一,,,,共,,,新,
41,1996,id06_15_04,新潟県４区,当,1,85743,41.6,栗原博久,男,1947/3/23 0:00,2,自,三,清和会,前,
41,1996,id06_15_04,新潟県４区,-,3,62823,30.5,渡辺秀央,,,,無,,,元,新進・公明
41,1996,id06_15_04,新潟県４区,比当,2,42144,20.4,坂上富男,,,,民,社,,前,
41,1996,id06_15_04,新潟県４区,-,3,15408,7.5,渡辺憲彦,,,,共,,,新,
41,1996,id06_15_05,新潟県５区,当,1,96759,48.9,田中真紀子,女,1944/1/14 0:00,2,自,,,前,
41,1996,id06_15_05,新潟県５区,-,3,75524,38.1,星野行男,,,,進,生,,前,
41,1996,id06_15_05,新潟県５区,-,3,15823,8,片岡正英,,,,社,,,新,
41,1996,id06_15_05,新潟県５区,-,3,9961,5,近藤正行,,,,共,,,新,
41,1996,id06_15_06,新潟県６区,当,1,107578,48.3,高鳥修,,,10,自,小,平成研,前,
41,1996,id06_15_06,新潟県６区,-,3,103307,46.4,筒井信隆,男,1944/11/10 0:00,,無,,,元,新進・民主・社民・公明・自連
41,1996,id06_15_06,新潟県６区,-,3,9634,4.3,阿部正義,,,,共,,,新,
41,1996,id06_15_06,新潟県６区,-,3,2061,0.9,佐藤栄喜,,,,無,,,新,
41,1996,id06_16_01,富山県１区,当,1,55580,35.5,長勢甚遠,男,1943/10/3 0:00,3,自,三,清和会,前,
41,1996,id06_16_01,富山県１区,-,3,47515,30.3,広野允士,,,,進,生,,前,
41,1996,id06_16_01,富山県１区,-,3,25506,16.3,野上徹,,,,無,,,元,
41,1996,id06_16_01,富山県１区,-,3,19918,12.7,高木睦子,,,,民,社,,新,
41,1996,id06_16_01,富山県１区,-,3,8101,5.2,岡田美乃利,,,,共,,,新,
41,1996,id06_16_02,富山県２区,当,1,126734,84.8,住博司,,,3,自,宮,宏池会,前,
41,1996,id06_16_02,富山県２区,-,3,22745,15.2,折田誠,,,,共,,,新,
41,1996,id06_16_03,富山県３区,当,1,182185,79.9,綿貫民輔,男,1927/4/30 0:00,10,自,小,平成研,前,
41,1996,id06_16_03,富山県３区,-,3,31476,13.8,上田弘,,,,共,,,新,
41,1996,id06_16_03,富山県３区,-,3,14222,6.2,宮西伊佐雄,,,,無,,,新,
41,1996,id06_17_01,石川県１区,当,1,87329,49.4,奥田敬和,,,10,進,生,,前,
41,1996,id06_17_01,石川県１区,比当,2,71154,40.2,桑原豊,男,1945/10/14 0:00,,民,社,,新,自民
41,1996,id06_17_01,石川県１区,-,3,18431,10.4,内藤英一,,,,共,,,新,
41,1996,id06_17_02,石川県２区,当,1,105586,51.7,森喜朗,男,1937/7/14 0:00,10,自,三,清和会,前,
41,1996,id06_17_02,石川県２区,比当,2,80534,39.4,一川保夫,男,1942/2/6 0:00,,進,,,新,
41,1996,id06_17_02,石川県２区,-,3,10467,5.1,西村祐士,男,1954/10/1 0:00,,共,,,新,
41,1996,id06_17_02,石川県２区,-,3,7793,3.8,諸橋茂一,,,,無,,,新,
41,1996,id06_17_03,石川県３区,当,1,92820,45.5,瓦力,男,1937/4/1 0:00,9,自,宮,宏池会,前,
41,1996,id06_17_03,石川県３区,-,3,90798,44.5,矢田富郎,,,,無,,,新,新進・公明
41,1996,id06_17_03,石川県３区,-,3,14129,6.9,鍵主政範,,,,民,社,,新,自連
41,1996,id06_17_03,石川県３区,-,3,6471,3.2,古川孝作,,,,共,,,新,
41,1996,id06_18_01,福井県１区,当,1,48214,34,笹木竜三,男,1956/11/27 0:00,2,進,,,前,
41,1996,id06_18_01,福井県１区,-,3,40840,28.8,松宮勲,男,1944/5/28 0:00,,無,,,新,
41,1996,id06_18_01,福井県１区,-,3,32263,22.8,平泉渉,,,,自,宮,宏池会,前,
41,1996,id06_18_01,福井県１区,-,3,12022,8.5,古川太三郎,,,,民,改,,新,
41,1996,id06_18_01,福井県１区,-,3,8369,5.9,金元幸枝,女,1958/3/20 0:00,,共,,,新,
41,1996,id06_18_02,福井県２区,当,1,79222,52.4,牧野隆守,,,5,自,,,元,
41,1996,id06_18_02,福井県２区,-,3,65024,43,山本拓,男,1952/7/7 0:00,,進,由,,前,
41,1996,id06_18_02,福井県２区,-,3,7078,4.7,宇野邦弘,男,1951/11/10 0:00,,共,,,新,
41,1996,id06_18_03,福井県３区,当,1,52473,36.8,辻一彦,,,5,民,社,,前,
41,1996,id06_18_03,福井県３区,-,3,48762,34.2,高木毅,男,1956/1/16 0:00,,自,,,新,
41,1996,id06_18_03,福井県３区,-,3,32426,22.7,松田篤之,,,,進,,,新,
41,1996,id06_18_03,福井県３区,-,3,8974,6.3,吉田一夫,,,,共,,,新,
41,1996,id06_20_01,長野県１区,当,1,118386,41.8,小坂憲次,男,1946/3/12 0:00,3,進,生,,前,
41,1996,id06_20_01,長野県１区,-,3,78401,27.7,田中秀征,,,,さ,,,前,民主・社民
41,1996,id06_20_01,長野県１区,-,3,65403,23.1,若林正俊,,,,自,三,清和会,前,
41,1996,id06_20_01,長野県１区,-,3,21329,7.5,宮川和浩,,,,共,,,新,
41,1996,id06_20_02,長野県２区,当,1,122483,51.9,村井仁,,,4,進,生,,前,
41,1996,id06_20_02,長野県２区,-,3,60399,25.6,望月雄内,,,,自,,,新,
41,1996,id06_20_02,長野県２区,比当,2,27930,11.8,北沢清功,,,,社,,,前,さきがけ
41,1996,id06_20_02,長野県２区,-,3,24990,10.6,清水啓司,,,,共,,,新,
41,1996,id06_20_03,長野県３区,当,1,161670,62.6,羽田孜,男,1935/8/24 0:00,10,進,生,,前,
41,1996,id06_20_03,長野県３区,-,3,70960,27.5,井出正一,,,,さ,,,前,自民・社民・民主
41,1996,id06_20_03,長野県３区,-,3,25600,9.9,松沢瑞枝,,,,共,,,新,
41,1996,id06_20_04,長野県４区,当,1,72810,43.3,小川元,,,3,自,宮,宏池会,前,さきがけ
41,1996,id06_20_04,長野県４区,-,3,65009,38.7,後藤茂之,男,1955/12/9 0:00,,進,,,新,
41,1996,id06_20_04,長野県４区,比当,2,30327,18,木島日出夫,男,1946/9/5 0:00,,共,,,元,
41,1996,id06_20_05,長野県５区,当,1,106449,47.9,宮下創平,,,7,自,三,清和会,前,
41,1996,id06_20_05,長野県５区,-,3,94496,42.5,中島衛,,,,進,生,,前,
41,1996,id06_20_05,長野県５区,-,3,21502,9.7,山口典久,男,1960/11/3 0:00,,共,,,新,
41,1996,id07_21_01,岐阜県１区,当,1,70799,37.1,野田聖子,女,1960/9/3 0:00,2,自,河,志公会,前,
41,1996,id07_21_01,岐阜県１区,-,3,66892,35.1,松田岩夫,,,,進,生,,前,
41,1996,id07_21_01,岐阜県１区,-,3,33640,17.6,渡辺嘉蔵,,,,民,社,,前,
41,1996,id07_21_01,岐阜県１区,-,3,19509,10.2,木下律子,,,,共,,,新,
41,1996,id07_21_02,岐阜県２区,当,1,94796,51.7,棚橋泰文,男,1963/2/11 0:00,1,自,,,新,
41,1996,id07_21_02,岐阜県２区,-,3,69808,38.1,小嶋昭次郎,,,,進,,,新,
41,1996,id07_21_02,岐阜県２区,-,3,18640,10.2,西本裕二,,,,共,,,新,
41,1996,id07_21_03,岐阜県３区,当,1,117933,53.1,武藤嘉文,,,11,自,渡,志帥会,前,
41,1996,id07_21_03,岐阜県３区,-,3,75038,33.8,吉岡徹男,,,,進,,,新,
41,1996,id07_21_03,岐阜県３区,-,3,29071,13.1,倉田倬治,,,,共,,,新,
41,1996,id07_21_04,岐阜県４区,当,1,131976,58.1,藤井孝男,男,1943/3/14 0:00,2,自,小,平成研,前,
41,1996,id07_21_04,岐阜県４区,-,3,67082,29.5,高井和伸,,,,進,日,,新,
41,1996,id07_21_04,岐阜県４区,-,3,28115,12.4,白川光雄,,,,共,,,新,
41,1996,id07_21_05,岐阜県５区,当,1,79133,42.4,古屋圭司,男,1952/11/1 0:00,3,自,三,清和会,前,
41,1996,id07_21_05,岐阜県５区,-,3,50496,27.1,安藤通廣,,,,進,自,,新,
41,1996,id07_21_05,岐阜県５区,-,3,34764,18.6,山下八洲夫,,,,無,社,,前,
41,1996,id07_21_05,岐阜県５区,-,3,13272,7.1,稲熊治郎,,,,共,,,新,
41,1996,id07_21_05,岐阜県５区,-,3,8935,4.8,近藤秀一,,,,民,進,,新,
41,1996,id07_22_01,静岡県１区,当,1,48650,21.5,大口善徳,男,1955/9/5 0:00,2,進,公,,前,
41,1996,id07_22_01,静岡県１区,-,3,37061,16.4,戸塚進也,,,,自,,,元,
41,1996,id07_22_01,静岡県１区,-,3,35642,15.8,天野進吾,,,,無,,,新,
41,1996,id07_22_01,静岡県１区,-,3,28987,12.8,牧野聖修,男,1945/5/4 0:00,,民,市,,前,
41,1996,id07_22_01,静岡県１区,-,3,26828,11.9,上川陽子,女,1953/3/1 0:00,,無,,,新,
41,1996,id07_22_01,静岡県１区,-,3,18496,8.2,杉山恒雄,,,,共,,,新,
41,1996,id07_22_01,静岡県１区,-,3,15526,6.9,松永広次,,,,無,,,新,
41,1996,id07_22_01,静岡県１区,-,3,14925,6.6,木宮岳志,,,,無,,,新,
41,1996,id07_22_02,静岡県２区,当,1,127933,61.2,原田昇左右,,,8,自,宮,宏池会,前,
41,1996,id07_22_02,静岡県２区,-,3,36714,17.6,浅羽広吉,,,,共,,,新,
41,1996,id07_22_02,静岡県２区,-,3,25547,12.2,池田剛久,男,1965/11/11 0:00,,合,,,新,
41,1996,id07_22_02,静岡県２区,-,3,18956,9.1,中村英一,,,,無,,,新,
41,1996,id07_22_03,静岡県３区,当,1,116610,55.3,柳沢伯夫,男,1935/8/18 0:00,5,自,宮,宏池会,前,
41,1996,id07_22_03,静岡県３区,-,3,70415,33.4,井脇ノブ子,女,1946/2/11 0:00,,進,,,新,民主
41,1996,id07_22_03,静岡県３区,-,3,23784,11.3,鈴木進,,,,共,,,新,
41,1996,id07_22_04,静岡県４区,当,1,68770,53.3,望月義夫,男,1947/5/2 0:00,1,無,,,新,新進
41,1996,id07_22_04,静岡県４区,-,3,40626,31.5,倉田雅年,男,1939/7/10 0:00,,自,,,新,
41,1996,id07_22_04,静岡県４区,-,3,19584,15.2,栗山満子,,,,共,,,新,
41,1996,id07_22_05,静岡県５区,当,1,76492,52.5,斉藤斗志二,男,1944/12/27 0:00,4,自,小,平成研,前,
41,1996,id07_22_05,静岡県５区,比当,2,32545,22.3,前島秀行,,,,社,,,前,さきがけ
41,1996,id07_22_05,静岡県５区,-,3,21710,14.9,斉藤進,男,1970/11/8 0:00,,無,,,新,新進
41,1996,id07_22_05,静岡県５区,-,3,14927,10.2,下岡昭一,,,,共,,,新,
41,1996,id07_22_06,静岡県６区,当,1,60609,31.6,渡辺周,男,1961/12/11 0:00,1,民,,,新,新進
41,1996,id07_22_06,静岡県６区,-,3,55840,29.1,桜田光雄,,,,無,,,新,
41,1996,id07_22_06,静岡県６区,比当,2,55374,28.8,栗原裕康,,,,自,宮,宏池会,前,
41,1996,id07_22_06,静岡県６区,-,3,15626,8.1,中田孝幸,,,,共,,,新,
41,1996,id07_22_06,静岡県６区,-,3,4615,2.4,近藤一視,,,,合,民,,新,
41,1996,id07_22_07,静岡県７区,当,1,90317,42.9,木部佳昭,,,10,自,渡,志帥会,前,
41,1996,id07_22_07,静岡県７区,-,3,78355,37.2,小池政臣,,,,無,,,新,
41,1996,id07_22_07,静岡県７区,-,3,23925,11.4,渡辺浩美,,,,共,,,新,
41,1996,id07_22_07,静岡県７区,-,3,17814,8.5,菊地董,,,,社,,,新,さきがけ
41,1996,id07_22_08,静岡県８区,当,1,98032,49.5,北脇保之,,,1,進,,,新,
41,1996,id07_22_08,静岡県８区,-,3,75557,38.2,塩谷立,男,1950/2/18 0:00,,自,三,清和会,前,
41,1996,id07_22_08,静岡県８区,比当,2,24339,12.3,平賀高成,男,1954/5/7 0:00,,共,,,新,
41,1996,id07_22_09,静岡県９区,当,1,99151,52.1,熊谷弘,,,5,進,生,,前,
41,1996,id07_22_09,静岡県９区,-,3,70063,36.8,鈴井慎一,,,,自,,,新,
41,1996,id07_22_09,静岡県９区,-,3,21219,11.1,大石悦子,,,,共,,,新,
41,1996,id07_23_01,愛知県１区,当,1,66876,40,河村たかし,男,1948/11/3 0:00,2,進,日,,前,
41,1996,id07_23_01,愛知県１区,-,3,42969,25.7,今枝敬雄,,,,自,,,元,
41,1996,id07_23_01,愛知県１区,-,3,33503,20.1,佐藤泰介,,,,民,社,,前,
41,1996,id07_23_01,愛知県１区,-,3,22209,13.3,岩中美保子,,,,共,,,新,
41,1996,id07_23_01,愛知県１区,-,3,616,0.4,伊東マサコ,,,,諸,,,新,
41,1996,id07_23_01,愛知県１区,-,3,566,0.3,山田浩,,,,諸,,,新,
41,1996,id07_23_01,愛知県１区,-,3,312,0.2,浅野光雪,,,,無,,,新,
41,1996,id07_23_02,愛知県２区,当,1,56101,32.9,青木宏之,,,2,進,生,,前,
41,1996,id07_23_02,愛知県２区,-,3,44938,26.4,田辺広雄,,,,自,,,元,
41,1996,id07_23_02,愛知県２区,比当,2,43804,25.7,古川元久,男,1965/12/6 0:00,,民,,,新,
41,1996,id07_23_02,愛知県２区,-,3,21337,12.5,石山淳一,,,,共,,,新,
41,1996,id07_23_02,愛知県２区,-,3,2670,1.6,藤原美智子,,,,合,自,,新,
41,1996,id07_23_02,愛知県２区,-,3,701,0.4,石川和己,,,,諸,,,新,
41,1996,id07_23_02,愛知県２区,-,3,418,0.2,村松陽一,,,,無,,,新,
41,1996,id07_23_02,愛知県２区,-,3,348,0.2,山崎義章,,,,諸,,,新,
41,1996,id07_23_03,愛知県３区,当,1,52478,32.3,吉田幸弘,,,1,進,,,新,
41,1996,id07_23_03,愛知県３区,-,3,43884,27,片岡武司,,,,自,渡,志帥会,前,
41,1996,id07_23_03,愛知県３区,比当,2,38351,23.6,近藤昭一,男,1958/5/26 0:00,,民,さ,,新,さきがけ
41,1996,id07_23_03,愛知県３区,-,3,26225,16.1,柳田さえ子,,,,共,,,新,
41,1996,id07_23_03,愛知県３区,-,3,773,0.5,中野庸子,,,,諸,,,新,
41,1996,id07_23_03,愛知県３区,-,3,722,0.4,小川修,,,,諸,,,新,
41,1996,id07_23_03,愛知県３区,-,3,246,0.2,阿閉正雄,,,,無,,,新,
41,1996,id07_23_04,愛知県４区,当,1,57361,35.7,三沢淳,,,1,進,,,新,
41,1996,id07_23_04,愛知県４区,-,3,48209,30,塚本三郎,,,,自,民,,元,
41,1996,id07_23_04,愛知県４区,比当,2,30976,19.3,瀬古由起子,女,1947/8/24 0:00,,共,,,新,
41,1996,id07_23_04,愛知県４区,-,3,23411,14.6,高木浩司,,,,民,社,,新,
41,1996,id07_23_04,愛知県４区,-,3,348,0.2,伊東敬芳,,,,諸,,,新,
41,1996,id07_23_04,愛知県４区,-,3,243,0.2,塩川哉直,,,,諸,,,新,
41,1996,id07_23_05,愛知県５区,当,1,48648,30.9,赤松広隆,男,1948/5/3 0:00,3,民,社,,前,さきがけ
41,1996,id07_23_05,愛知県５区,比当,2,46485,29.5,木村隆秀,男,1955/8/10 0:00,,自,,,新,
41,1996,id07_23_05,愛知県５区,-,3,43028,27.3,伴野豊,男,1961/1/1 0:00,,進,,,新,
41,1996,id07_23_05,愛知県５区,-,3,17670,11.2,長友忠弘,男,1959/1/16 0:00,,共,,,新,
41,1996,id07_23_05,愛知県５区,-,3,768,0.5,鈴木孟,,,,無,,,新,
41,1996,id07_23_05,愛知県５区,-,3,470,0.3,市川実,,,,諸,,,新,
41,1996,id07_23_05,愛知県５区,-,3,335,0.2,内山貴雄,,,,諸,,,新,
41,1996,id07_23_06,愛知県６区,当,1,90812,39.7,草川昭三,,,8,進,公,,前,
41,1996,id07_23_06,愛知県６区,-,3,59631,26.1,伊藤勝人,,,,自,,,新,
41,1996,id07_23_06,愛知県６区,-,3,49074,21.5,網岡雄,,,,民,社,,前,
41,1996,id07_23_06,愛知県６区,-,3,25815,11.3,渡辺ますみ,,,,共,,,新,
41,1996,id07_23_06,愛知県６区,-,3,1107,0.5,原田勇,,,,諸,,,新,
41,1996,id07_23_06,愛知県６区,-,3,966,0.4,村松庸子,,,,諸,,,新,
41,1996,id07_23_06,愛知県６区,-,3,776,0.3,笠原公夫,,,,無,,,新,
41,1996,id07_23_06,愛知県６区,-,3,450,0.2,増田真一,,,,諸,,,新,
41,1996,id07_23_07,愛知県７区,当,1,91439,47.5,青山丘,男,1941/4/11 0:00,7,進,民,,前,
41,1996,id07_23_07,愛知県７区,-,3,49727,25.9,丹羽太一,,,,自,,,新,
41,1996,id07_23_07,愛知県７区,-,3,24620,12.8,伊藤啓子,,,,民,社,,新,
41,1996,id07_23_07,愛知県７区,-,3,23009,12,原田秀俊,,,,共,,,新,
41,1996,id07_23_07,愛知県７区,-,3,2045,1.1,市川恒雄,,,,合,,,新,
41,1996,id07_23_07,愛知県７区,-,3,1080,0.6,大島葉子,,,,諸,,,新,
41,1996,id07_23_07,愛知県７区,-,3,442,0.2,江幡弘道,,,,諸,,,新,
41,1996,id07_23_08,愛知県８区,当,1,93053,44.4,久野統一郎,,,3,自,小,平成研,前,
41,1996,id07_23_08,愛知県８区,-,3,90099,43,森田裕介,男,1963/5/7 0:00,,進,日,,新,
41,1996,id07_23_08,愛知県８区,-,3,23166,11.1,梶浦勇,,,,共,,,新,
41,1996,id07_23_08,愛知県８区,-,3,2259,1.1,山崎和子,,,,諸,,,新,
41,1996,id07_23_08,愛知県８区,-,3,873,0.4,下田謙一,,,,無,,,新,
41,1996,id07_23_09,愛知県９区,当,1,111578,47.7,海部俊樹,男,1931/1/2 0:00,13,進,自,,前,
41,1996,id07_23_09,愛知県９区,-,3,58059,24.8,吉川博,,,,自,,,新,
41,1996,id07_23_09,愛知県９区,-,3,42393,18.1,佐藤観樹,,,,民,社,,前,
41,1996,id07_23_09,愛知県９区,-,3,20290,8.7,日比静夫,,,,共,,,新,
41,1996,id07_23_09,愛知県９区,-,3,921,0.4,保田玲子,,,,諸,,,新,
41,1996,id07_23_09,愛知県９区,-,3,422,0.2,大井忠則,,,,無,,,新,
41,1996,id07_23_09,愛知県９区,-,3,338,0.1,志良以栄,,,,諸,,,新,
41,1996,id07_23_10,愛知県１０区,当,1,110820,46.4,江崎鉄磨,男,1943/9/17 0:00,2,進,生,,前,
41,1996,id07_23_10,愛知県１０区,-,3,72178,30.2,森治男,,,,自,民,,新,
41,1996,id07_23_10,愛知県１０区,-,3,29003,12.2,岸野知子,,,,共,,,新,
41,1996,id07_23_10,愛知県１０区,-,3,20575,8.6,長縄幸子,,,,民,,,新,
41,1996,id07_23_10,愛知県１０区,-,3,5103,2.1,清水宣弥,,,,無,,,新,
41,1996,id07_23_10,愛知県１０区,-,3,683,0.3,高橋伸輔,,,,諸,,,新,
41,1996,id07_23_10,愛知県１０区,-,3,284,0.1,阿閉豊次,,,,無,,,新,
41,1996,id07_23_11,愛知県１１区,当,1,123404,55.5,伊藤英成,,,5,進,民,,前,
41,1996,id07_23_11,愛知県１１区,-,3,85766,38.6,浦野烋興,,,,自,宮,宏池会,前,
41,1996,id07_23_11,愛知県１１区,-,3,13260,6,大村義則,,,,共,,,新,
41,1996,id07_23_12,愛知県１２区,当,1,133257,55.2,杉浦正健,男,1934/7/26 0:00,3,自,,,元,さきがけ
41,1996,id07_23_12,愛知県１２区,-,3,79950,33.1,川島実,,,,進,社,,前,
41,1996,id07_23_12,愛知県１２区,-,3,28358,11.7,山田真澄,,,,共,,,新,
41,1996,id07_23_13,愛知県１３区,当,1,87991,46.8,島聡,男,1958/4/25 0:00,1,進,日,,新,
41,1996,id07_23_13,愛知県１３区,比当,2,80629,42.9,大村秀章,男,1960/3/9 0:00,,自,,,新,
41,1996,id07_23_13,愛知県１３区,-,3,19484,10.4,高林誠,,,,共,,,新,
41,1996,id07_23_14,愛知県１４区,当,1,72661,49.8,浅野勝人,,,2,自,,,元,
41,1996,id07_23_14,愛知県１４区,-,3,44421,30.5,吉富一雄,,,,進,生,,新,
41,1996,id07_23_14,愛知県１４区,-,3,14646,10,栗谷建一郎,男,1949/3/26 0:00,,共,,,新,
41,1996,id07_23_14,愛知県１４区,-,3,14149,9.7,藤川千秋,,,,民,,,新,
41,1996,id07_23_15,愛知県１５区,当,1,74963,45.3,村田敬次郎,,,10,自,三,清和会,前,
41,1996,id07_23_15,愛知県１５区,-,3,64486,39,木俣佳丈,,,,進,,,新,
41,1996,id07_23_15,愛知県１５区,-,3,22851,13.8,塚田栄二,,,,共,,,新,
41,1996,id07_23_15,愛知県１５区,-,3,1796,1.1,松本しげ子,,,,諸,,,新,
41,1996,id07_23_15,愛知県１５区,-,3,1398,0.8,松下正利,,,,諸,,,新,
41,1996,id07_24_01,三重県１区,当,1,89802,45.2,中井洽,男,1942/6/10 0:00,7,進,民,,前,
41,1996,id07_24_01,三重県１区,比当,2,89359,45,川崎二郎,男,1947/11/15 0:00,,自,宮,宏池会,前,社民
41,1996,id07_24_01,三重県１区,-,3,19483,9.8,藤井新一,,,,共,,,新,
41,1996,id07_24_02,三重県２区,当,1,89620,55.4,中川正春,男,1950/6/10 0:00,1,進,日,,新,
41,1996,id07_24_02,三重県２区,比当,2,55516,34.3,伊藤忠治,,,,民,,,元,自民
41,1996,id07_24_02,三重県２区,-,3,16742,10.3,前垣忠司,,,,共,,,新,
41,1996,id07_24_03,三重県３区,当,1,108690,57.9,岡田克也,男,1953/7/14 0:00,3,進,生,,前,
41,1996,id07_24_03,三重県３区,-,3,58507,31.1,金子一也,,,,自,,,新,社民
41,1996,id07_24_03,三重県３区,-,3,20657,11,西尾種子,,,,共,,,新,
41,1996,id07_24_04,三重県４区,当,1,78383,47.8,田村憲久,男,1964/12/15 0:00,1,自,,,新,社民
41,1996,id07_24_04,三重県４区,-,3,75795,46.2,野呂昭彦,,,,進,自,,前,
41,1996,id07_24_04,三重県４区,-,3,9974,6.1,槙岡剛,,,,共,,,新,
41,1996,id07_24_05,三重県５区,当,1,115959,72.8,藤波孝生,,,10,自,,,元,
41,1996,id07_24_05,三重県５区,-,3,43344,27.2,黒木騎代春,,,,共,,,新,
41,1996,id08_25_01,滋賀県１区,当,1,55967,34.7,川端達夫,男,1945/1/24 0:00,4,進,民,,前,
41,1996,id08_25_01,滋賀県１区,比当,2,53476,33.2,目片信,,,,自,,,新,
41,1996,id08_25_01,滋賀県１区,比当,2,28231,17.5,山元勉,,,,民,社,,前,さきがけ
41,1996,id08_25_01,滋賀県１区,-,3,23590,14.6,井上敏一,,,,共,,,新,
41,1996,id08_25_02,滋賀県２区,当,1,107053,43,武村正義,,,4,さ,自,,前,社民（支援）
41,1996,id08_25_02,滋賀県２区,-,3,79136,31.8,小西哲,,,,自,,,新,
41,1996,id08_25_02,滋賀県２区,-,3,35192,14.1,松村ツトム,,,,進,,,新,
41,1996,id08_25_02,滋賀県２区,-,3,27595,11.1,菊地完,,,,共,,,新,
41,1996,id08_25_03,滋賀県３区,当,1,70997,38.4,岩永峯一,男,1941/9/5 0:00,1,無,,,新,
41,1996,id08_25_03,滋賀県３区,-,3,45414,24.5,笠原吉孝,,,,さ,,,新,民主・社民（支援）
41,1996,id08_25_03,滋賀県３区,-,3,45191,24.4,栢木寛照,,,,自,,,新,
41,1996,id08_25_03,滋賀県３区,-,3,23456,12.7,石黒良治,,,,共,,,新,
41,1996,id08_26_01,京都府１区,当,1,63094,31.3,伊吹文明,男,1938/1/9 0:00,5,自,渡,志帥会,前,
41,1996,id08_26_01,京都府１区,比当,2,60441,30,穀田恵二,男,1947/1/11 0:00,,共,,,前,
41,1996,id08_26_01,京都府１区,-,3,47103,23.3,竹内譲,男,1958/6/25 0:00,,進,公,,前,
41,1996,id08_26_01,京都府１区,-,3,29275,14.5,福山哲郎,,,,民,さ,,新,さきがけ
41,1996,id08_26_01,京都府１区,-,3,1877,0.9,蜷川澄村,男,1951/6/8 0:00,,合,,,新,
41,1996,id08_26_02,京都府２区,当,1,43060,29.2,奥田幹生,,,6,自,宮,宏池会,前,
41,1996,id08_26_02,京都府２区,-,3,42211,28.7,井上哲士,,,,共,,,新,
41,1996,id08_26_02,京都府２区,比当,2,31257,21.2,前原誠司,男,1962/4/30 0:00,,民,さ,,前,さきがけ
41,1996,id08_26_02,京都府２区,-,3,30713,20.9,菱田健次,,,,進,生,,新,
41,1996,id08_26_03,京都府３区,当,1,58479,34.7,寺前巖,,,9,共,,,前,
41,1996,id08_26_03,京都府３区,比当,2,57241,33.9,奥山茂彦,,,,自,,,新,
41,1996,id08_26_03,京都府３区,-,3,52884,31.4,山名靖英,,,,進,公,,前,
41,1996,id08_26_04,京都府４区,当,1,100703,48.8,野中広務,,,6,自,小,平成研,前,
41,1996,id08_26_04,京都府４区,-,3,60918,29.5,加味根史朗,,,,共,,,新,
41,1996,id08_26_04,京都府４区,-,3,44637,21.6,豊田潤多郎,男,1949/8/22 0:00,,進,生,,前,
41,1996,id08_26_05,京都府５区,当,1,91146,56.8,谷垣禎一,男,1945/3/7 0:00,6,自,宮,宏池会,前,
41,1996,id08_26_05,京都府５区,-,3,36689,22.9,三上隆,,,,進,日,,新,
41,1996,id08_26_05,京都府５区,-,3,32691,20.4,佐渡一郎,,,,共,,,新,
41,1996,id08_26_06,京都府６区,当,1,73583,32.3,玉置一弥,男,1944/7/8 0:00,6,進,民,,元,
41,1996,id08_26_06,京都府６区,-,3,54905,24.1,山井和則,男,1962/1/6 0:00,,民,,,新,
41,1996,id08_26_06,京都府６区,-,3,53253,23.4,清水鴻一郎,男,1946/3/5 0:00,,自,,,新,
41,1996,id08_26_06,京都府６区,-,3,39051,17.2,浜田良之,男,1956/2/28 0:00,,共,,,新,
41,1996,id08_26_06,京都府６区,-,3,6691,2.9,園田裕子,,,,会,,,新,
41,1996,id08_27_01,大阪府１区,当,1,73443,41.9,中馬弘毅,男,1936/10/8 0:00,6,自,宮,宏池会,前,
41,1996,id08_27_01,大阪府１区,-,3,62423,35.6,池坊雅史,,,,進,,,新,
41,1996,id08_27_01,大阪府１区,-,3,39494,22.5,小畑勉,,,,共,,,新,
41,1996,id08_27_02,大阪府２区,当,1,92292,49.8,左藤恵,,,10,進,生,,前,
41,1996,id08_27_02,大阪府２区,比当,2,58109,31.4,石井郁子,女,1940/10/10 0:00,,共,,,元,
41,1996,id08_27_02,大阪府２区,-,3,34858,18.8,渕上桃太郎,,,,自,,,新,
41,1996,id08_27_03,大阪府３区,当,1,76938,35.7,田端正広,男,1940/1/4 0:00,2,進,公,,前,
41,1996,id08_27_03,大阪府３区,比当,2,71012,32.9,柳本卓治,男,1944/11/21 0:00,,自,,,元,
41,1996,id08_27_03,大阪府３区,-,3,44591,20.7,宮崎守正,,,,共,,,新,
41,1996,id08_27_03,大阪府３区,-,3,23088,10.7,中村泰士,,,,合,,,新,民主
41,1996,id08_27_04,大阪府４区,当,1,76297,39,前田正,,,2,進,生,,元,
41,1996,id08_27_04,大阪府４区,比当,2,66127,33.8,中山正暉,,,,自,渡,志帥会,前,
41,1996,id08_27_04,大阪府４区,-,3,47904,24.5,山中智子,,,,共,,,新,
41,1996,id08_27_04,大阪府４区,-,3,5439,2.8,加藤成一,,,,無,,,新,
41,1996,id08_27_05,大阪府５区,当,1,74925,36.3,谷口隆義,男,1949/4/18 0:00,2,進,公,,前,
41,1996,id08_27_05,大阪府５区,比当,2,55846,27.1,東中光雄,,,,共,,,前,
41,1996,id08_27_05,大阪府５区,-,3,43143,20.9,中山泰秀,男,1970/10/14 0:00,,自,,,新,
41,1996,id08_27_05,大阪府５区,-,3,32299,15.7,稲見哲男,男,1948/7/20 0:00,,民,,,新,
41,1996,id08_27_06,大阪府６区,当,1,85173,41.5,福島豊,男,1958/1/4 0:00,2,進,公,,前,
41,1996,id08_27_06,大阪府６区,-,3,48985,23.9,小西恵一郎,,,,自,,,新,
41,1996,id08_27_06,大阪府６区,-,3,39440,19.2,柳河瀬精,,,,共,,,新,
41,1996,id08_27_06,大阪府６区,-,3,28413,13.8,藤川基之,,,,民,,,新,
41,1996,id08_27_06,大阪府６区,-,3,3167,1.5,原田政治,,,,合,自,,新,
41,1996,id08_27_07,大阪府７区,当,1,53968,31.7,藤村修,男,1949/11/3 0:00,2,進,日,,前,
41,1996,id08_27_07,大阪府７区,-,3,40572,23.8,有沢志郎,,,,自,,,新,
41,1996,id08_27_07,大阪府７区,-,3,39503,23.2,藤井幸子,,,,共,,,新,
41,1996,id08_27_07,大阪府７区,-,3,36439,21.4,中務正裕,,,,民,さ,,新,さきがけ
41,1996,id08_27_08,大阪府８区,当,1,74723,44.2,中野寛成,男,1940/11/26 0:00,8,進,民,,前,
41,1996,id08_27_08,大阪府８区,比当,2,34563,20.4,井上一成,,,,民,社,,前,
41,1996,id08_27_08,大阪府８区,-,3,29622,17.5,浅野弘樹,,,,共,,,新,
41,1996,id08_27_08,大阪府８区,-,3,25881,15.3,大村瑶子,,,,自,,,新,
41,1996,id08_27_08,大阪府８区,-,3,4450,2.6,嶋貫健,,,,合,,,新,
41,1996,id08_27_09,大阪府９区,当,1,72267,33.4,西田猛,男,1955/8/5 0:00,1,進,,,新,
41,1996,id08_27_09,大阪府９区,-,3,59817,27.7,原田憲,,,,自,小,平成研,前,
41,1996,id08_27_09,大阪府９区,-,3,43316,20,小林ひとみ,,,,共,,,新,
41,1996,id08_27_09,大阪府９区,-,3,34177,15.8,大谷信盛,男,1962/12/4 0:00,,民,さ,,新,さきがけ
41,1996,id08_27_09,大阪府９区,-,3,6647,3.1,柏本景司,,,,会,,,新,
41,1996,id08_27_10,大阪府１０区,当,1,53623,31.4,石垣一夫,,,1,進,公,,新,
41,1996,id08_27_10,大阪府１０区,-,3,45655,26.7,林省之介,,,,自,,,新,
41,1996,id08_27_10,大阪府１０区,比当,2,33802,19.8,肥田美代子,女,1941/3/1 0:00,,民,社,,新,
41,1996,id08_27_10,大阪府１０区,-,3,29022,17,長尾勝則,,,,共,,,新,
41,1996,id08_27_10,大阪府１０区,-,3,6368,3.7,小沢福子,,,,無,,,新,
41,1996,id08_27_10,大阪府１０区,-,3,2484,1.5,小野田隆,,,,合,,,新,
41,1996,id08_27_11,大阪府１１区,当,1,97294,48.6,平野博文,男,1949/3/19 0:00,1,無,,,新,新進・民主・公明
41,1996,id08_27_11,大阪府１１区,-,3,64535,32.2,小川眞澄,,,,自,民,,新,
41,1996,id08_27_11,大阪府１１区,-,3,38403,19.2,吉瀬孝子,,,,共,,,新,
41,1996,id08_27_12,大阪府１２区,当,1,81284,45.5,樽床伸二,男,1959/8/6 0:00,2,進,日,,前,
41,1996,id08_27_12,大阪府１２区,-,3,57598,32.3,北川石松,,,,自,,,元,
41,1996,id08_27_12,大阪府１２区,-,3,33263,18.6,西森洋一,,,,共,,,新,
41,1996,id08_27_12,大阪府１２区,-,3,6400,3.6,福西亮,,,,合,,,新,民主
41,1996,id08_27_13,大阪府１３区,当,1,90784,41.3,西野陽,男,1940/1/15 0:00,1,進,生,,新,
41,1996,id08_27_13,大阪府１３区,-,3,83254,37.9,塩川正十郎,,,,自,三,清和会,前,
41,1996,id08_27_13,大阪府１３区,-,3,33399,15.2,請川清,,,,共,,,新,
41,1996,id08_27_13,大阪府１３区,-,3,12123,5.5,相田勲,,,,民,さ,,新,
41,1996,id08_27_14,大阪府１４区,当,1,85033,38.1,中村鋭一,,,1,進,改,,新,
41,1996,id08_27_14,大阪府１４区,比当,2,79347,35.5,谷畑孝,男,1947/1/10 0:00,,自,社,,新,民主
41,1996,id08_27_14,大阪府１４区,-,3,46410,20.8,佐藤啓二,,,,共,,,新,
41,1996,id08_27_14,大阪府１４区,-,3,12459,5.6,小室樹,,,,合,,,新,
41,1996,id08_27_15,大阪府１５区,当,1,81602,39.6,竹本直一,男,1940/11/23 0:00,1,自,,,新,
41,1996,id08_27_15,大阪府１５区,-,3,77876,37.8,北川修二,,,,進,社,,新,民主
41,1996,id08_27_15,大阪府１５区,-,3,46805,22.7,有川功,,,,共,,,新,
41,1996,id08_27_16,大阪府１６区,当,1,61084,38.3,北側一雄,男,1953/3/2 0:00,3,進,公,,前,
41,1996,id08_27_16,大阪府１６区,-,3,41787,26.2,真砂泰三,,,,自,,,新,
41,1996,id08_27_16,大阪府１６区,-,3,33153,20.8,岸上倭文樹,男,1945/5/28 0:00,,共,,,新,
41,1996,id08_27_16,大阪府１６区,-,3,23489,14.7,西野方庸,,,,民,,,新,
41,1996,id08_27_17,大阪府１７区,当,1,72359,42.7,西村真悟,男,1948/7/7 0:00,2,進,民,,前,
41,1996,id08_27_17,大阪府１７区,比当,2,51454,30.4,藤田スミ,,,,共,,,前,
41,1996,id08_27_17,大阪府１７区,-,3,40337,23.8,岡下昌浩,,,,自,,,新,
41,1996,id08_27_17,大阪府１７区,-,3,5329,3.1,奥田クスミ,女,1947/6/11 0:00,,合,,,新,
41,1996,id08_27_18,大阪府１８区,当,1,88147,41.8,中山太郎,男,1924/8/27 0:00,4,自,三,清和会,前,
41,1996,id08_27_18,大阪府１８区,-,3,78822,37.4,大西靖人,,,,進,生,,新,
41,1996,id08_27_18,大阪府１８区,-,3,38932,18.5,古久保暢男,,,,共,,,新,
41,1996,id08_27_18,大阪府１８区,-,3,4892,2.3,松本達也,,,,合,,,新,
41,1996,id08_27_19,大阪府１９区,当,1,73018,48.4,松浪健四郎,男,1946/10/14 0:00,1,進,,,新,
41,1996,id08_27_19,大阪府１９区,-,3,53906,35.7,池尻久和,,,,自,,,新,
41,1996,id08_27_19,大阪府１９区,-,3,20297,13.5,原田千鶴,,,,共,,,新,
41,1996,id08_27_19,大阪府１９区,-,3,3676,2.4,山本昭太,,,,合,,,新,
41,1996,id08_28_01,兵庫県１区,当,1,52064,33.6,石井一,男,1934/8/17 0:00,9,進,生,,前,
41,1996,id08_28_01,兵庫県１区,比当,2,50181,32.4,砂田圭佑,男,1933/11/21 0:00,,自,,,新,
41,1996,id08_28_01,兵庫県１区,-,3,32744,21.1,松田隆彦,,,,共,,,新,
41,1996,id08_28_01,兵庫県１区,-,3,14508,9.4,上野恵司,,,,会,,,新,
41,1996,id08_28_01,兵庫県１区,-,3,5567,3.6,宮後恵喜,,,,合,,,新,
41,1996,id08_28_02,兵庫県２区,当,1,63676,34.2,赤羽一嘉,男,1958/5/7 0:00,2,進,公,,前,
41,1996,id08_28_02,兵庫県２区,-,3,54570,29.3,奥谷通,,,,自,,,新,
41,1996,id08_28_02,兵庫県２区,-,3,34699,18.6,井村弘子,女,1946/7/3 0:00,,共,,,新,
41,1996,id08_28_02,兵庫県２区,-,3,30537,16.4,高見裕一,,,,さ,日,,前,民主
41,1996,id08_28_02,兵庫県２区,-,3,2744,1.5,清水和一郎,,,,諸,,,新,
41,1996,id08_28_03,兵庫県３区,当,1,57368,34.8,土肥隆一,男,1939/2/11 0:00,3,改,社,,前,新進・民主・公明
41,1996,id08_28_03,兵庫県３区,-,3,40556,24.6,加藤英一,,,,自,,,新,
41,1996,id08_28_03,兵庫県３区,-,3,33487,20.3,岡崎宏美,,,,会,,,前,
41,1996,id08_28_03,兵庫県３区,-,3,27844,16.9,福田道代,,,,共,,,新,
41,1996,id08_28_03,兵庫県３区,-,3,5686,3.4,谷口秀二,,,,諸,,,新,
41,1996,id08_28_04,兵庫県４区,当,1,110873,49.5,井上喜一,男,1932/5/24 0:00,4,進,生,,前,
41,1996,id08_28_04,兵庫県４区,-,3,65224,29.1,小西俊一,,,,自,,,新,
41,1996,id08_28_04,兵庫県４区,-,3,24649,11,金田峰生,男,1965/8/25 0:00,,共,,,新,
41,1996,id08_28_04,兵庫県４区,-,3,23361,10.4,吉村誠司,,,,民,,,新,
41,1996,id08_28_05,兵庫県５区,当,1,108180,47.9,谷洋一,,,8,自,渡,志帥会,前,
41,1996,id08_28_05,兵庫県５区,-,3,91989,40.7,吉岡賢治,,,,改,社,,前,新進・民主・公明
41,1996,id08_28_05,兵庫県５区,-,3,25881,11.4,前田均,,,,共,,,新,
41,1996,id08_28_06,兵庫県６区,当,1,89672,38.3,小池百合子,女,1952/7/15 0:00,2,進,日,,前,
41,1996,id08_28_06,兵庫県６区,比当,2,81398,34.7,阪上善秀,男,1947/8/4 0:00,,自,,,新,
41,1996,id08_28_06,兵庫県６区,-,3,32210,13.8,佐伯勉,,,,共,,,新,
41,1996,id08_28_06,兵庫県６区,-,3,26594,11.4,間脇八蔵,,,,民,,,新,
41,1996,id08_28_06,兵庫県６区,-,3,4376,1.9,鈴木邦重,,,,合,,,新,
41,1996,id08_28_07,兵庫県７区,当,1,102684,46.6,土井たか子,女,1928/11/30 0:00,10,社,,,前,
41,1996,id08_28_07,兵庫県７区,-,3,71288,32.3,今西永兒,,,,進,,,新,
41,1996,id08_28_07,兵庫県７区,-,3,25437,11.5,肥塚博志,,,,自,,,新,
41,1996,id08_28_07,兵庫県７区,-,3,21002,9.5,礒見恵子,女,1957/2/12 0:00,,共,,,新,
41,1996,id08_28_08,兵庫県８区,当,1,70849,34.3,冬柴鉄三,男,1936/6/29 0:00,4,進,公,,前,
41,1996,id08_28_08,兵庫県８区,-,3,55844,27,室井邦彦,男,1947/4/10 0:00,,自,,,新,
41,1996,id08_28_08,兵庫県８区,比当,2,41166,19.9,藤木洋子,,,,共,,,元,
41,1996,id08_28_08,兵庫県８区,-,3,23231,11.2,畑中五雄,,,,民,社,,新,
41,1996,id08_28_08,兵庫県８区,-,3,8247,4,小西純一郎,,,,会,,,新,
41,1996,id08_28_08,兵庫県８区,-,3,6058,2.9,武田正昭,,,,無,,,新,
41,1996,id08_28_08,兵庫県８区,-,3,1312,0.6,鈴木剛,,,,合,,,新,
41,1996,id08_28_09,兵庫県９区,当,1,75274,38.4,宮本一三,男,1931/9/7 0:00,2,進,生,,前,
41,1996,id08_28_09,兵庫県９区,比当,2,67329,34.4,原健三郎,,,,自,渡,志帥会,前,
41,1996,id08_28_09,兵庫県９区,-,3,28515,14.5,若宮清,,,,民,さ,,新,
41,1996,id08_28_09,兵庫県９区,-,3,24865,12.7,石井晋,,,,共,,,新,
41,1996,id08_28_10,兵庫県１０区,当,1,77919,43.1,塩田晋,,,4,進,,,元,
41,1996,id08_28_10,兵庫県１０区,-,3,74615,41.3,渡海紀三朗,男,1948/2/11 0:00,,さ,,,前,自民
41,1996,id08_28_10,兵庫県１０区,-,3,16836,9.3,大椙鉄夫,男,1948/4/9 0:00,,共,,,新,
41,1996,id08_28_10,兵庫県１０区,-,3,11432,6.3,中西裕三,,,,会,,,新,
41,1996,id08_28_11,兵庫県１１区,当,1,64896,32.8,戸井田徹,男,1951/11/25 0:00,1,自,,,新,
41,1996,id08_28_11,兵庫県１１区,-,3,61185,30.9,五島壮,,,,進,,,新,
41,1996,id08_28_11,兵庫県１１区,-,3,28303,14.3,後藤茂,,,,民,市,,前,
41,1996,id08_28_11,兵庫県１１区,-,3,27371,13.8,松本剛明,男,1959/4/25 0:00,,無,,,新,
41,1996,id08_28_11,兵庫県１１区,-,3,15970,8.1,南光勝美,,,,共,,,新,
41,1996,id08_28_12,兵庫県１２区,当,1,94936,48.7,河本三郎,男,1950/9/7 0:00,1,自,,,新,
41,1996,id08_28_12,兵庫県１２区,-,3,80408,41.3,山口壮,男,1954/10/3 0:00,,進,,,新,
41,1996,id08_28_12,兵庫県１２区,-,3,19492,10,太田清幸,男,1955/6/10 0:00,,共,,,新,
41,1996,id08_29_01,奈良県１区,当,1,60507,37,高市早苗,女,1961/3/7 0:00,2,進,由,,前,
41,1996,id08_29_01,奈良県１区,-,3,50249,30.7,森岡正宏,男,1943/1/29 0:00,,自,,,新,
41,1996,id08_29_01,奈良県１区,比当,2,33802,20.7,辻第一,,,,共,,,元,
41,1996,id08_29_01,奈良県１区,比当,2,18994,11.6,家西悟,,,,民,,,新,
41,1996,id08_29_02,奈良県２区,当,1,65679,41.3,滝実,男,1938/9/15 0:00,1,自,,,新,
41,1996,id08_29_02,奈良県２区,-,3,45837,28.8,鎌田博貴,,,,進,,,新,
41,1996,id08_29_02,奈良県２区,-,3,24476,15.4,宇賀神せつ子,,,,共,,,新,
41,1996,id08_29_02,奈良県２区,-,3,17513,11,田中惟允,,,,民,,,新,
41,1996,id08_29_02,奈良県２区,-,3,5641,3.5,岡井康弘,,,,合,日,,新,
41,1996,id08_29_03,奈良県３区,当,1,72682,42.1,奥野誠亮,,,12,自,,,前,
41,1996,id08_29_03,奈良県３区,-,3,64671,37.5,森本晃司,,,,進,公,,前,
41,1996,id08_29_03,奈良県３区,-,3,18465,10.7,鎌野祥二,,,,共,,,新,
41,1996,id08_29_03,奈良県３区,-,3,16647,9.7,和田作郎,,,,民,,,新,
41,1996,id08_29_04,奈良県４区,当,1,80397,44.6,前田武志,,,4,進,生,,前,
41,1996,id08_29_04,奈良県４区,比当,2,79759,44.2,田野瀬良太郎,男,1943/10/31 0:00,,自,渡,志帥会,前,
41,1996,id08_29_04,奈良県４区,-,3,12058,6.7,樋口兼三郎,,,,共,,,新,
41,1996,id08_29_04,奈良県４区,-,3,8111,4.5,村田光,,,,民,社,,新,
41,1996,id08_30_01,和歌山県１区,当,1,66428,35.9,中西啓介,,,7,進,生,,元,
41,1996,id08_30_01,和歌山県１区,-,3,58119,31.4,旅田卓宗,,,,無,,,新,
41,1996,id08_30_01,和歌山県１区,-,3,34851,18.8,東力,,,,自,,,元,
41,1996,id08_30_01,和歌山県１区,-,3,25016,13.5,奥村明春,,,,共,,,新,
41,1996,id08_30_01,和歌山県１区,-,3,872,0.5,田畑真佐子,,,,無,,,新,
41,1996,id08_30_02,和歌山県２区,当,1,74734,52.5,岸本光造,,,2,自,渡,志帥会,前,
41,1996,id08_30_02,和歌山県２区,-,3,48048,33.7,鶴保庸介,,,,進,,,新,
41,1996,id08_30_02,和歌山県２区,-,3,19637,13.8,吉田小雪,,,,共,,,新,
41,1996,id08_30_03,和歌山県３区,当,1,115681,49.2,二階俊博,男,1939/2/17 0:00,5,進,生,,前,
41,1996,id08_30_03,和歌山県３区,比当,2,101074,43,野田実,,,,自,三,清和会,前,
41,1996,id08_30_03,和歌山県３区,-,3,18155,7.7,原矢寸久,男,1951/10/21 0:00,,共,,,新,
41,1996,id09_31_01,鳥取県１区,当,1,94147,62.5,石破茂,男,1957/2/4 0:00,4,無,進,,前,
41,1996,id09_31_01,鳥取県１区,-,3,28496,18.9,知久馬二三子,,,,社,,,新,さきがけ
41,1996,id09_31_01,鳥取県１区,-,3,14845,9.9,岩永尚之,男,1956/11/26 0:00,,共,,,新,
41,1996,id09_31_01,鳥取県１区,-,3,13221,8.8,山田篤,,,,会,社,,新,
41,1996,id09_31_02,鳥取県２区,当,1,69256,46.4,相沢英之,,,8,自,宮,宏池会,前,
41,1996,id09_31_02,鳥取県２区,-,3,64199,43.1,山内功,男,1954/10/16 0:00,,進,,,新,
41,1996,id09_31_02,鳥取県２区,-,3,15665,10.5,長尾達也,,,,共,,,新,
41,1996,id09_32_01,島根県１区,当,1,73907,52.1,細田博之,男,1944/4/5 0:00,3,自,三,清和会,前,
41,1996,id09_32_01,島根県１区,比当,2,46481,32.8,石橋大吉,,,,民,社,,前,
41,1996,id09_32_01,島根県１区,-,3,21416,15.1,中林佳子,女,1945/12/2 0:00,,共,,,元,
41,1996,id09_32_02,島根県２区,当,1,86462,54.4,竹下登,,,14,自,,,前,
41,1996,id09_32_02,島根県２区,-,3,62790,39.5,錦織淳,男,1945/7/30 0:00,,さ,,,前,民主
41,1996,id09_32_02,島根県２区,-,3,9822,6.2,佐々木洋子,,,,共,,,新,
41,1996,id09_32_03,島根県３区,当,1,82526,58.2,亀井久興,男,1939/11/8 0:00,2,自,,,元,
41,1996,id09_32_03,島根県３区,-,3,30313,21.4,大橋弘昌,,,,進,,,新,
41,1996,id09_32_03,島根県３区,-,3,19399,13.7,出島千鶴子,,,,社,,,新,
41,1996,id09_32_03,島根県３区,-,3,9641,6.8,平田守,,,,共,,,新,
41,1996,id09_33_01,岡山県１区,当,1,116639,61.1,逢沢一郎,男,1954/6/10 0:00,4,自,宮,宏池会,前,さきがけ
41,1996,id09_33_01,岡山県１区,-,3,54651,28.6,日笠勝之,,,,進,公,,前,
41,1996,id09_33_01,岡山県１区,-,3,19743,10.3,森脇久紀,,,,共,,,新,
41,1996,id09_33_02,岡山県２区,当,1,88569,54.8,熊代昭彦,男,1940/2/21 0:00,2,自,小,平成研,前,
41,1996,id09_33_02,岡山県２区,比当,2,51551,31.9,中桐伸五,,,,民,,,新,
41,1996,id09_33_02,岡山県２区,-,3,21431,13.3,尾崎宏子,女,1956/9/16 0:00,,共,,,新,
41,1996,id09_33_03,岡山県３区,当,1,130101,65.3,平沼赳夫,男,1939/8/3 0:00,6,自,三,清和会,前,
41,1996,id09_33_03,岡山県３区,-,3,53653,26.9,西岡憲康,,,,進,日,,新,
41,1996,id09_33_03,岡山県３区,-,3,15425,7.7,長畑竜介,,,,共,,,新,
41,1996,id09_33_04,岡山県４区,当,1,152595,68,橋本竜太郎,,,12,自,小,平成研,前,
41,1996,id09_33_04,岡山県４区,比当,2,56646,25.2,加藤六月,,,,進,生,,前,
41,1996,id09_33_04,岡山県４区,-,3,15173,6.8,垣内雄一,男,1964/9/2 0:00,,共,,,新,
41,1996,id09_33_05,岡山県５区,当,1,125188,66.8,村田吉隆,男,1944/7/30 0:00,3,自,宮,宏池会,前,
41,1996,id09_33_05,岡山県５区,-,3,42555,22.7,木口京子,,,,民,さ,,新,新進・さきがけ
41,1996,id09_33_05,岡山県５区,-,3,12344,6.6,斉藤玲子,,,,共,,,新,
41,1996,id09_33_05,岡山県５区,-,3,7296,3.9,福田哲也,,,,会,,,新,
41,1996,id09_34_01,広島県１区,当,1,64709,44.1,岸田文雄,男,1957/7/29 0:00,2,自,宮,宏池会,前,
41,1996,id09_34_01,広島県１区,-,3,42108,28.7,中原好治,,,,進,日,,新,
41,1996,id09_34_01,広島県１区,-,3,12301,8.4,松坂知恒,,,,社,,,新,
41,1996,id09_34_01,広島県１区,-,3,11128,7.6,平野光徳,,,,共,,,新,
41,1996,id09_34_01,広島県１区,-,3,9746,6.6,堀間禎子,,,,民,社,,新,
41,1996,id09_34_01,広島県１区,-,3,5930,4,信井裕子,,,,会,,,新,
41,1996,id09_34_01,広島県１区,-,3,939,0.6,新本均,,,,無,,,新,
41,1996,id09_34_02,広島県２区,当,1,67876,34.7,粟屋敏信,,,4,進,生,,前,
41,1996,id09_34_02,広島県２区,比当,2,60968,31.2,檜田仁,,,,自,,,新,
41,1996,id09_34_02,広島県２区,比当,2,48142,24.6,秋葉忠利,男,1942/11/3 0:00,,社,,,前,さきがけ・自連
41,1996,id09_34_02,広島県２区,-,3,14688,7.5,牧野輝子,,,,共,,,新,
41,1996,id09_34_02,広島県２区,-,3,3862,2,翫正敏,,,,会,,,新,
41,1996,id09_34_03,広島県３区,当,1,65928,38.3,河井克行,男,1963/3/11 0:00,1,自,小,平成研,新,
41,1996,id09_34_03,広島県３区,-,3,57516,33.4,増原義剛,男,1945/6/1 0:00,,進,,,新,
41,1996,id09_34_03,広島県３区,-,3,18714,10.9,辻駒啓三,,,,会,,,新,
41,1996,id09_34_03,広島県３区,-,3,16476,9.6,片山春子,,,,社,,,新,さきがけ
41,1996,id09_34_03,広島県３区,-,3,13506,7.8,田中富範,,,,共,,,新,
41,1996,id09_34_04,広島県４区,当,1,97056,69.7,中川秀直,男,1944/2/2 0:00,6,自,三,清和会,前,
41,1996,id09_34_04,広島県４区,-,3,27875,20,秋光民恵,,,,会,,,新,
41,1996,id09_34_04,広島県４区,-,3,14365,10.3,西岡潤,,,,共,,,新,
41,1996,id09_34_05,広島県５区,当,1,105602,59.7,池田行彦,,,8,自,宮,宏池会,前,
41,1996,id09_34_05,広島県５区,-,3,45849,25.9,森井忠良,,,,民,社,,前,
41,1996,id09_34_05,広島県５区,-,3,14851,8.4,八山雪光,,,,会,,,新,
41,1996,id09_34_05,広島県５区,-,3,10468,5.9,堀越和行,,,,共,,,新,
41,1996,id09_34_06,広島県６区,当,1,122071,48.8,亀井静香,男,1936/11/1 0:00,7,自,三,清和会,前,
41,1996,id09_34_06,広島県６区,-,3,88391,35.4,佐藤公治,男,1959/7/28 0:00,,進,,,新,
41,1996,id09_34_06,広島県６区,-,3,29092,11.6,小森龍邦,,,,会,社,,前,
41,1996,id09_34_06,広島県６区,-,3,10373,4.2,橋本奉文,,,,共,,,新,
41,1996,id09_34_07,広島県７区,当,1,95045,47.3,宮沢喜一,,,11,自,宮,宏池会,前,
41,1996,id09_34_07,広島県７区,-,3,69603,34.7,柳田稔,,,,進,民,,前,
41,1996,id09_34_07,広島県７区,-,3,21240,10.6,高橋晋作,,,,会,,,新,
41,1996,id09_34_07,広島県７区,-,3,14915,7.4,清水松太郎,,,,共,,,新,
41,1996,id09_35_01,山口県１区,当,1,125924,72.6,高村正彦,男,1942/3/15 0:00,6,自,河,志公会,前,
41,1996,id09_35_01,山口県１区,-,3,39268,22.6,林洋武,,,,共,,,新,
41,1996,id09_35_01,山口県１区,-,3,8325,4.8,三好一平,,,,無,,,新,
41,1996,id09_35_02,山口県２区,当,1,81108,38.6,佐藤信二,,,7,自,小,平成研,前,
41,1996,id09_35_02,山口県２区,-,3,78944,37.6,松岡満寿男,,,,進,日,,前,
41,1996,id09_35_02,山口県２区,-,3,33428,15.9,山田健一,,,,民,社,,新,
41,1996,id09_35_02,山口県２区,-,3,13710,6.5,山中良二,男,1959/1/17 0:00,,共,,,新,
41,1996,id09_35_02,山口県２区,-,3,2854,1.4,吉川肇造,,,,会,,,新,
41,1996,id09_35_03,山口県３区,当,1,108995,69.5,河村建夫,男,1942/11/10 0:00,3,自,三,清和会,前,
41,1996,id09_35_03,山口県３区,-,3,29337,18.7,天満屋是清,,,,共,,,新,
41,1996,id09_35_03,山口県３区,-,3,12834,8.2,佐々木信夫,,,,無,,,新,
41,1996,id09_35_03,山口県３区,-,3,5599,3.6,伊藤悦雄,,,,無,,,新,
41,1996,id09_35_04,山口県４区,当,1,93459,54.3,安倍晋三,男,1954/9/21 0:00,2,自,三,清和会,前,
41,1996,id09_35_04,山口県４区,-,3,59676,34.7,古賀敬章,男,1953/4/25 0:00,,進,生,,前,
41,1996,id09_35_04,山口県４区,-,3,18853,11,池之上博,,,,共,,,新,
41,1996,id10_36_01,徳島県１区,当,1,47057,37.7,仙谷由人,男,1946/1/15 0:00,2,民,社,,元,
41,1996,id10_36_01,徳島県１区,-,3,41133,33,三木俊治,,,,自,,,新,
41,1996,id10_36_01,徳島県１区,-,3,23684,19,太田宏美,,,,進,,,新,
41,1996,id10_36_01,徳島県１区,-,3,11092,8.9,上村秀明,男,1959/1/1 0:00,,共,,,新,
41,1996,id10_36_01,徳島県１区,-,3,1739,1.4,金丸昌弘,,,,無,,,新,
41,1996,id10_36_02,徳島県２区,当,1,86663,73,山口俊一,男,1950/2/28 0:00,3,自,渡,志帥会,前,さきがけ
41,1996,id10_36_02,徳島県２区,-,3,16576,14,カコイ浩一,,,,共,,,新,
41,1996,id10_36_02,徳島県２区,-,3,15469,13,河村洋二,,,,会,,,新,
41,1996,id10_36_03,徳島県３区,当,1,64762,47.6,岩浅嘉仁,,,2,進,生,,前,
41,1996,id10_36_03,徳島県３区,-,3,61113,44.9,三木申三,,,,自,,,新,
41,1996,id10_36_03,徳島県３区,-,3,10138,7.5,久米誠司,,,,共,,,新,
41,1996,id10_37_01,香川県１区,当,1,62612,36.3,藤本孝雄,,,10,自,河,志公会,前,
41,1996,id10_37_01,香川県１区,-,3,55578,32.2,平井卓也,男,1958/1/25 0:00,,進,,,新,
41,1996,id10_37_01,香川県１区,-,3,31501,18.3,真鍋光広,,,,民,さ,,元,
41,1996,id10_37_01,香川県１区,-,3,12964,7.5,加藤繁秋,,,,社,,,元,
41,1996,id10_37_01,香川県１区,-,3,9737,5.6,河村整,男,1959/6/6 0:00,,共,,,新,
41,1996,id10_37_02,香川県２区,当,1,98531,78.7,木村義雄,男,1948/4/17 0:00,4,自,渡,志帥会,前,
41,1996,id10_37_02,香川県２区,-,3,26658,21.3,松村久,,,,共,,,新,
41,1996,id10_37_03,香川県３区,当,1,79870,48.9,大野功統,男,1935/10/16 0:00,4,自,渡,志帥会,前,
41,1996,id10_37_03,香川県３区,-,3,62468,38.3,月原茂皓,,,,進,生,,前,
41,1996,id10_37_03,香川県３区,-,3,13026,8,奥田研二,男,1945/6/11 0:00,,社,,,新,さきがけ
41,1996,id10_37_03,香川県３区,-,3,7917,4.8,中谷浩一,,,,共,,,新,
41,1996,id10_38_01,愛媛県１区,当,1,90305,45.3,関谷勝嗣,,,8,自,渡,志帥会,前,
41,1996,id10_38_01,愛媛県１区,-,3,85794,43.1,中村時広,,,,進,日,,前,
41,1996,id10_38_01,愛媛県１区,-,3,17437,8.8,佐々木泉,,,,共,,,新,
41,1996,id10_38_01,愛媛県１区,-,3,5652,2.8,中島清延,,,,会,社,,新,
41,1996,id10_38_02,愛媛県２区,当,1,118966,70.3,村上誠一郎,男,1952/5/11 0:00,4,自,河,志公会,前,
41,1996,id10_38_02,愛媛県２区,-,3,27060,16,梅崎雪男,,,,社,,,新,
41,1996,id10_38_02,愛媛県２区,-,3,23143,13.7,谷田慶子,,,,共,,,新,
41,1996,id10_38_03,愛媛県３区,当,1,80415,52.6,小野晋也,男,1955/4/28 0:00,2,自,三,清和会,前,
41,1996,id10_38_03,愛媛県３区,-,3,38484,25.2,藤田高敏,,,,社,,,元,
41,1996,id10_38_03,愛媛県３区,-,3,22038,14.4,日野啓佑,,,,進,日,,新,
41,1996,id10_38_03,愛媛県３区,-,3,11982,7.8,平本哲郎,,,,共,,,新,
41,1996,id10_38_04,愛媛県４区,当,1,113587,61,山本公一,男,1947/9/4 0:00,2,自,宮,宏池会,前,
41,1996,id10_38_04,愛媛県４区,-,3,61244,32.9,高橋英吾,,,,進,自,,新,
41,1996,id10_38_04,愛媛県４区,-,3,11314,6.1,石本憲一,男,1947/1/2 0:00,,共,,,新,
41,1996,id10_39_01,高知県１区,当,1,33523,28.6,山原健二郎,,,10,共,,,前,
41,1996,id10_39_01,高知県１区,比当,2,31391,26.7,五島正規,男,1939/3/5 0:00,,民,社,,前,自民・さきがけ
41,1996,id10_39_01,高知県１区,-,3,30281,25.8,石田祝稔,男,1951/9/1 0:00,,進,公,,前,
41,1996,id10_39_01,高知県１区,-,3,21480,18.3,谷相勝二,,,,無,,,新,
41,1996,id10_39_01,高知県１区,-,3,678,0.6,横田達雄,,,,無,,,新,
41,1996,id10_39_02,高知県２区,当,1,72772,62.9,中谷元,男,1957/10/14 0:00,3,自,宮,宏池会,前,さきがけ
41,1996,id10_39_02,高知県２区,-,3,26018,22.5,谷崎治之,男,1959/1/16 0:00,,共,,,新,
41,1996,id10_39_02,高知県２区,-,3,16820,14.5,浜田嘉彦,,,,会,,,新,
41,1996,id10_39_03,高知県３区,当,1,72961,56.1,山本有二,男,1952/5/11 0:00,3,自,河,志公会,前,さきがけ
41,1996,id10_39_03,高知県３区,-,3,37484,28.8,広田勝,,,,無,自,,新,新進・公明
41,1996,id10_39_03,高知県３区,比当,2,19549,15,春名真章,,,,共,,,新,
41,1996,id11_40_01,福岡県１区,当,1,74537,46.7,松本龍,男,1951/5/17 0:00,3,民,社,,前,
41,1996,id11_40_01,福岡県１区,-,3,56748,35.5,西田藤二,,,,自,,,新,
41,1996,id11_40_01,福岡県１区,-,3,21839,13.7,大賀サワ子,,,,共,,,新,
41,1996,id11_40_01,福岡県１区,-,3,6629,4.1,山口実,,,,諸,,,新,
41,1996,id11_40_02,福岡県２区,当,1,98095,49.2,山崎拓,男,1936/12/11 0:00,9,自,渡,志帥会,前,
41,1996,id11_40_02,福岡県２区,-,3,73066,36.7,山崎広太郎,,,,進,日,,前,
41,1996,id11_40_02,福岡県２区,-,3,19151,9.6,長尾正昭,,,,共,,,新,
41,1996,id11_40_02,福岡県２区,-,3,6242,3.1,中願寺純隆,,,,無,,,新,
41,1996,id11_40_02,福岡県２区,-,3,2663,1.3,岡地緑,,,,合,,,新,
41,1996,id11_40_03,福岡県３区,当,1,88953,49,太田誠一,男,1945/10/30 0:00,6,自,進,,前,
41,1996,id11_40_03,福岡県３区,-,3,66788,36.8,楢崎欣弥,男,1943/8/19 0:00,,進,,,新,
41,1996,id11_40_03,福岡県３区,-,3,21421,11.8,高田裕治,,,,共,,,新,
41,1996,id11_40_03,福岡県３区,-,3,4560,2.5,矢野匡,,,,合,,,新,
41,1996,id11_40_04,福岡県４区,当,1,86765,50.4,渡辺具能,男,1941/4/7 0:00,1,自,,,新,
41,1996,id11_40_04,福岡県４区,-,3,62051,36.1,東順治,男,1946/10/6 0:00,,進,公,,前,
41,1996,id11_40_04,福岡県４区,-,3,19211,11.2,吉田照雄,,,,共,,,新,
41,1996,id11_40_04,福岡県４区,-,3,3984,2.3,畑江隆,,,,合,,,新,
41,1996,id11_40_05,福岡県５区,当,1,85399,43.2,原田義昭,男,1944/10/1 0:00,2,自,,,元,
41,1996,id11_40_05,福岡県５区,-,3,66353,33.6,楠田幹人,,,,進,,,新,
41,1996,id11_40_05,福岡県５区,-,3,25810,13.1,佐藤耕造,,,,合,,,新,
41,1996,id11_40_05,福岡県５区,-,3,19895,10.1,木原民也,,,,共,,,新,
41,1996,id11_40_06,福岡県６区,当,1,106262,53.6,古賀正浩,,,4,進,生,,前,
41,1996,id11_40_06,福岡県６区,-,3,71742,36.2,根城堅,,,,自,,,新,
41,1996,id11_40_06,福岡県６区,-,3,20368,10.3,丸林秀彦,,,,共,,,新,
41,1996,id11_40_07,福岡県７区,当,1,90432,42.2,古賀誠,男,1940/8/5 0:00,6,自,宮,宏池会,前,
41,1996,id11_40_07,福岡県７区,-,3,69305,32.4,塩塚公一,,,,進,,,新,
41,1996,id11_40_07,福岡県７区,-,3,38885,18.2,細谷治通,,,,民,社,,前,
41,1996,id11_40_07,福岡県７区,-,3,15452,7.2,笠原忠雄,,,,共,,,新,
41,1996,id11_40_08,福岡県８区,当,1,114408,50.5,麻生太郎,男,1940/9/20 0:00,6,自,宮,宏池会,前,
41,1996,id11_40_08,福岡県８区,比当,2,80974,35.7,岩田順介,,,,民,社,,前,
41,1996,id11_40_08,福岡県８区,-,3,31206,13.8,本田文吉,,,,共,,,新,
41,1996,id11_40_09,福岡県９区,当,1,91757,42.6,北橋健治,男,1953/3/19 0:00,3,進,民,,前,
41,1996,id11_40_09,福岡県９区,-,3,76974,35.7,三原朝彦,男,1947/5/23 0:00,,さ,,,前,自民
41,1996,id11_40_09,福岡県９区,-,3,46656,21.7,小沢和秋,,,,共,,,元,
41,1996,id11_40_10,福岡県１０区,当,1,95967,43.9,自見庄三郎,男,1945/11/5 0:00,5,自,渡,志帥会,前,
41,1996,id11_40_10,福岡県１０区,-,3,81678,37.4,弘友和夫,,,,進,公,,前,
41,1996,id11_40_10,福岡県１０区,-,3,36118,16.5,木下紀男,,,,共,,,新,
41,1996,id11_40_10,福岡県１０区,-,3,4826,2.2,中島英孝,,,,合,,,新,
41,1996,id11_40_11,福岡県１１区,当,1,66798,38.6,山本幸三,男,1948/8/8 0:00,2,進,生,,前,
41,1996,id11_40_11,福岡県１１区,比当,2,51569,29.8,中西績介,,,,社,,,前,さきがけ
41,1996,id11_40_11,福岡県１１区,-,3,42152,24.3,武田良太,男,1968/4/1 0:00,,自,,,新,
41,1996,id11_40_11,福岡県１１区,-,3,12741,7.4,猪本忠夫,,,,共,,,新,
41,1996,id11_41_01,佐賀県１区,当,1,62515,39,原口一博,男,1959/7/2 0:00,1,進,自,,新,民主
41,1996,id11_41_01,佐賀県１区,比当,2,60286,37.6,坂井隆憲,,,,自,三,清和会,前,
41,1996,id11_41_01,佐賀県１区,-,3,27514,17.1,緒方克陽,,,,社,,,前,さきがけ
41,1996,id11_41_01,佐賀県１区,-,3,7670,4.8,上村泰稔,男,1965/5/4 0:00,,共,,,新,
41,1996,id11_41_01,佐賀県１区,-,3,2493,1.6,木村隆,男,1951/1/27 0:00,,合,,,新,
41,1996,id11_41_02,佐賀県２区,当,1,75072,55.8,今村雅弘,男,1947/1/5 0:00,1,自,,,新,
41,1996,id11_41_02,佐賀県２区,-,3,49337,36.7,横尾俊彦,,,,進,日,,新,
41,1996,id11_41_02,佐賀県２区,-,3,8420,6.3,平川明宏,,,,共,,,新,
41,1996,id11_41_02,佐賀県２区,-,3,1643,1.2,永田秀行,,,,合,,,新,
41,1996,id11_41_03,佐賀県３区,当,1,91871,68,保利耕輔,男,1934/9/23 0:00,7,自,,,前,
41,1996,id11_41_03,佐賀県３区,-,3,22409,16.6,天本俊正,,,,進,,,新,
41,1996,id11_41_03,佐賀県３区,-,3,11248,8.3,田中太朗,,,,合,,,新,民主
41,1996,id11_41_03,佐賀県３区,-,3,9622,7.1,山崎康弘,,,,共,,,新,
41,1996,id11_42_01,長崎県１区,当,1,84464,41.1,西岡武夫,,,11,進,自,,前,
41,1996,id11_42_01,長崎県１区,-,3,71499,34.8,宮島大典,男,1963/6/6 0:00,,自,,,新,
41,1996,id11_42_01,長崎県１区,-,3,31371,15.3,田口健二,,,,民,社,,前,
41,1996,id11_42_01,長崎県１区,-,3,18317,8.9,寺田善則,,,,共,,,新,
41,1996,id11_42_02,長崎県２区,当,1,104538,51.4,久間章生,男,1940/12/4 0:00,6,自,小,平成研,前,
41,1996,id11_42_02,長崎県２区,-,3,84375,41.5,初村謙一郎,,,,進,日,,前,
41,1996,id11_42_02,長崎県２区,-,3,14468,7.1,清水秀記,,,,共,,,新,
41,1996,id11_42_03,長崎県３区,当,1,79735,52.2,虎島和夫,,,4,自,三,清和会,前,
41,1996,id11_42_03,長崎県３区,-,3,65084,42.6,山田正彦,男,1942/4/8 0:00,,進,生,,前,
41,1996,id11_42_03,長崎県３区,-,3,7883,5.2,佐々田勇二,,,,共,,,新,
41,1996,id11_42_04,長崎県４区,当,1,95117,50.4,金子原二郎,,,5,自,宮,宏池会,前,
41,1996,id11_42_04,長崎県４区,-,3,56403,29.9,松田九郎,,,,進,自,,元,
41,1996,id11_42_04,長崎県４区,-,3,29424,15.6,山崎泉,男,1973/4/18 0:00,,民,社,,前,
41,1996,id11_42_04,長崎県４区,-,3,7092,3.8,中尾武憲,,,,共,,,新,
41,1996,id11_42_04,長崎県４区,-,3,825,0.4,藤浪敬司,,,,合,,,新,
41,1996,id11_43_01,熊本県１区,当,1,85682,44.4,細川護煕,,,2,進,日,,前,
41,1996,id11_43_01,熊本県１区,-,3,49106,25.4,岩下栄一,,,,自,,,新,
41,1996,id11_43_01,熊本県１区,-,3,27024,14,田中昭一,,,,民,社,,前,
41,1996,id11_43_01,熊本県１区,-,3,15034,7.8,野田将晴,,,,無,,,新,
41,1996,id11_43_01,熊本県１区,-,3,14569,7.5,川上紗智子,,,,共,,,新,
41,1996,id11_43_01,熊本県１区,-,3,1601,0.8,園田浩幹,,,,合,,,新,
41,1996,id11_43_02,熊本県２区,当,1,97238,50.2,野田毅,男,1941/10/3 0:00,9,進,自,,前,
41,1996,id11_43_02,熊本県２区,-,3,79245,40.9,林田彪,男,1944/4/4 0:00,,自,,,新,
41,1996,id11_43_02,熊本県２区,-,3,8983,4.6,立石武博,,,,共,,,新,
41,1996,id11_43_02,熊本県２区,-,3,8393,4.3,栗原隆,,,,会,社,,新,
41,1996,id11_43_03,熊本県３区,当,1,80725,45.1,松岡利勝,男,1945/2/25 0:00,3,自,三,清和会,前,
41,1996,id11_43_03,熊本県３区,-,3,79460,44.4,魚住汎英,,,,進,生,,元,
41,1996,id11_43_03,熊本県３区,-,3,12458,7,園田原三,,,,社,,,新,
41,1996,id11_43_03,熊本県３区,-,3,6481,3.6,安達安人,,,,共,,,新,
41,1996,id11_43_04,熊本県４区,当,1,117441,59,園田博之,男,1942/2/19 0:00,4,さ,,,前,自民・社民
41,1996,id11_43_04,熊本県４区,-,3,73231,36.8,安田公寛,,,,進,日,,新,
41,1996,id11_43_04,熊本県４区,-,3,8511,4.3,山本伸裕,,,,共,,,新,
41,1996,id11_43_05,熊本県５区,当,1,84275,49.5,矢上雅義,男,1960/8/8 0:00,2,進,日,,前,
41,1996,id11_43_05,熊本県５区,-,3,76730,45,渡瀬憲明,,,,自,河,志公会,前,
41,1996,id11_43_05,熊本県５区,-,3,7381,4.3,橋田芳昭,男,1955/10/20 0:00,,共,,,新,
41,1996,id11_43_05,熊本県５区,-,3,1944,1.1,藤田重幸,,,,合,,,新,
41,1996,id11_44_01,大分県１区,当,1,106258,59.5,村山富市,,,8,社,,,前,
41,1996,id11_44_01,大分県１区,比当,2,57301,32.1,衛藤晟一,男,1947/10/1 0:00,,自,三,清和会,前,
41,1996,id11_44_01,大分県１区,-,3,10666,6,三重野昇,,,,共,,,新,
41,1996,id11_44_01,大分県１区,-,3,2813,1.6,友沢康博,,,,合,,,新,
41,1996,id11_44_01,大分県１区,-,3,1574,0.9,亀山教明,男,1963/6/6 0:00,,無,,,新,
41,1996,id11_44_02,大分県２区,当,1,100809,74.2,衛藤征士郎,男,1941/4/29 0:00,5,自,宮,宏池会,前,
41,1996,id11_44_02,大分県２区,-,3,20889,15.4,神河照美,,,,合,,,新,
41,1996,id11_44_02,大分県２区,-,3,14197,10.4,土井正美,,,,共,,,新,
41,1996,id11_44_03,大分県３区,当,1,77936,50.7,畑英次郎,,,7,進,生,,前,
41,1996,id11_44_03,大分県３区,-,3,63440,41.3,牧野哲朗,,,,自,,,新,
41,1996,id11_44_03,大分県３区,-,3,10375,6.7,日野洋子,,,,共,,,新,
41,1996,id11_44_03,大分県３区,-,3,1998,1.3,梅木恒明,,,,合,,,新,
41,1996,id11_44_04,大分県４区,当,1,86068,51.1,横光克彦,男,1943/11/4 0:00,2,社,,,前,自民・さきがけ
41,1996,id11_44_04,大分県４区,-,3,77621,46.1,岩屋毅,男,1957/8/24 0:00,,進,さ,,元,
41,1996,id11_44_04,大分県４区,-,3,4757,2.8,三ヶ田三十四,,,,共,,,新,
41,1996,id11_45_01,宮崎県１区,当,1,78145,41.1,中山成彬,男,1943/6/7 0:00,3,自,,,元,
41,1996,id11_45_01,宮崎県１区,-,3,75152,39.6,米沢隆,男,1940/1/28 0:00,,進,民,,前,
41,1996,id11_45_01,宮崎県１区,-,3,23730,12.5,松浦利尚,,,,社,,,元,
41,1996,id11_45_01,宮崎県１区,-,3,12025,6.3,長友ちか,,,,共,,,新,
41,1996,id11_45_01,宮崎県１区,-,3,913,0.5,椎葉憲一,,,,合,,,新,
41,1996,id11_45_02,宮崎県２区,当,1,106858,55.5,江藤隆美,,,9,自,渡,志帥会,前,
41,1996,id11_45_02,宮崎県２区,-,3,73553,38.2,谷川敏通,,,,進,,,新,
41,1996,id11_45_02,宮崎県２区,-,3,10813,5.6,野田章夫,,,,共,,,新,
41,1996,id11_45_02,宮崎県２区,-,3,1370,0.7,青郷卓治,,,,合,,,新,
41,1996,id11_45_03,宮崎県３区,当,1,89671,53.1,持永和見,,,4,自,宮,宏池会,前,
41,1996,id11_45_03,宮崎県３区,-,3,62211,36.8,古川禎久,男,1965/8/3 0:00,,進,,,新,民主
41,1996,id11_45_03,宮崎県３区,-,3,16962,10,中野健,,,,共,,,新,
41,1996,id11_46_01,鹿児島県１区,当,1,70659,48.1,保岡興治,男,1939/5/11 0:00,8,自,進,,前,
41,1996,id11_46_01,鹿児島県１区,比当,2,57761,39.4,川内博史,男,1961/11/2 0:00,,民,さ,,新,新進・さきがけ
41,1996,id11_46_01,鹿児島県１区,-,3,18365,12.5,久保田薫,,,,共,,,新,
41,1996,id11_46_02,鹿児島県２区,当,1,87471,47.9,園田修光,男,1957/3/13 0:00,1,自,,,新,
41,1996,id11_46_02,鹿児島県２区,-,3,84448,46.3,徳田虎雄,,,,合,,,前,
41,1996,id11_46_02,鹿児島県２区,-,3,10618,5.8,桂田成基,,,,共,,,新,
41,1996,id11_46_03,鹿児島県３区,当,1,107385,65.8,松下忠洋,男,1939/2/9 0:00,2,自,小,平成研,前,
41,1996,id11_46_03,鹿児島県３区,-,3,41659,25.5,平田辰一郎,,,,進,自,,元,
41,1996,id11_46_03,鹿児島県３区,-,3,14151,8.7,村山智,,,,共,,,新,
41,1996,id11_46_04,鹿児島県４区,当,1,98933,63.3,小里貞利,,,7,自,宮,宏池会,前,
41,1996,id11_46_04,鹿児島県４区,比当,2,47995,30.7,浜田健一,男,1950/7/21 0:00,,社,,,前,
41,1996,id11_46_04,鹿児島県４区,-,3,9256,5.9,川浪隆幸,,,,共,,,新,
41,1996,id11_46_05,鹿児島県５区,当,1,106373,61.3,山中貞則,,,15,自,渡,志帥会,前,
41,1996,id11_46_05,鹿児島県５区,-,3,58347,33.6,橋口良一,,,,合,,,新,
41,1996,id11_46_05,鹿児島県５区,-,3,8800,5.1,福原秋一,,,,共,,,新,
41,1996,id11_47_01,沖縄県１区,当,1,52975,30.2,白保台一,男,1942/8/3 0:00,1,進,公,,新,
41,1996,id11_47_01,沖縄県１区,比当,2,47379,27,古堅実吉,,,,共,,,前,社大
41,1996,id11_47_01,沖縄県１区,比当,2,44488,25.4,下地幹郎,男,1961/8/14 0:00,,自,,,新,
41,1996,id11_47_01,沖縄県１区,-,3,23238,13.3,西銘順志郎,,,,合,,,新,
41,1996,id11_47_01,沖縄県１区,-,3,7223,4.1,島尻昇,男,1958/6/12 0:00,,さ,日,,新,民主
41,1996,id11_47_02,沖縄県２区,当,1,66421,41.3,仲村正治,男,1931/9/6 0:00,4,進,生,,前,
41,1996,id11_47_02,沖縄県２区,-,3,51689,32.2,仲本安一,,,,諸,,,新,共産・社大・新社
41,1996,id11_47_02,沖縄県２区,-,3,18696,11.6,金城浩,男,1948/5/21 0:00,,合,,,新,
41,1996,id11_47_02,沖縄県２区,-,3,18142,11.3,金城邦男,,,,自,,,新,
41,1996,id11_47_02,沖縄県２区,-,3,5801,3.6,安里仁一郎,,,,さ,,,新,民主
41,1996,id11_47_03,沖縄県３区,当,1,80534,47,上原康助,,,10,社,,,前,
41,1996,id11_47_03,沖縄県３区,比当,2,45591,26.6,嘉数知賢,男,1941/6/1 0:00,,自,,,新,
41,1996,id11_47_03,沖縄県３区,-,3,24699,14.4,高江洲義政,,,,合,,,新,
41,1996,id11_47_03,沖縄県３区,-,3,20532,12,古堅宗嘉,,,,共,,,新,
42,2000,id01_01_01,北海道１区,当,1,132514,50.7,横路孝弘,男,1941/1/3 0:00,7,民,,,前,
42,2000,id01_01_01,北海道１区,-,3,76047,29.1,木本由孝,,,,自,,,新,保守
42,2000,id01_01_01,北海道１区,-,3,32267,12.3,小村貞三,,,,共,,,新,
42,2000,id01_01_01,北海道１区,-,3,20554,7.9,八田信之,,,,由,,,新,
42,2000,id01_01_02,北海道２区,当,1,76276,31.2,吉川貴盛,男,1950/10/20 0:00,2,自,小,平成研,前,保守
42,2000,id01_01_02,北海道２区,-,3,63965,26.1,石田幸子,,,,民,,,新,
42,2000,id01_01_02,北海道２区,-,3,60461,24.7,紙智子,,,,共,,,新,
42,2000,id01_01_02,北海道２区,-,3,19775,8.1,松木謙公,男,1959/2/22 0:00,,無,,,新,
42,2000,id01_01_02,北海道２区,-,3,15722,6.4,浅野隆雄,男,1956/6/16 0:00,,社,,,新,
42,2000,id01_01_02,北海道２区,-,3,8456,3.5,藤田勉,,,,自連,,,新,
42,2000,id01_01_03,北海道３区,当,1,96653,40.5,荒井聡,,,2,民,,,元,
42,2000,id01_01_03,北海道３区,-,3,90694,38,石崎岳,男,1955/7/9 0:00,,自,森,清和会,前,保守
42,2000,id01_01_03,北海道３区,比当,2,41499,17.4,児玉健次,,,,共,,,前,
42,2000,id01_01_03,北海道３区,-,3,9909,4.2,横山充洋,,,,自連,,,新,
42,2000,id01_01_04,北海道４区,当,1,88825,42.9,佐藤静雄,男,1941/10/9 0:00,4,自,江,志帥会,前,保守
42,2000,id01_01_04,北海道４区,-,3,81805,39.5,池田隆一,,,,民,,,元,
42,2000,id01_01_04,北海道４区,-,3,36257,17.5,琴坂禎子,,,,共,,,新,
42,2000,id01_01_05,北海道５区,当,1,123680,46,町村信孝,男,1944/10/17 0:00,6,自,森,清和会,前,公明・保守
42,2000,id01_01_05,北海道５区,-,3,84631,31.4,小林千代美,女,1968/12/8 0:00,,民,,,新,
42,2000,id01_01_05,北海道５区,-,3,35006,13,宮内聡,男,1963/4/10 0:00,,共,,,新,
42,2000,id01_01_05,北海道５区,-,3,25845,9.6,小野健太郎,,,,由,,,新,
42,2000,id01_01_06,北海道６区,当,1,70680,39.9,佐々木秀典,,,4,民,,,前,
42,2000,id01_01_06,北海道６区,-,3,68781,38.9,今津寛,男,1946/9/30 0:00,,自,小,平成研,元,保守
42,2000,id01_01_06,北海道６区,-,3,21376,12.1,真下紀子,,,,共,,,新,
42,2000,id01_01_06,北海道６区,-,3,16104,9.1,西川将人,男,1968/11/7 0:00,,由,,,新,
42,2000,id01_01_07,北海道７区,当,1,94290,49.2,金田英行,男,1942/12/30 0:00,3,自,森,清和会,前,保守
42,2000,id01_01_07,北海道７区,-,3,85553,44.6,桜庭康喜,,,,民,,,新,社民
42,2000,id01_01_07,北海道７区,-,3,11889,6.2,猿子昌正,,,,共,,,新,
42,2000,id01_01_08,北海道８区,当,1,123638,47.3,鉢呂吉雄,男,1948/1/25 0:00,4,民,,,前,社民
42,2000,id01_01_08,北海道８区,-,3,111551,42.7,佐藤孝行,,,,自,江,志帥会,前,保守
42,2000,id01_01_08,北海道８区,-,3,26345,10.1,原田有康,男,1948/8/29 0:00,,共,,,新,
42,2000,id01_01_09,北海道９区,当,1,131500,45.5,鳩山由紀夫,男,1947/2/11 0:00,5,民,,,前,
42,2000,id01_01_09,北海道９区,比当,2,128975,44.6,岩倉博文,男,1950/1/15 0:00,,自,,,新,公明・保守
42,2000,id01_01_09,北海道９区,-,3,28840,10,田沢裕一,,,,共,,,新,
42,2000,id01_01_10,北海道１０区,当,1,106221,48.2,小平忠正,男,1942/3/18 0:00,4,民,,,前,
42,2000,id01_01_10,北海道１０区,-,3,87196,39.6,山下貴史,男,1952/10/24 0:00,,自,,,新,保守
42,2000,id01_01_10,北海道１０区,-,3,26875,12.2,田中弓夫,,,,共,,,新,
42,2000,id01_01_11,北海道１１区,当,1,112297,57.7,中川昭一,男,1953/7/19 0:00,6,自,江,志帥会,前,公明・保守
42,2000,id01_01_11,北海道１１区,-,3,57486,29.6,出田基子,,,,民,,,新,
42,2000,id01_01_11,北海道１１区,-,3,24717,12.7,浅沼双枝,,,,共,,,新,
42,2000,id01_01_12,北海道１２区,当,1,100502,53.2,武部勤,男,1941/5/1 0:00,5,自,山,近未来,前,公明・保守
42,2000,id01_01_12,北海道１２区,-,3,74163,39.3,永井哲男,,,,民,,,元,
42,2000,id01_01_12,北海道１２区,-,3,14109,7.5,村口照美,,,,共,,,新,
42,2000,id01_01_13,北海道１３区,当,1,86567,46.9,北村直人,男,1947/7/7 0:00,5,自,加,宏池会,前,保守
42,2000,id01_01_13,北海道１３区,-,3,55732,30.2,仲野博子,女,1959/3/3 0:00,,民,,,新,
42,2000,id01_01_13,北海道１３区,-,3,25169,13.6,鰐淵俊之,,,,由,進,,前,
42,2000,id01_01_13,北海道１３区,-,3,16055,8.7,渋谷肇,,,,共,,,新,
42,2000,id01_01_13,北海道１３区,-,3,1071,0.6,加藤真一,,,,諸,,,新,
42,2000,id02_02_01,青森県１区,当,1,96691,51.4,津島雄二,男,1930/1/24 0:00,9,自,小,平成研,前,保守
42,2000,id02_02_01,青森県１区,-,3,40706,21.6,今村修,,,,社,,,元,
42,2000,id02_02_01,青森県１区,-,3,34645,18.4,戸来勉,,,,民,,,新,自由・無所属の会
42,2000,id02_02_01,青森県１区,-,3,16094,8.6,堀幸光,,,,共,,,新,
42,2000,id02_02_02,青森県２区,当,1,80338,46.9,三村申吾,,,1,無会,,,新,民主・自由
42,2000,id02_02_02,青森県２区,-,3,74118,43.3,江渡聡徳,男,1955/10/12 0:00,,自,河,志公会,前,保守
42,2000,id02_02_02,青森県２区,-,3,13112,7.7,木下千代治,男,1933/1/5 0:00,,社,,,新,
42,2000,id02_02_02,青森県２区,-,3,3645,2.1,工藤内記,,,,共,,,新,
42,2000,id02_02_03,青森県３区,当,1,93602,56.6,大島理森,男,1946/9/6 0:00,6,自,河,志公会,前,保守
42,2000,id02_02_03,青森県３区,-,3,64203,38.8,田名部匡代,女,1969/7/10 0:00,,民,,,新,自由・無所属の会
42,2000,id02_02_03,青森県３区,-,3,7540,4.6,松橋三夫,男,1949/7/14 0:00,,共,,,新,
42,2000,id02_02_04,青森県４区,当,1,126056,69,木村太郎,男,1965/7/20 0:00,2,自,森,清和会,前,公明・保守
42,2000,id02_02_04,青森県４区,-,3,36354,19.9,田沢摩希子,,,,社,,,新,
42,2000,id02_02_04,青森県４区,-,3,20334,11.1,遠藤節子,,,,共,,,新,
42,2000,id02_03_01,岩手県１区,当,1,74835,43,達増拓也,男,1964/6/10 0:00,2,由,進,,前,
42,2000,id02_03_01,岩手県１区,-,3,65597,37.7,玉沢徳一郎,男,1937/12/16 0:00,,自,森,清和会,前,公明・保守
42,2000,id02_03_01,岩手県１区,-,3,17309,9.9,後藤百合子,,,,社,,,新,
42,2000,id02_03_01,岩手県１区,-,3,9261,5.3,佐藤隆五郎,,,,共,,,新,
42,2000,id02_03_01,岩手県１区,-,3,6964,4,藤倉喜久治,,,,民,,,新,
42,2000,id02_03_02,岩手県２区,当,1,119022,58.7,鈴木俊一,男,1953/4/13 0:00,4,自,加,宏池会,前,公明・保守
42,2000,id02_03_02,岩手県２区,比当,2,53743,26.5,工藤堅太郎,,,,由,進,,元,
42,2000,id02_03_02,岩手県２区,-,3,19567,9.6,八田通孝,,,,社,,,新,
42,2000,id02_03_02,岩手県２区,-,3,10493,5.2,西山剛,,,,共,,,新,
42,2000,id02_03_03,岩手県３区,当,1,58776,30.9,黄川田徹,男,1953/10/14 0:00,1,由,,,新,
42,2000,id02_03_03,岩手県３区,-,3,52368,27.5,中村力,,,,無,,,元,
42,2000,id02_03_03,岩手県３区,-,3,30623,16.1,志賀節,,,,自,河,志公会,元,
42,2000,id02_03_03,岩手県３区,-,3,20000,10.5,佐々木洋平,,,,保,由,,前,
42,2000,id02_03_03,岩手県３区,-,3,15483,8.1,熊谷修二,,,,民,,,新,
42,2000,id02_03_03,岩手県３区,-,3,10414,5.5,菊池幸夫,男,1959/1/3 0:00,,共,,,新,
42,2000,id02_03_03,岩手県３区,-,3,2846,1.5,加藤正,,,,無,,,新,
42,2000,id02_03_04,岩手県４区,当,1,119099,59.7,小沢一郎,男,1942/5/24 0:00,11,由,進,,前,
42,2000,id02_03_04,岩手県４区,-,3,37417,18.8,木村幸弘,,,,社,,,新,
42,2000,id02_03_04,岩手県４区,-,3,28926,14.5,井形厚一,,,,自,,,新,保守
42,2000,id02_03_04,岩手県４区,-,3,14051,7,坂本良子,,,,共,,,新,
42,2000,id02_04_01,宮城県１区,当,1,88864,42,今野東,男,1947/12/17 0:00,1,民,,,新,
42,2000,id02_04_01,宮城県１区,-,3,73839,34.9,愛知和男,男,1937/7/20 0:00,,自,小,平成研,前,公明・保守
42,2000,id02_04_01,宮城県１区,-,3,28281,13.4,遠藤いく子,,,,共,,,新,
42,2000,id02_04_01,宮城県１区,-,3,20416,9.7,沖田捷夫,,,,社,,,新,
42,2000,id02_04_02,宮城県２区,当,1,99498,47.8,鎌田さゆり,女,1965/1/8 0:00,1,民,,,新,
42,2000,id02_04_02,宮城県２区,-,3,87949,42.2,中野正志,男,1948/2/29 0:00,,自,森,清和会,前,保守
42,2000,id02_04_02,宮城県２区,-,3,20914,10,津田宣勝,,,,共,,,新,
42,2000,id02_04_03,宮城県３区,当,1,84278,52,三塚博,,,10,自,森,清和会,前,公明・保守
42,2000,id02_04_03,宮城県３区,-,3,40896,25.2,小山克博,,,,民,,,新,
42,2000,id02_04_03,宮城県３区,-,3,22501,13.9,堀誠,男,1973/11/9 0:00,,由,,,新,
42,2000,id02_04_03,宮城県３区,-,3,14429,8.9,加藤幹夫,男,1963/12/10 0:00,,共,,,新,
42,2000,id02_04_04,宮城県４区,当,1,104711,57.5,伊藤宗一郎,,,13,自,河,志公会,前,公明・保守
42,2000,id02_04_04,宮城県４区,-,3,49973,27.4,作並ゆきの,,,,民,,,新,
42,2000,id02_04_04,宮城県４区,-,3,27478,15.1,佐藤道子,,,,共,,,新,
42,2000,id02_04_05,宮城県５区,当,1,69459,47.2,安住淳,男,1962/1/17 0:00,2,民,,,前,
42,2000,id02_04_05,宮城県５区,-,3,68237,46.4,土井喜美夫,,,,自,,,新,公明・保守
42,2000,id02_04_05,宮城県５区,-,3,9355,6.4,原伸雄,,,,共,,,新,
42,2000,id02_04_06,宮城県６区,当,1,59588,37.7,大石正光,,,5,民,進,,前,
42,2000,id02_04_06,宮城県６区,-,3,44629,28.2,佐藤久一郎,,,,自,,,新,公明・保守
42,2000,id02_04_06,宮城県６区,比当,2,41170,26,菅野哲雄,男,1948/10/22 0:00,,社,,,新,
42,2000,id02_04_06,宮城県６区,-,3,7427,4.7,芳賀芳昭,,,,共,,,新,
42,2000,id02_04_06,宮城県６区,-,3,5448,3.4,伊藤智巳,,,,無,,,新,
42,2000,id02_05_01,秋田県１区,当,1,101848,44,二田孝治,男,1938/5/4 0:00,5,自,加,宏池会,前,公明・保守
42,2000,id02_05_01,秋田県１区,比当,2,101313,43.8,佐藤敬夫,男,1935/6/4 0:00,,民,政,,前,社民
42,2000,id02_05_01,秋田県１区,-,3,17738,7.7,今川和信,男,1964/9/27 0:00,,共,,,新,
42,2000,id02_05_01,秋田県１区,-,3,10463,4.5,船川克夫,,,,由,,,新,
42,2000,id02_05_02,秋田県２区,当,1,89428,54.3,野呂田芳成,男,1929/10/25 0:00,6,自,小,平成研,前,公明・保守
42,2000,id02_05_02,秋田県２区,-,3,49443,30,畠山健治郎,,,,社,,,前,民主
42,2000,id02_05_02,秋田県２区,-,3,13090,7.9,菊地時子,,,,共,,,新,
42,2000,id02_05_02,秋田県２区,-,3,12736,7.7,工藤富裕,,,,由,,,新,
42,2000,id02_05_03,秋田県３区,当,1,170176,63,村岡兼造,,,9,自,小,平成研,前,公明・保守
42,2000,id02_05_03,秋田県３区,-,3,45572,16.9,中島達郎,,,,民,,,新,
42,2000,id02_05_03,秋田県３区,-,3,37876,14,笹山登生,,,,由,進,,前,
42,2000,id02_05_03,秋田県３区,-,3,16517,6.1,和賀正雄,,,,共,,,新,
42,2000,id02_06_01,山形県１区,当,1,90349,52,鹿野道彦,男,1942/1/24 0:00,9,民,政,,前,社民
42,2000,id02_06_01,山形県１区,-,3,70290,40.5,遠藤利明,男,1950/1/17 0:00,,自,加,宏池会,前,保守
42,2000,id02_06_01,山形県１区,-,3,12996,7.5,佐藤亜希子,,,,共,,,新,
42,2000,id02_06_02,山形県２区,当,1,93819,51.3,遠藤武彦,男,1938/10/5 0:00,4,自,山,近未来,前,公明・保守
42,2000,id02_06_02,山形県２区,-,3,77491,42.3,近藤洋介,男,1965/5/19 0:00,,無,,,新,民主
42,2000,id02_06_02,山形県２区,-,3,11718,6.4,太田俊男,,,,共,,,新,
42,2000,id02_06_03,山形県３区,当,1,88069,57.2,近岡理一郎,,,7,自,小,平成研,前,保守
42,2000,id02_06_03,山形県３区,-,3,55891,36.3,斉藤昌助,,,,社,,,新,民主（支持）
42,2000,id02_06_03,山形県３区,-,3,9944,6.5,工藤美恵子,,,,共,,,新,
42,2000,id02_06_04,山形県４区,当,1,131181,72.1,加藤紘一,男,1939/6/17 0:00,10,自,加,宏池会,前,保守
42,2000,id02_06_04,山形県４区,-,3,36086,19.8,寒河江孝允,,,,民,,,新,社民
42,2000,id02_06_04,山形県４区,-,3,14584,8,佐藤雅之,男,1972/9/22 0:00,,共,,,新,
42,2000,id02_07_01,福島県１区,当,1,89353,30.2,佐藤剛男,男,1937/7/16 0:00,3,自,山,近未来,前,保守
42,2000,id02_07_01,福島県１区,-,3,68874,23.3,亀岡偉民,男,1955/9/10 0:00,,無,,,新,
42,2000,id02_07_01,福島県１区,-,3,56838,19.2,木幡弘道,,,,民,政,,前,
42,2000,id02_07_01,福島県１区,-,3,32166,10.9,石原健太郎,,,,由,,,元,
42,2000,id02_07_01,福島県１区,-,3,28251,9.6,佐藤恒晴,,,,社,,,元,
42,2000,id02_07_01,福島県１区,-,3,19927,6.7,新美正代,,,,共,,,新,
42,2000,id02_07_02,福島県２区,当,1,116835,52.5,根本匠,男,1951/3/7 0:00,3,自,加,宏池会,前,保守
42,2000,id02_07_02,福島県２区,-,3,80005,35.9,増子輝彦,男,1947/10/8 0:00,,民,進,,元,
42,2000,id02_07_02,福島県２区,-,3,14186,6.4,村上武,,,,社,,,新,
42,2000,id02_07_02,福島県２区,-,3,11714,5.3,飛田利光,,,,共,,,新,
42,2000,id02_07_03,福島県３区,当,1,118385,53.8,玄葉光一郎,男,1964/5/20 0:00,3,民,,,前,
42,2000,id02_07_03,福島県３区,-,3,91081,41.4,穂積良行,,,,自,河,志公会,前,保守
42,2000,id02_07_03,福島県３区,-,3,10683,4.9,鈴木正一,,,,共,,,新,
42,2000,id02_07_04,福島県４区,当,1,102631,50.7,渡部恒三,男,1932/5/24 0:00,11,無会,進,,前,民主・公明・自由
42,2000,id02_07_04,福島県４区,-,3,88501,43.7,山内日出夫,,,,自,加,宏池会,新,保守
42,2000,id02_07_04,福島県４区,-,3,11312,5.6,原田俊広,男,1959/8/8 0:00,,共,,,新,
42,2000,id02_07_05,福島県５区,当,1,109270,52.6,吉野正芳,男,1948/8/8 0:00,1,自,森,清和会,新,公明・保守
42,2000,id02_07_05,福島県５区,-,3,73903,35.6,吉田泉,男,1949/2/26 0:00,,民,,,新,
42,2000,id02_07_05,福島県５区,-,3,24616,11.8,吉田英策,男,1958/12/21 0:00,,共,,,新,
42,2000,id03_08_01,茨城県１区,当,1,132229,59,赤城徳彦,男,1959/4/18 0:00,4,自,河,志公会,前,
42,2000,id03_08_01,茨城県１区,-,3,53184,23.7,佐藤由実,,,,民,,,新,
42,2000,id03_08_01,茨城県１区,-,3,18573,8.3,高沢勝一,,,,社,,,新,
42,2000,id03_08_01,茨城県１区,-,3,17246,7.7,田谷武夫,男,1951/8/4 0:00,,共,,,新,
42,2000,id03_08_01,茨城県１区,-,3,2968,1.3,郡司孝夫,,,,自連,,,新,
42,2000,id03_08_02,茨城県２区,当,1,135296,67.2,額賀福志郎,男,1944/1/11 0:00,6,自,小,平成研,前,公明
42,2000,id03_08_02,茨城県２区,-,3,54698,27.2,常井美治,,,,民,,,新,
42,2000,id03_08_02,茨城県２区,-,3,11354,5.6,横倉達士,,,,共,,,新,
42,2000,id03_08_03,茨城県３区,当,1,97972,47.8,葉梨信行,,,12,自,加,宏池会,前,公明
42,2000,id03_08_03,茨城県３区,比当,2,79230,38.7,小泉俊明,男,1957/4/26 0:00,,民,,,新,
42,2000,id03_08_03,茨城県３区,-,3,20755,10.1,上野高志,男,1964/9/24 0:00,,共,,,新,
42,2000,id03_08_03,茨城県３区,-,3,6867,3.4,宮崎久常,,,,無,,,新,
42,2000,id03_08_04,茨城県４区,当,1,139817,83.4,梶山弘志,男,1955/10/18 0:00,1,自,,,新,公明
42,2000,id03_08_04,茨城県４区,-,3,27927,16.6,大和田喜市,,,,共,,,新,
42,2000,id03_08_05,茨城県５区,当,1,65995,45.7,大畠章宏,男,1947/10/5 0:00,4,民,,,前,
42,2000,id03_08_05,茨城県５区,-,3,62375,43.2,岡部英男,,,,自,江,志帥会,前,公明
42,2000,id03_08_05,茨城県５区,-,3,8177,5.7,武藤博光,,,,由,,,新,
42,2000,id03_08_05,茨城県５区,-,3,7773,5.4,大曽根勝正,,,,共,,,新,
42,2000,id03_08_06,茨城県６区,当,1,125581,56.5,丹羽雄哉,男,1944/4/20 0:00,8,自,加,宏池会,前,公明
42,2000,id03_08_06,茨城県６区,-,3,51292,23.1,五十嵐弘子,女,1944/5/3 0:00,,民,,,新,
42,2000,id03_08_06,茨城県６区,-,3,26091,11.7,二見伸明,,,,由,進,,前,
42,2000,id03_08_06,茨城県６区,-,3,19110,8.6,小松豊正,,,,共,,,新,
42,2000,id03_08_07,茨城県７区,当,1,88095,44.1,中村喜四郎,男,1949/4/10 0:00,9,無,,,前,
42,2000,id03_08_07,茨城県７区,-,3,51824,26,田中勝也,,,,無,,,新,
42,2000,id03_08_07,茨城県７区,-,3,36307,18.2,永岡洋治,,,,無,,,新,
42,2000,id03_08_07,茨城県７区,-,3,12749,6.4,野村五男,,,,由,自,,新,
42,2000,id03_08_07,茨城県７区,-,3,10579,5.3,稲葉修敏,男,1962/3/18 0:00,,共,,,新,
42,2000,id03_09_01,栃木県１区,当,1,107634,48,水島広子,女,1968/3/21 0:00,1,民,,,新,
42,2000,id03_09_01,栃木県１区,-,3,91411,40.7,船田元,男,1953/11/22 0:00,,自,山,近未来,前,公明・保守
42,2000,id03_09_01,栃木県１区,-,3,10584,4.7,八木隆次,,,,社,,,新,
42,2000,id03_09_01,栃木県１区,-,3,10422,4.6,野村節子,女,1953/2/3 0:00,,共,,,新,
42,2000,id03_09_01,栃木県１区,-,3,4319,1.9,西弘次,,,,自連,,,新,
42,2000,id03_09_02,栃木県２区,当,1,77054,48.1,西川公也,男,1942/12/26 0:00,2,自,江,志帥会,前,公明・保守
42,2000,id03_09_02,栃木県２区,比当,2,74132,46.3,小林守,,,,民,,,前,
42,2000,id03_09_02,栃木県２区,-,3,9006,5.6,福田道夫,,,,共,,,新,
42,2000,id03_09_03,栃木県３区,当,1,112358,83.4,渡辺喜美,男,1952/3/17 0:00,2,自,江,志帥会,前,公明・保守
42,2000,id03_09_03,栃木県３区,-,3,22392,16.6,槙昌三,男,1943/9/13 0:00,,共,,,新,
42,2000,id03_09_04,栃木県４区,当,1,115284,48.8,佐藤勉,男,1952/6/20 0:00,2,自,加,宏池会,前,公明・保守
42,2000,id03_09_04,栃木県４区,比当,2,65860,27.9,山岡賢次,男,1943/4/25 0:00,,由,進,,元,
42,2000,id03_09_04,栃木県４区,-,3,42503,18,中井豊,,,,民,,,新,
42,2000,id03_09_04,栃木県４区,-,3,12522,5.3,飯塚正,,,,共,,,新,
42,2000,id03_09_05,栃木県５区,当,1,108837,63.6,茂木敏充,男,1955/10/7 0:00,3,自,小,平成研,前,公明
42,2000,id03_09_05,栃木県５区,-,3,49171,28.7,福冨健一,,,,民,,,新,
42,2000,id03_09_05,栃木県５区,-,3,13102,7.7,川上均,男,1956/1/22 0:00,,共,,,新,
42,2000,id03_10_01,群馬県１区,当,1,134247,59.1,佐田玄一郎,男,1952/12/22 0:00,4,自,小,平成研,前,公明・保守
42,2000,id03_10_01,群馬県１区,-,3,61658,27.2,熊川次男,,,,民,進,,元,
42,2000,id03_10_01,群馬県１区,-,3,31147,13.7,山田富美子,,,,共,,,新,
42,2000,id03_10_02,群馬県２区,当,1,76743,39.7,笹川尭,男,1935/10/5 0:00,5,自,小,平成研,前,公明・保守
42,2000,id03_10_02,群馬県２区,-,3,56622,29.3,森田修,,,,無,,,新,
42,2000,id03_10_02,群馬県２区,-,3,42756,22.1,石関圭,,,,民,,,新,
42,2000,id03_10_02,群馬県２区,-,3,16985,8.8,小菅啓司,男,1950/12/8 0:00,,共,,,新,
42,2000,id03_10_03,群馬県３区,当,1,99345,57.6,谷津義男,男,1934/7/23 0:00,5,自,江,志帥会,前,公明・保守
42,2000,id03_10_03,群馬県３区,-,3,60836,35.2,長沼広,,,,民,,,新,
42,2000,id03_10_03,群馬県３区,-,3,12415,7.2,渋沢哲男,男,1959/6/18 0:00,,共,,,新,
42,2000,id03_10_04,群馬県４区,当,1,94517,57.7,福田康夫,男,1936/7/16 0:00,4,自,森,清和会,前,公明・保守
42,2000,id03_10_04,群馬県４区,-,3,49063,29.9,中島政希,男,1953/8/13 0:00,,民,,,新,
42,2000,id03_10_04,群馬県４区,-,3,20284,12.4,野村喜代子,,,,共,,,新,
42,2000,id03_10_05,群馬県５区,当,1,163991,76.4,小渕優子,女,1973/12/11 0:00,1,自,小,平成研,新,公明・保守
42,2000,id03_10_05,群馬県５区,-,3,35769,16.7,山口鶴男,,,,社,,,元,民主（支持）
42,2000,id03_10_05,群馬県５区,-,3,11674,5.4,半田正,,,,共,,,新,
42,2000,id03_10_05,群馬県５区,-,3,3259,1.5,安藤広幸,,,,自連,,,新,
42,2000,id03_11_01,埼玉県１区,当,1,105783,42.7,武正公一,男,1961/3/23 0:00,1,民,,,新,
42,2000,id03_11_01,埼玉県１区,-,3,87358,35.2,松永光,,,,自,江,志帥会,前,公明・保守
42,2000,id03_11_01,埼玉県１区,-,3,34973,14.1,吉野良司,,,,共,,,新,
42,2000,id03_11_01,埼玉県１区,-,3,19887,8,天辰武夫,,,,社,,,新,
42,2000,id03_11_02,埼玉県２区,当,1,82581,35.3,新藤義孝,男,1958/1/20 0:00,2,自,小,平成研,前,保守
42,2000,id03_11_02,埼玉県２区,-,3,79555,34,石田勝之,男,1955/1/30 0:00,,革,進,,前,公明
42,2000,id03_11_02,埼玉県２区,-,3,38816,16.6,谷口雅典,,,,民,,,新,
42,2000,id03_11_02,埼玉県２区,-,3,33096,14.1,永塚友啓,,,,共,,,新,
42,2000,id03_11_03,埼玉県３区,当,1,105054,47,細川律夫,男,1943/8/8 0:00,4,民,,,前,
42,2000,id03_11_03,埼玉県３区,-,3,87344,39.1,今井宏,男,1941/7/15 0:00,,自,加,宏池会,前,保守
42,2000,id03_11_03,埼玉県３区,-,3,30997,13.9,田村勉,男,1948/1/28 0:00,,共,,,新,
42,2000,id03_11_04,埼玉県４区,当,1,106131,49.3,上田清司,,,3,民,政,,前,
42,2000,id03_11_04,埼玉県４区,-,3,70062,32.5,早川忠孝,男,1945/9/4 0:00,,自,江,志帥会,新,保守
42,2000,id03_11_04,埼玉県４区,-,3,39069,18.1,綾部澄子,女,1959/1/26 0:00,,共,,,新,
42,2000,id03_11_05,埼玉県５区,当,1,106711,45.5,枝野幸男,男,1964/5/31 0:00,3,民,,,前,
42,2000,id03_11_05,埼玉県５区,-,3,86179,36.8,福永信彦,,,,自,加,宏池会,前,公明・保守
42,2000,id03_11_05,埼玉県５区,-,3,34192,14.6,藤原幸朗,,,,共,,,新,
42,2000,id03_11_05,埼玉県５区,-,3,7369,3.1,会田千和,,,,自連,,,新,
42,2000,id03_11_06,埼玉県６区,当,1,80342,35.6,大島敦,男,1956/12/21 0:00,1,民,,,新,
42,2000,id03_11_06,埼玉県６区,比当,2,78000,34.6,若松謙維,男,1955/8/5 0:00,,公,平,,前,自民・保守
42,2000,id03_11_06,埼玉県６区,-,3,40160,17.8,高村雅子,,,,共,,,新,
42,2000,id03_11_06,埼玉県６区,-,3,27032,12,小林俊博,,,,由,,,新,
42,2000,id03_11_07,埼玉県７区,当,1,76366,34.5,中野清,男,1936/1/1 0:00,2,自,江,志帥会,前,公明・保守
42,2000,id03_11_07,埼玉県７区,-,3,53334,24.1,小宮山泰子,女,1965/4/25 0:00,,無,,,新,
42,2000,id03_11_07,埼玉県７区,-,3,39200,17.7,田川秀明,,,,民,,,新,
42,2000,id03_11_07,埼玉県７区,比当,2,37220,16.8,矢島恒夫,,,,共,,,前,
42,2000,id03_11_07,埼玉県７区,-,3,15357,6.9,高橋勇,,,,社,,,新,
42,2000,id03_11_08,埼玉県８区,当,1,52816,28.3,木下厚,男,1944/8/16 0:00,1,民,,,新,
42,2000,id03_11_08,埼玉県８区,-,3,50990,27.3,新井正則,,,,自,森,清和会,新,保守
42,2000,id03_11_08,埼玉県８区,-,3,48276,25.9,並木正芳,男,1949/5/19 0:00,,革,進,,前,公明
42,2000,id03_11_08,埼玉県８区,比当,2,34361,18.4,塩川鉄也,男,1961/12/18 0:00,,共,,,新,
42,2000,id03_11_09,埼玉県９区,当,1,110836,48.6,大野松茂,男,1936/1/15 0:00,2,自,森,清和会,前,公明・保守
42,2000,id03_11_09,埼玉県９区,比当,2,82520,36.2,五十嵐文彦,男,1948/11/2 0:00,,民,,,元,
42,2000,id03_11_09,埼玉県９区,-,3,34478,15.1,菅間公弥子,,,,共,,,新,
42,2000,id03_11_10,埼玉県１０区,当,1,91094,49.2,山口泰明,男,1948/11/10 0:00,2,自,小,平成研,前,公明・保守
42,2000,id03_11_10,埼玉県１０区,-,3,62011,33.5,松崎哲久,男,1950/4/14 0:00,,民,,,新,
42,2000,id03_11_10,埼玉県１０区,-,3,32147,17.4,武藤晴子,,,,共,,,新,
42,2000,id03_11_11,埼玉県１１区,当,1,89084,38.8,小泉龍司,男,1952/9/17 0:00,1,無,,,新,
42,2000,id03_11_11,埼玉県１１区,-,3,77770,33.9,加藤卓二,,,,自,森,清和会,前,公明・保守
42,2000,id03_11_11,埼玉県１１区,-,3,37286,16.2,黒田達也,,,,民,,,新,
42,2000,id03_11_11,埼玉県１１区,-,3,18616,8.1,柿沼綾子,女,1952/9/26 0:00,,共,,,新,
42,2000,id03_11_11,埼玉県１１区,-,3,6881,3,大川優美子,,,,由,,,新,
42,2000,id03_11_12,埼玉県１２区,当,1,101809,48.8,小島敏男,男,1939/11/11 0:00,2,自,江,志帥会,前,公明・保守
42,2000,id03_11_12,埼玉県１２区,比当,2,85764,41.1,田並胤明,,,,民,,,元,
42,2000,id03_11_12,埼玉県１２区,-,3,20845,10,荻原初男,,,,共,,,新,
42,2000,id03_11_13,埼玉県１３区,当,1,127028,51.7,土屋品子,女,1952/2/9 0:00,2,無会,,,前,
42,2000,id03_11_13,埼玉県１３区,比当,2,40035,16.3,武山百合子,女,1947/9/5 0:00,,由,進,,前,
42,2000,id03_11_13,埼玉県１３区,比当,2,38679,15.7,日森文尋,男,1948/12/3 0:00,,社,,,新,
42,2000,id03_11_13,埼玉県１３区,-,3,33398,13.6,佐藤俊一,,,,共,,,新,
42,2000,id03_11_13,埼玉県１３区,-,3,6750,2.7,山口節生,男,1949/9/26 0:00,,自連,,,新,
42,2000,id03_11_14,埼玉県１４区,当,1,81652,37.7,三ツ林隆志,男,1953/7/5 0:00,1,自,森,清和会,新,公明・保守
42,2000,id03_11_14,埼玉県１４区,-,3,47305,21.8,長峯正之,,,,民,,,新,
42,2000,id03_11_14,埼玉県１４区,-,3,30779,14.2,沢口千枝子,,,,共,,,新,
42,2000,id03_11_14,埼玉県１４区,-,3,29960,13.8,山田英介,,,,由,平,,元,
42,2000,id03_11_14,埼玉県１４区,-,3,25447,11.7,福野幸央,,,,無,,,新,
42,2000,id03_11_14,埼玉県１４区,-,3,1464,0.7,鷺富士雄,,,,自連,,,新,
42,2000,id04_12_01,千葉県１区,当,1,90358,44.8,臼井日出男,男,1939/1/3 0:00,7,自,河,志公会,前,
42,2000,id04_12_01,千葉県１区,-,3,66378,32.9,北村哲男,,,,民,,,前,
42,2000,id04_12_01,千葉県１区,-,3,32492,16.1,小柴玲子,,,,共,,,新,
42,2000,id04_12_01,千葉県１区,-,3,12470,6.2,木村美由紀,,,,自連,,,新,
42,2000,id04_12_02,千葉県２区,当,1,82074,34.2,永田寿康,男,1969/9/2 0:00,1,民,,,新,
42,2000,id04_12_02,千葉県２区,-,3,73197,30.5,江口一雄,,,,自,森,清和会,前,
42,2000,id04_12_02,千葉県２区,-,3,47322,19.7,富田茂之,男,1953/10/1 0:00,,公,平,,前,保守
42,2000,id04_12_02,千葉県２区,-,3,32216,13.4,中村敏夫,,,,共,,,新,
42,2000,id04_12_02,千葉県２区,-,3,5216,2.2,工藤忠次,,,,自連,,,新,
42,2000,id04_12_03,千葉県３区,当,1,95311,39,松野博一,男,1962/9/13 0:00,1,自,森,清和会,新,
42,2000,id04_12_03,千葉県３区,-,3,64182,26.3,岡島正之,,,,保,由,,前,公明
42,2000,id04_12_03,千葉県３区,-,3,53862,22,竹内圭司,,,,民,,,新,
42,2000,id04_12_03,千葉県３区,-,3,27248,11.2,黒須康代,,,,共,,,新,
42,2000,id04_12_03,千葉県３区,-,3,3725,1.5,藤野正剛,,,,自連,,,新,
42,2000,id04_12_04,千葉県４区,当,1,116156,47.3,野田佳彦,男,1957/5/20 0:00,2,民,進,,元,
42,2000,id04_12_04,千葉県４区,-,3,76067,31,西尾憲一,男,1950/12/14 0:00,,自,森,清和会,新,公明
42,2000,id04_12_04,千葉県４区,-,3,44586,18.1,石井正二,,,,共,,,新,
42,2000,id04_12_04,千葉県４区,-,3,8899,3.6,秋元豊,,,,自連,,,新,
42,2000,id04_12_05,千葉県５区,当,1,100292,43.5,田中甲,男,1957/1/8 0:00,3,民,,,前,
42,2000,id04_12_05,千葉県５区,-,3,80093,34.7,狩野勝,,,,自,森,清和会,元,公明
42,2000,id04_12_05,千葉県５区,-,3,25409,11,中嶋誠,,,,共,,,新,
42,2000,id04_12_05,千葉県５区,-,3,18258,7.9,藤原信,,,,社,,,新,
42,2000,id04_12_05,千葉県５区,-,3,6610,2.9,佐藤博美,,,,自連,,,新,
42,2000,id04_12_06,千葉県６区,当,1,78359,41,生方幸夫,男,1947/10/31 0:00,2,民,,,前,
42,2000,id04_12_06,千葉県６区,-,3,73462,38.5,井奥貞雄,,,,自,山,近未来,前,公明
42,2000,id04_12_06,千葉県６区,-,3,23913,12.5,湯田博雄,,,,共,,,新,
42,2000,id04_12_06,千葉県６区,-,3,15197,8,島村善行,,,,自連,,,新,
42,2000,id04_12_07,千葉県７区,当,1,81252,38.8,松本和那,,,2,自,小,平成研,前,
42,2000,id04_12_07,千葉県７区,-,3,62292,29.7,内山晃,男,1954/3/3 0:00,,民,,,新,
42,2000,id04_12_07,千葉県７区,-,3,31930,15.2,妹尾七重,,,,共,,,新,
42,2000,id04_12_07,千葉県７区,-,3,24432,11.7,北角虎男,,,,社,,,新,
42,2000,id04_12_07,千葉県７区,-,3,9637,4.6,三角和雄,,,,自連,,,新,
42,2000,id04_12_08,千葉県８区,当,1,91220,39.6,長浜博行,男,1958/10/20 0:00,2,民,進,,元,
42,2000,id04_12_08,千葉県８区,比当,2,88065,38.2,桜田義孝,男,1949/12/20 0:00,,自,小,平成研,前,公明
42,2000,id04_12_08,千葉県８区,-,3,23235,10.1,高田保典,,,,共,,,新,
42,2000,id04_12_08,千葉県８区,-,3,21429,9.3,佐々木利夫,,,,社,,,新,
42,2000,id04_12_08,千葉県８区,-,3,6294,2.7,林秀和,,,,自連,,,新,
42,2000,id04_12_09,千葉県９区,当,1,103381,42.9,水野賢一,男,1966/7/21 0:00,2,自,江,志帥会,前,
42,2000,id04_12_09,千葉県９区,-,3,71184,29.6,須藤浩,男,1957/7/6 0:00,,民,進,,元,
42,2000,id04_12_09,千葉県９区,-,3,31671,13.2,関和夫,,,,共,,,新,
42,2000,id04_12_09,千葉県９区,-,3,29777,12.4,生方伸,,,,由,,,新,
42,2000,id04_12_09,千葉県９区,-,3,4733,2,古橋清,,,,自連,,,新,
42,2000,id04_12_10,千葉県１０区,当,1,126837,63.9,林幹雄,男,1947/1/3 0:00,3,自,山,近未来,前,
42,2000,id04_12_10,千葉県１０区,-,3,38207,19.2,黒柳博司,,,,民,,,新,
42,2000,id04_12_10,千葉県１０区,-,3,25446,12.8,高田範子,,,,共,,,新,
42,2000,id04_12_10,千葉県１０区,-,3,8038,4,林秋男,,,,無,,,新,
42,2000,id04_12_11,千葉県１１区,当,1,135151,66.4,森英介,男,1948/8/31 0:00,4,自,河グ,志公会,前,
42,2000,id04_12_11,千葉県１１区,-,3,45465,22.3,松本勝仁,,,,民,,,新,
42,2000,id04_12_11,千葉県１１区,-,3,23064,11.3,木暮義雄,,,,共,,,新,
42,2000,id04_12_12,千葉県１２区,当,1,124966,58.6,中村正三郎,,,8,自,森,清和会,前,
42,2000,id04_12_12,千葉県１２区,-,3,57064,26.8,半田善三,,,,民,,,前,
42,2000,id04_12_12,千葉県１２区,-,3,18305,8.6,鴨志田安代,男,1955/8/17 0:00,,共,,,新,
42,2000,id04_12_12,千葉県１２区,-,3,12804,6,村田英保,,,,自連,,,新,
42,2000,id04_14_01,神奈川県１区,当,1,91578,40.1,佐藤謙一郎,男,1947/3/8 0:00,4,民,,,前,
42,2000,id04_14_01,神奈川県１区,-,3,81245,35.5,松本純,男,1950/4/11 0:00,,自,河グ,志公会,前,公明
42,2000,id04_14_01,神奈川県１区,-,3,28411,12.4,宗形孝至,,,,共,,,新,
42,2000,id04_14_01,神奈川県１区,-,3,23783,10.4,飯島浩史,,,,由,,,新,
42,2000,id04_14_01,神奈川県１区,-,3,3593,1.6,松田清,,,,自連,,,新,
42,2000,id04_14_02,神奈川県２区,当,1,95960,42.3,菅義偉,男,1948/12/6 0:00,2,自,,,前,
42,2000,id04_14_02,神奈川県２区,比当,2,93434,41.2,大出彰,男,1950/11/19 0:00,,民,,,新,
42,2000,id04_14_02,神奈川県２区,-,3,37485,16.5,湯川美和子,,,,共,,,新,
42,2000,id04_14_03,神奈川県３区,当,1,61016,29.3,小此木八郎,男,1965/6/22 0:00,3,自,,,前,
42,2000,id04_14_03,神奈川県３区,-,3,55389,26.6,加藤尚彦,男,1937/3/31 0:00,,民,,,新,
42,2000,id04_14_03,神奈川県３区,-,3,41429,19.9,西川知雄,,,,革,進,,前,公明
42,2000,id04_14_03,神奈川県３区,-,3,29546,14.2,大間知哲哉,,,,共,,,新,
42,2000,id04_14_03,神奈川県３区,-,3,15478,7.4,蒲池重徳,,,,由,,,新,
42,2000,id04_14_03,神奈川県３区,-,3,5613,2.7,木村小夜子,,,,自連,,,新,
42,2000,id04_14_04,神奈川県４区,当,1,73979,37.6,大石尚子,女,1936/8/26 0:00,1,民,,,新,
42,2000,id04_14_04,神奈川県４区,-,3,52468,26.7,飯島忠義,,,,自,森,清和会,前,
42,2000,id04_14_04,神奈川県４区,-,3,36528,18.6,高野良裕,男,1948/1/23 0:00,,自連,,,新,
42,2000,id04_14_04,神奈川県４区,-,3,20127,10.2,田中義彦,,,,共,,,新,
42,2000,id04_14_04,神奈川県４区,-,3,8969,4.6,酒井文彦,,,,無,,,新,
42,2000,id04_14_04,神奈川県４区,-,3,2549,1.3,川上昌俊,,,,無,,,新,
42,2000,id04_14_04,神奈川県４区,-,3,1896,1,渥美和也,,,,無,,,新,
42,2000,id04_14_05,神奈川県５区,当,1,128010,51.9,田中慶秋,男,1938/3/6 0:00,4,民,友,,前,
42,2000,id04_14_05,神奈川県５区,-,3,70343,28.5,鈴木一誠,,,,自,河グ,志公会,新,
42,2000,id04_14_05,神奈川県５区,比当,2,48146,19.5,大森猛,男,1944/9/18 0:00,,共,,,前,
42,2000,id04_14_06,神奈川県６区,当,1,77169,34.2,池田元久,男,1940/12/20 0:00,3,民,,,前,
42,2000,id04_14_06,神奈川県６区,比当,2,52175,23.1,上田勇,男,1958/8/5 0:00,,公,平,,前,自民・保守
42,2000,id04_14_06,神奈川県６区,-,3,45624,20.2,佐藤茂,,,,無,,,新,
42,2000,id04_14_06,神奈川県６区,-,3,26355,11.7,藤井美登里,女,1955/9/10 0:00,,共,,,新,
42,2000,id04_14_06,神奈川県６区,比当,2,24444,10.8,土田龍司,男,1952/5/2 0:00,,由,進,,元,
42,2000,id04_14_07,神奈川県７区,当,1,85340,32.3,鈴木恒夫,男,1941/2/10 0:00,4,自,河グ,志公会,前,
42,2000,id04_14_07,神奈川県７区,比当,2,80189,30.3,首藤信彦,男,1945/4/5 0:00,,民,,,新,
42,2000,id04_14_07,神奈川県７区,比当,2,37827,14.3,樋高剛,男,1965/11/24 0:00,,由,,,新,
42,2000,id04_14_07,神奈川県７区,-,3,29620,11.2,石原守,,,,社,,,新,
42,2000,id04_14_07,神奈川県７区,-,3,26861,10.2,佐藤邦男,,,,共,,,新,
42,2000,id04_14_07,神奈川県７区,-,3,4697,1.8,早川浩人,,,,自連,,,新,
42,2000,id04_14_08,神奈川県８区,当,1,97402,44.5,中田宏,男,1964/9/20 0:00,3,無会,進,,前,民主
42,2000,id04_14_08,神奈川県８区,-,3,58787,26.9,江田憲司,男,1956/4/28 0:00,,自,,,新,公明
42,2000,id04_14_08,神奈川県８区,-,3,21642,9.9,安田節子,,,,社,,,新,
42,2000,id04_14_08,神奈川県８区,-,3,19991,9.1,相田弥智子,,,,由,,,新,
42,2000,id04_14_08,神奈川県８区,-,3,18988,8.7,大庭裕子,,,,共,,,新,
42,2000,id04_14_08,神奈川県８区,-,3,1854,0.8,原田悦子,,,,自連,,,新,
42,2000,id04_14_09,神奈川県９区,当,1,122551,52.6,松沢成文,,,3,民,政,,前,
42,2000,id04_14_09,神奈川県９区,-,3,64981,27.9,小川栄一,,,,自,加,宏池会,新,
42,2000,id04_14_09,神奈川県９区,-,3,39751,17.1,井口真美,,,,共,,,新,
42,2000,id04_14_09,神奈川県９区,-,3,5633,2.4,舘澤恵一,,,,自連,,,新,
42,2000,id04_14_10,神奈川県１０区,当,1,94183,39.6,田中和徳,男,1949/1/21 0:00,2,自,山,近未来,前,
42,2000,id04_14_10,神奈川県１０区,比当,2,87775,36.9,永井英慈,,,,民,政,,前,
42,2000,id04_14_10,神奈川県１０区,-,3,48812,20.5,笠木隆,男,1946/9/25 0:00,,共,,,新,
42,2000,id04_14_10,神奈川県１０区,-,3,7180,3,兼平健吾,,,,自連,,,新,
42,2000,id04_14_11,神奈川県１１区,当,1,157335,69,小泉純一郎,男,1942/1/8 0:00,10,自,森,清和会,前,
42,2000,id04_14_11,神奈川県１１区,-,3,42707,18.7,沢木優輔,,,,民,,,新,
42,2000,id04_14_11,神奈川県１１区,-,3,27890,12.2,小泉安司,,,,共,,,新,
42,2000,id04_14_12,神奈川県１２区,当,1,54237,28.1,江崎洋一郎,男,1958/4/20 0:00,1,民,,,新,
42,2000,id04_14_12,神奈川県１２区,-,3,50814,26.3,桜井郁三,男,1944/4/10 0:00,,自,,,前,
42,2000,id04_14_12,神奈川県１２区,-,3,36414,18.9,原田尚武,,,,無,,,新,
42,2000,id04_14_12,神奈川県１２区,比当,2,36276,18.8,阿部知子,女,1948/4/24 0:00,,社,,,新,
42,2000,id04_14_12,神奈川県１２区,-,3,15293,7.9,沼上常生,男,1958/5/12 0:00,,共,,,新,
42,2000,id04_14_13,神奈川県１３区,当,1,114351,45.8,甘利明,男,1949/8/27 0:00,6,自,山,近未来,前,
42,2000,id04_14_13,神奈川県１３区,-,3,86879,34.8,冨沢篤紘,,,,民,革,,前,
42,2000,id04_14_13,神奈川県１３区,-,3,20804,8.3,長島康夫,,,,共,,,新,
42,2000,id04_14_13,神奈川県１３区,-,3,20695,8.3,千葉紘代,,,,社,,,新,
42,2000,id04_14_13,神奈川県１３区,-,3,7040,2.8,中村徹,,,,自連,,,新,
42,2000,id04_14_14,神奈川県１４区,当,1,71365,26.8,藤井裕久,男,1932/6/24 0:00,4,由,進,,前,
42,2000,id04_14_14,神奈川県１４区,比当,2,70195,26.4,中本太衛,男,1965/7/26 0:00,,自,小,平成研,新,公明
42,2000,id04_14_14,神奈川県１４区,-,3,58088,21.8,計屋圭宏,男,1945/1/15 0:00,,民,,,新,
42,2000,id04_14_14,神奈川県１４区,比当,2,39549,14.9,原陽子,,,,社,,,新,
42,2000,id04_14_14,神奈川県１４区,-,3,26894,10.1,奥出孝子,,,,共,,,新,
42,2000,id04_14_15,神奈川県１５区,当,1,120001,47.4,河野太郎,男,1963/1/10 0:00,2,自,河グ,志公会,前,
42,2000,id04_14_15,神奈川県１５区,-,3,56943,22.5,鈴木毅,,,,民,,,新,
42,2000,id04_14_15,神奈川県１５区,-,3,39636,15.7,山中悦子,,,,社,,,新,
42,2000,id04_14_15,神奈川県１５区,-,3,24355,9.6,三上正,,,,共,,,新,
42,2000,id04_14_15,神奈川県１５区,-,3,12012,4.7,清水洋子,,,,自連,,,新,
42,2000,id04_14_16,神奈川県１６区,当,1,99966,52.1,亀井善之,男,1936/4/30 0:00,7,自,山,近未来,前,
42,2000,id04_14_16,神奈川県１６区,-,3,53262,27.8,山条隆史,,,,民,,,新,
42,2000,id04_14_16,神奈川県１６区,-,3,21562,11.2,酒井邦男,,,,共,,,新,
42,2000,id04_14_16,神奈川県１６区,-,3,16911,8.8,小泉晨一,,,,自連,,,元,
42,2000,id04_14_17,神奈川県１７区,当,1,140236,56.4,河野洋平,男,1937/1/15 0:00,12,自,河グ,志公会,前,
42,2000,id04_14_17,神奈川県１７区,-,3,85227,34.3,ツルネン・マルテイ,,,,民,,,新,
42,2000,id04_14_17,神奈川県１７区,-,3,23019,9.3,鈴木新三郎,男,1946/12/27 0:00,,共,,,新,
42,2000,id04_19_01,山梨県１区,当,1,58781,42,小沢鋭仁,男,1954/5/31 0:00,3,民,,,前,さきがけ
42,2000,id04_19_01,山梨県１区,-,3,52964,37.8,中尾栄一,,,,自,江,志帥会,前,
42,2000,id04_19_01,山梨県１区,-,3,15803,11.3,赤池誠章,男,1961/7/19 0:00,,無,,,新,
42,2000,id04_19_01,山梨県１区,-,3,12538,9,遠藤昭子,女,1951/10/6 0:00,,共,,,新,
42,2000,id04_19_02,山梨県２区,当,1,108336,75,堀内光雄,男,1930/1/1 0:00,8,自,加,宏池会,前,公明
42,2000,id04_19_02,山梨県２区,-,3,22338,15.5,秋山晃一,男,1953/5/9 0:00,,共,,,新,
42,2000,id04_19_02,山梨県２区,-,3,13738,9.5,石井健祐,,,,自連,,,新,
42,2000,id04_19_03,山梨県３区,当,1,86300,55.8,横内正明,,,3,自,小,平成研,前,公明
42,2000,id04_19_03,山梨県３区,比当,2,54517,35.2,後藤斎,男,1957/7/22 0:00,,民,,,新,
42,2000,id04_19_03,山梨県３区,-,3,13875,9,菅沢三郎,,,,共,,,新,
42,2000,id05_13_01,東京都１区,当,1,93173,41.3,海江田万里,男,1949/2/26 0:00,3,民,,,前,
42,2000,id05_13_01,東京都１区,-,3,90540,40.1,与謝野馨,男,1938/8/22 0:00,,自,江,志帥会,前,公明・保守
42,2000,id05_13_01,東京都１区,-,3,36525,16.2,大塚淳子,,,,共,,,新,
42,2000,id05_13_01,東京都１区,-,3,3118,1.4,日野雄策,,,,自連,,,新,
42,2000,id05_13_01,東京都１区,-,3,2492,1.1,丸川仁,,,,無,,,新,
42,2000,id05_13_02,東京都２区,当,1,88744,41.9,中山義活,男,1945/2/13 0:00,2,民,,,前,
42,2000,id05_13_02,東京都２区,-,3,81923,38.7,深谷隆司,男,1935/9/29 0:00,,自,山,近未来,前,公明・保守
42,2000,id05_13_02,東京都２区,-,3,32155,15.2,室喜代一,,,,共,,,新,
42,2000,id05_13_02,東京都２区,-,3,5371,2.5,栄博士,,,,無,,,新,
42,2000,id05_13_02,東京都２区,-,3,3665,1.7,小松一彦,,,,自連,,,新,
42,2000,id05_13_03,東京都３区,当,1,84372,33.7,松原仁,男,1956/7/31 0:00,1,民,,,新,
42,2000,id05_13_03,東京都３区,-,3,82954,33.1,内藤尚,,,,自,小,平成研,新,公明・保守
42,2000,id05_13_03,東京都３区,-,3,38812,15.5,若月秀人,,,,共,,,新,
42,2000,id05_13_03,東京都３区,-,3,18991,7.6,坪谷郁子,,,,由,,,新,
42,2000,id05_13_03,東京都３区,-,3,13575,5.4,梅蘭,,,,社,,,新,
42,2000,id05_13_03,東京都３区,-,3,7269,2.9,岩崎弥太郎,,,,無,,,新,
42,2000,id05_13_03,東京都３区,-,3,4357,1.7,高信太郎,,,,自連,,,新,
42,2000,id05_13_04,東京都４区,当,1,92711,38.4,森田健作,,,2,無,,,前,
42,2000,id05_13_04,東京都４区,-,3,59487,24.7,遠藤乙彦,男,1947/2/1 0:00,,公,平,,前,自民・保守
42,2000,id05_13_04,東京都４区,-,3,49662,20.6,宇佐美登,男,1967/2/16 0:00,,民,さ,,元,
42,2000,id05_13_04,東京都４区,-,3,36498,15.1,徳留道信,男,1952/6/6 0:00,,共,,,新,
42,2000,id05_13_04,東京都４区,-,3,2925,1.2,小茶野満,,,,自連,,,新,
42,2000,id05_13_05,東京都５区,当,1,83619,34.9,手塚仁雄,男,1966/9/14 0:00,1,民,,,新,
42,2000,id05_13_05,東京都５区,-,3,79609,33.2,小杉隆,男,1935/9/25 0:00,,自,山,近未来,前,保守
42,2000,id05_13_05,東京都５区,-,3,27728,11.6,宮本栄,男,1962/1/27 0:00,,共,,,新,
42,2000,id05_13_05,東京都５区,-,3,26390,11,遠藤宣彦,男,1963/6/5 0:00,,由,,,新,
42,2000,id05_13_05,東京都５区,-,3,16163,6.7,戸沢二郎,,,,社,,,新,
42,2000,id05_13_05,東京都５区,-,3,6304,2.6,斉藤さちこ,,,,自連,,,新,
42,2000,id05_13_06,東京都６区,当,1,93919,37.3,石井紘基,,,3,民,,,前,
42,2000,id05_13_06,東京都６区,-,3,55821,22.2,越智通雄,,,,自,森,清和会,前,公明・保守
42,2000,id05_13_06,東京都６区,比当,2,38167,15.2,保坂展人,男,1955/11/26 0:00,,社,,,前,さきがけ
42,2000,id05_13_06,東京都６区,比当,2,30914,12.3,鈴木淑夫,,,,由,進,,前,
42,2000,id05_13_06,東京都６区,-,3,26130,10.4,水無瀬攻,,,,共,,,新,
42,2000,id05_13_06,東京都６区,-,3,6765,2.7,斉藤りえ子,,,,自連,,,新,
42,2000,id05_13_07,東京都７区,当,1,82502,35.7,長妻昭,男,1960/6/14 0:00,1,民,,,新,
42,2000,id05_13_07,東京都７区,-,3,77407,33.5,粕谷茂,,,,自,河グ,志公会,前,公明・保守
42,2000,id05_13_07,東京都７区,-,3,37380,16.2,小堤勇,,,,共,,,新,
42,2000,id05_13_07,東京都７区,-,3,25910,11.2,末次精一,男,1962/12/2 0:00,,由,,,新,
42,2000,id05_13_07,東京都７区,-,3,7830,3.4,柴野たいぞう,,,,諸,進,,元,自連
42,2000,id05_13_08,東京都８区,当,1,105779,43.7,石原伸晃,男,1957/4/19 0:00,4,自,加,宏池会,前,保守
42,2000,id05_13_08,東京都８区,-,3,77132,31.8,片山光代,,,,民,,,新,
42,2000,id05_13_08,東京都８区,-,3,36546,15.1,山崎和子,,,,共,,,新,
42,2000,id05_13_08,東京都８区,-,3,22799,9.4,長谷川英憲,,,,無,,,新,
42,2000,id05_13_09,東京都９区,当,1,86450,35.4,吉田公一,男,1940/10/31 0:00,3,民,政,,前,
42,2000,id05_13_09,東京都９区,-,3,81912,33.6,菅原一秀,男,1962/1/7 0:00,,自,小,平成研,新,公明・保守
42,2000,id05_13_09,東京都９区,-,3,44057,18.1,望月康子,女,1956/7/21 0:00,,共,,,新,
42,2000,id05_13_09,東京都９区,-,3,31612,13,川島智太郎,男,1964/3/20 0:00,,由,,,新,
42,2000,id05_13_10,東京都１０区,当,1,71318,38.8,小林興起,男,1944/1/1 0:00,3,自,江,志帥会,前,公明・保守
42,2000,id05_13_10,東京都１０区,比当,2,64272,34.9,鮫島宗明,男,1943/12/9 0:00,,民,進,,元,
42,2000,id05_13_10,東京都１０区,-,3,29907,16.3,山本敏江,女,1949/1/23 0:00,,共,,,新,
42,2000,id05_13_10,東京都１０区,-,3,18509,10.1,堀田容正,,,,由,,,新,
42,2000,id05_13_11,東京都１１区,当,1,90483,37.8,下村博文,男,1954/5/23 0:00,2,自,森,清和会,前,公明・保守
42,2000,id05_13_11,東京都１１区,-,3,65109,27.2,渋谷修,男,1950/7/1 0:00,,民,,,前,
42,2000,id05_13_11,東京都１１区,-,3,54698,22.8,中島武敏,,,,共,,,前,
42,2000,id05_13_11,東京都１１区,-,3,29307,12.2,古山和宏,,,,由,,,新,
42,2000,id05_13_12,東京都１２区,当,1,90208,40.7,八代英太,男,1937/6/2 0:00,2,自,小,平成研,前,公明・保守
42,2000,id05_13_12,東京都１２区,-,3,64913,29.3,藤田幸久,男,1950/4/19 0:00,,民,,,前,
42,2000,id05_13_12,東京都１２区,-,3,45482,20.5,山岸光夫,,,,共,,,新,
42,2000,id05_13_12,東京都１２区,-,3,20902,9.4,栗本慎一郎,,,,自連,自,,前,
42,2000,id05_13_13,東京都１３区,当,1,90567,42,鴨下一郎,男,1949/1/16 0:00,3,自,小,平成研,前,保守
42,2000,id05_13_13,東京都１３区,比当,2,52996,24.6,城島正光,男,1947/1/1 0:00,,民,友,,前,
42,2000,id05_13_13,東京都１３区,-,3,48349,22.4,佐々木陸海,,,,共,,,前,
42,2000,id05_13_13,東京都１３区,-,3,23526,10.9,逸見英幸,,,,由,,,新,
42,2000,id05_13_14,東京都１４区,当,1,73209,40,西川太一郎,,,3,保,由,,前,自民・公明
42,2000,id05_13_14,東京都１４区,比当,2,64064,35,井上和雄,男,1952/4/24 0:00,,民,,,新,
42,2000,id05_13_14,東京都１４区,-,3,35803,19.6,塩沢俊之,,,,共,,,新,
42,2000,id05_13_14,東京都１４区,-,3,5537,3,松崎泰夫,,,,自連,,,新,
42,2000,id05_13_14,東京都１４区,-,3,4350,2.4,和田庶吾,,,,無,,,新,
42,2000,id05_13_15,東京都１５区,当,1,54298,28.8,柿沢弘治,,,7,無,自,,元,
42,2000,id05_13_15,東京都１５区,-,3,52892,28.1,木村勉,男,1939/8/15 0:00,,自,山,近未来,前,公明・保守
42,2000,id05_13_15,東京都１５区,-,3,29412,15.6,榛田敦行,,,,共,,,新,
42,2000,id05_13_15,東京都１５区,-,3,27654,14.7,馬渡龍治,男,1957/7/26 0:00,,民,,,新,
42,2000,id05_13_15,東京都１５区,比当,2,22800,12.1,東祥三,男,1951/5/1 0:00,,由,進,,前,
42,2000,id05_13_15,東京都１５区,-,3,1302,0.7,近藤薫,,,,無,,,新,
42,2000,id05_13_16,東京都１６区,当,1,72825,32.1,宇田川芳雄,,,1,無,,,新,
42,2000,id05_13_16,東京都１６区,-,3,69543,30.6,島村宜伸,男,1934/3/27 0:00,,自,江,志帥会,前,保守
42,2000,id05_13_16,東京都１６区,比当,2,53897,23.7,中津川博郷,男,1949/4/12 0:00,,民,,,新,
42,2000,id05_13_16,東京都１６区,-,3,30772,13.6,安部安則,男,1956/4/1 0:00,,共,,,新,
42,2000,id05_13_17,東京都１７区,当,1,95606,37.6,平沢勝栄,男,1945/9/4 0:00,2,自,小,平成研,前,
42,2000,id05_13_17,東京都１７区,-,3,74633,29.4,山口那津男,,,,公,平,,元,保守
42,2000,id05_13_17,東京都１７区,-,3,42882,16.9,米山久美子,,,,無,,,新,民主
42,2000,id05_13_17,東京都１７区,-,3,41083,16.2,三小田准一,,,,共,,,新,
42,2000,id05_13_18,東京都１８区,当,1,114750,56.1,菅直人,男,1946/10/10 0:00,7,民,,,前,
42,2000,id05_13_18,東京都１８区,-,3,49740,24.3,片岡久議,,,,自,小,平成研,新,公明・保守
42,2000,id05_13_18,東京都１８区,-,3,21900,10.7,戸田定彦,,,,共,,,新,
42,2000,id05_13_18,東京都１８区,-,3,16467,8.1,金森隆,,,,由,,,新,
42,2000,id05_13_18,東京都１８区,-,3,1521,0.7,金子遊,,,,自連,,,新,
42,2000,id05_13_19,東京都１９区,当,1,118852,45.4,末松義規,男,1956/12/5 0:00,2,民,,,前,
42,2000,id05_13_19,東京都１９区,-,3,73076,27.9,塚原宏司,,,,自,江,志帥会,新,公明・保守
42,2000,id05_13_19,東京都１９区,-,3,38040,14.5,宮内俊清,,,,共,,,新,
42,2000,id05_13_19,東京都１９区,-,3,31772,12.1,渡辺浩一郎,男,1944/5/31 0:00,,由,進,,元,
42,2000,id05_13_20,東京都２０区,当,1,93236,39.5,加藤公一,男,1964/4/6 0:00,1,民,,,新,
42,2000,id05_13_20,東京都２０区,-,3,58613,24.8,大野由利子,,,,公,平,,前,自民・保守
42,2000,id05_13_20,東京都２０区,-,3,48613,20.6,清水清一朗,男,1947/4/23 0:00,,無,,,新,
42,2000,id05_13_20,東京都２０区,-,3,35826,15.2,鈴木郁雄,,,,共,,,新,
42,2000,id05_13_21,東京都２１区,当,1,98775,47.5,山本譲司,,,2,民,,,前,
42,2000,id05_13_21,東京都２１区,-,3,73067,35.1,加藤積一,,,,自,,,新,公明・保守
42,2000,id05_13_21,東京都２１区,-,3,36150,17.4,鈴木進,,,,共,,,新,
42,2000,id05_13_22,東京都２２区,当,1,104132,38.9,山花郁夫,男,1967/1/18 0:00,1,民,,,新,
42,2000,id05_13_22,東京都２２区,-,3,77761,29,進藤勇治,,,,自,森,清和会,新,公明・保守
42,2000,id05_13_22,東京都２２区,-,3,39503,14.7,鈴木盛夫,男,1966/6/16 0:00,,由,,,新,
42,2000,id05_13_22,東京都２２区,-,3,38318,14.3,岡田隆郎,,,,共,,,新,
42,2000,id05_13_22,東京都２２区,-,3,5635,2.1,酒井松美,,,,無,,,新,
42,2000,id05_13_22,東京都２２区,-,3,2687,1,友野康治,,,,自連,,,新,
42,2000,id05_13_23,東京都２３区,当,1,100271,39.6,伊藤公介,男,1941/10/23 0:00,7,自,森,清和会,前,公明・保守
42,2000,id05_13_23,東京都２３区,比当,2,87232,34.4,石毛エイ子,,,,民,,,前,
42,2000,id05_13_23,東京都２３区,-,3,36113,14.3,佐藤洋子,,,,共,,,新,
42,2000,id05_13_23,東京都２３区,-,3,20986,8.3,長尾彰久,,,,由,,,新,
42,2000,id05_13_23,東京都２３区,-,3,6172,2.4,塚原光良,,,,無,,,新,
42,2000,id05_13_23,東京都２３区,-,3,2570,1,山口裕,,,,自連,,,新,
42,2000,id05_13_24,東京都２４区,当,1,106292,44.5,阿久津幸彦,男,1956/6/26 0:00,1,民,,,新,
42,2000,id05_13_24,東京都２４区,-,3,95102,39.8,小林多門,,,,自,加,宏池会,前,公明・保守
42,2000,id05_13_24,東京都２４区,-,3,37492,15.7,藤本実,,,,共,,,新,
42,2000,id05_13_25,東京都２５区,当,1,88007,48.9,石川要三,,,8,自,河グ,志公会,前,公明・保守
42,2000,id05_13_25,東京都２５区,-,3,62352,34.6,島田久,男,1935/3/21 0:00,,民,,,新,
42,2000,id05_13_25,東京都２５区,-,3,25325,14.1,鈴木拓也,男,1970/2/22 0:00,,共,,,新,
42,2000,id05_13_25,東京都２５区,-,3,4299,2.4,岡村光芳,,,,自連,,,新,
42,2000,id06_15_01,新潟県１区,当,1,98952,43.2,吉田六左エ門,男,1939/12/15 0:00,2,自,江,志帥会,前,公明・保守
42,2000,id06_15_01,新潟県１区,-,3,80544,35.1,関山信之,,,,民,,,元,
42,2000,id06_15_01,新潟県１区,-,3,26215,11.4,岩崎駿介,,,,社,,,新,新社会
42,2000,id06_15_01,新潟県１区,-,3,23581,10.3,川俣幸雄,男,1955/4/8 0:00,,共,,,新,
42,2000,id06_15_02,新潟県２区,当,1,123811,49.1,近藤基彦,男,1954/2/15 0:00,1,無,,,新,
42,2000,id06_15_02,新潟県２区,-,3,100220,39.7,桜井新,,,,自,江,志帥会,前,公明・保守
42,2000,id06_15_02,新潟県２区,-,3,24172,9.6,村山史彦,,,,共,,,新,
42,2000,id06_15_02,新潟県２区,-,3,4009,1.6,川原勇,,,,無,,,新,
42,2000,id06_15_03,新潟県３区,当,1,111819,51.2,稲葉大和,男,1943/11/12 0:00,3,自,山,近未来,前,公明・保守
42,2000,id06_15_03,新潟県３区,-,3,57409,26.3,白沢三郎,,,,由,進,,元,
42,2000,id06_15_03,新潟県３区,-,3,34320,15.7,倉持八郎,,,,社,,,新,新社会
42,2000,id06_15_03,新潟県３区,-,3,15045,6.9,稲垣恵造,,,,共,,,新,
42,2000,id06_15_04,新潟県４区,当,1,72604,33.2,栗原博久,男,1947/3/23 0:00,3,自,江,志帥会,前,公明・保守
42,2000,id06_15_04,新潟県４区,-,3,69910,32,菊田真紀子,女,1969/10/24 0:00,,由,,,新,
42,2000,id06_15_04,新潟県４区,-,3,58008,26.5,坂上富男,,,,民,,,前,社民
42,2000,id06_15_04,新潟県４区,-,3,18069,8.3,武藤元美,女,1957/1/1 0:00,,共,,,新,
42,2000,id06_15_05,新潟県５区,当,1,137866,68.6,田中真紀子,女,1944/1/14 0:00,3,自,,,前,
42,2000,id06_15_05,新潟県５区,-,3,50208,25,目黒吉之助,,,,社,,,元,新社会
42,2000,id06_15_05,新潟県５区,-,3,12827,6.4,加藤栄二,,,,共,,,新,
42,2000,id06_15_06,新潟県６区,当,1,119734,49.3,筒井信隆,男,1944/11/10 0:00,2,民,,,元,公明
42,2000,id06_15_06,新潟県６区,-,3,114404,47.1,白川勝彦,,,,自,加,宏池会,前,
42,2000,id06_15_06,新潟県６区,-,3,8935,3.7,阿部正義,,,,共,,,新,
42,2000,id06_16_01,富山県１区,当,1,66576,42.9,長勢甚遠,男,1943/10/3 0:00,4,自,森,清和会,前,公明・保守
42,2000,id06_16_01,富山県１区,-,3,40366,26,広野允士,,,,由,進,,元,
42,2000,id06_16_01,富山県１区,-,3,20212,13,高木睦子,,,,社,,,新,
42,2000,id06_16_01,富山県１区,-,3,17239,11.1,原田貢彰,,,,民,,,新,
42,2000,id06_16_01,富山県１区,-,3,10707,6.9,火爪弘子,,,,共,,,新,
42,2000,id06_16_02,富山県２区,当,1,105449,66.6,宮腰光寛,男,1950/12/21 0:00,2,自,加,宏池会,前,公明・保守
42,2000,id06_16_02,富山県２区,-,3,37567,23.7,高岸由英,,,,民,,,新,
42,2000,id06_16_02,富山県２区,-,3,15208,9.6,折田誠,,,,共,,,新,
42,2000,id06_16_03,富山県３区,当,1,150200,58.5,綿貫民輔,男,1927/4/30 0:00,11,自,小,平成研,前,公明・保守
42,2000,id06_16_03,富山県３区,-,3,46478,18.1,野畑圭造,,,,民,,,新,
42,2000,id06_16_03,富山県３区,-,3,46394,18.1,湊谷道夫,,,,社,,,新,
42,2000,id06_16_03,富山県３区,-,3,13610,5.3,上田弘,,,,共,,,新,
42,2000,id06_17_01,石川県１区,当,1,107179,48.8,馳浩,男,1961/5/5 0:00,1,自,森,清和会,新,公明・保守
42,2000,id06_17_01,石川県１区,比当,2,100392,45.7,奥田建,男,1959/1/16 0:00,,民,,,前,自由
42,2000,id06_17_01,石川県１区,-,3,11988,5.5,佐藤正幸,男,1967/12/13 0:00,,共,,,新,
42,2000,id06_17_02,石川県２区,当,1,142457,64.4,森喜朗,男,1937/7/14 0:00,11,自,森,清和会,前,公明・保守
42,2000,id06_17_02,石川県２区,比当,2,67756,30.6,一川保夫,男,1942/2/6 0:00,,由,進,,前,自由（支持）
42,2000,id06_17_02,石川県２区,-,3,10859,4.9,西村祐士,男,1954/10/1 0:00,,共,,,新,
42,2000,id06_17_03,石川県３区,当,1,133667,72.4,瓦力,男,1937/4/1 0:00,10,自,加,宏池会,前,公明・保守
42,2000,id06_17_03,石川県３区,-,3,39687,21.5,池田健三郎,,,,民,,,新,
42,2000,id06_17_03,石川県３区,-,3,8176,4.4,坂本浩,男,1963/12/25 0:00,,共,,,新,
42,2000,id06_17_03,石川県３区,-,3,3123,1.7,種部秀之,,,,自連,,,新,
42,2000,id06_18_01,福井県１区,当,1,61707,43,松宮勲,男,1944/5/28 0:00,1,自,江,志帥会,新,公明・保守
42,2000,id06_18_01,福井県１区,-,3,54234,37.8,笹木竜三,男,1956/11/27 0:00,,無,無,,前,
42,2000,id06_18_01,福井県１区,-,3,16507,11.5,青木康,,,,民,,,新,
42,2000,id06_18_01,福井県１区,-,3,10998,7.7,金元幸枝,女,1958/3/20 0:00,,共,,,新,
42,2000,id06_18_02,福井県２区,当,1,98361,68.5,牧野隆守,,,6,自,江,志帥会,前,公明・保守
42,2000,id06_18_02,福井県２区,-,3,36125,25.2,京藤啓民,,,,民,,,新,
42,2000,id06_18_02,福井県２区,-,3,9126,6.4,野波栄一郎,,,,共,,,新,
42,2000,id06_18_03,福井県３区,当,1,81698,52.5,高木毅,男,1956/1/16 0:00,1,自,森,清和会,新,公明・保守
42,2000,id06_18_03,福井県３区,-,3,66398,42.7,辻一彦,,,,民,,,前,
42,2000,id06_18_03,福井県３区,-,3,7384,4.7,小柳茂臣,,,,共,,,新,
42,2000,id06_20_01,長野県１区,当,1,127010,48.7,小坂憲次,男,1946/3/12 0:00,4,自,小,平成研,前,公明・保守
42,2000,id06_20_01,長野県１区,-,3,81289,31.2,金久保喜一,,,,民,,,新,
42,2000,id06_20_01,長野県１区,-,3,52445,20.1,中野早苗,女,1948/5/9 0:00,,共,,,新,
42,2000,id06_20_02,長野県２区,当,1,95046,38,村井仁,,,5,自,小,平成研,前,公明・保守
42,2000,id06_20_02,長野県２区,-,3,81710,32.7,下条みつ,男,1955/12/29 0:00,,民,,,新,
42,2000,id06_20_02,長野県２区,比当,2,45584,18.2,山口わか子,女,1934/12/10 0:00,,社,,,新,
42,2000,id06_20_02,長野県２区,-,3,27858,11.1,清水啓司,,,,共,,,新,
42,2000,id06_20_03,長野県３区,当,1,163382,61.2,羽田孜,男,1935/8/24 0:00,11,民,政,,前,
42,2000,id06_20_03,長野県３区,比当,2,67002,25.1,岩崎忠夫,男,1942/12/8 0:00,,自,,,新,公明・保守
42,2000,id06_20_03,長野県３区,-,3,34110,12.8,中沢憲一,,,,共,,,新,
42,2000,id06_20_03,長野県３区,-,3,2276,0.9,細谷登起男,,,,無,,,新,
42,2000,id06_20_04,長野県４区,当,1,78397,43.8,後藤茂之,男,1955/12/9 0:00,1,民,,,新,
42,2000,id06_20_04,長野県４区,-,3,72772,40.7,小川元,,,,自,加,宏池会,前,公明・保守
42,2000,id06_20_04,長野県４区,比当,2,27661,15.5,木島日出夫,男,1946/9/5 0:00,,共,,,前,
42,2000,id06_20_05,長野県５区,当,1,120337,57,宮下創平,,,8,自,森,清和会,前,公明・保守
42,2000,id06_20_05,長野県５区,-,3,55736,26.4,加藤隆,男,1949/8/4 0:00,,民,,,新,
42,2000,id06_20_05,長野県５区,-,3,35141,16.6,大坪勇,,,,共,,,新,
42,2000,id07_21_01,岐阜県１区,当,1,100425,52.3,野田聖子,女,1960/9/3 0:00,3,自,河,志公会,前,公明・保守
42,2000,id07_21_01,岐阜県１区,-,3,56751,29.6,渡辺嘉蔵,,,,民,,,元,
42,2000,id07_21_01,岐阜県１区,-,3,21523,11.2,木下律子,,,,共,,,新,
42,2000,id07_21_01,岐阜県１区,-,3,11171,5.8,戸田二郎,,,,社,,,新,
42,2000,id07_21_01,岐阜県１区,-,3,1975,1,間宮清介,,,,自連,,,新,
42,2000,id07_21_02,岐阜県２区,当,1,120053,57.3,棚橋泰文,男,1963/2/11 0:00,2,自,小,平成研,前,公明・保守
42,2000,id07_21_02,岐阜県２区,-,3,75983,36.2,小島昭次郎,,,,民,進,,新,
42,2000,id07_21_02,岐阜県２区,-,3,13635,6.5,森桜房義,男,1956/11/24 0:00,,共,,,新,
42,2000,id07_21_03,岐阜県３区,当,1,129842,53,武藤嘉文,,,12,自,江,志帥会,前,保守
42,2000,id07_21_03,岐阜県３区,-,3,89874,36.7,園田康博,男,1967/6/9 0:00,,民,,,新,
42,2000,id07_21_03,岐阜県３区,-,3,25042,10.2,小川理,男,1952/10/29 0:00,,共,,,新,
42,2000,id07_21_04,岐阜県４区,当,1,157761,62.5,金子一義,男,1942/12/20 0:00,5,自,加,宏池会,前,公明・保守
42,2000,id07_21_04,岐阜県４区,-,3,72675,28.8,山田良司,男,1960/10/5 0:00,,民,,,新,
42,2000,id07_21_04,岐阜県４区,-,3,22078,8.7,白川光雄,,,,共,,,新,
42,2000,id07_21_05,岐阜県５区,当,1,114654,57.6,古屋圭司,男,1952/11/1 0:00,4,自,江,志帥会,前,公明・保守
42,2000,id07_21_05,岐阜県５区,-,3,56658,28.5,武田規男,,,,民,,,新,
42,2000,id07_21_05,岐阜県５区,-,3,27684,13.9,加藤隆雄,男,1948/8/22 0:00,,共,,,新,
42,2000,id07_22_01,静岡県１区,当,1,58358,24.2,上川陽子,女,1953/3/1 0:00,1,無,,,新,
42,2000,id07_22_01,静岡県１区,比当,2,57786,24,牧野聖修,男,1945/5/4 0:00,,民,,,元,
42,2000,id07_22_01,静岡県１区,-,3,55976,23.2,大口善徳,男,1955/9/5 0:00,,公,平,,前,保守
42,2000,id07_22_01,静岡県１区,-,3,43734,18.2,戸塚進也,,,,自,小,平成研,元,
42,2000,id07_22_01,静岡県１区,-,3,23674,9.8,島津幸広,男,1956/10/19 0:00,,共,,,新,
42,2000,id07_22_01,静岡県１区,-,3,1327,0.6,浅野光雪,,,,自連,,,新,
42,2000,id07_22_02,静岡県２区,当,1,92905,36.8,原田昇左右,,,9,自,加,宏池会,前,保守
42,2000,id07_22_02,静岡県２区,比当,2,76334,30.3,津川祥吾,男,1972/1/25 0:00,,民,,,新,
42,2000,id07_22_02,静岡県２区,-,3,46095,18.3,大石秀政,,,,無,,,前,
42,2000,id07_22_02,静岡県２区,-,3,23009,9.1,四ッ谷恵,,,,共,,,新,
42,2000,id07_22_02,静岡県２区,-,3,13816,5.5,池田剛久,男,1965/11/11 0:00,,自連,,,新,
42,2000,id07_22_03,静岡県３区,当,1,140242,60.1,柳沢伯夫,男,1935/8/18 0:00,6,自,加,宏池会,前,
42,2000,id07_22_03,静岡県３区,-,3,71541,30.7,鈴木泰,男,1960/5/14 0:00,,民,,,新,
42,2000,id07_22_03,静岡県３区,-,3,21501,9.2,高梨俊弘,,,,共,,,新,
42,2000,id07_22_04,静岡県４区,当,1,78295,57.4,望月義夫,男,1947/5/2 0:00,2,自,加,宏池会,前,公明・保守
42,2000,id07_22_04,静岡県４区,-,3,38313,28.1,川井健男,,,,民,,,新,
42,2000,id07_22_04,静岡県４区,-,3,18028,13.2,西谷英俊,,,,共,,,新,
42,2000,id07_22_04,静岡県４区,-,3,1669,1.2,丹羽幸雄,,,,自連,,,新,
42,2000,id07_22_05,静岡県５区,当,1,84743,49.8,斉藤斗志二,男,1944/12/27 0:00,5,自,小,平成研,前,公明・保守
42,2000,id07_22_05,静岡県５区,-,3,54010,31.8,和泉昭子,,,,民,,,新,
42,2000,id07_22_05,静岡県５区,-,3,18345,10.8,菊地董,,,,社,,,前,
42,2000,id07_22_05,静岡県５区,-,3,12908,7.6,杉田保雄,男,1946/12/8 0:00,,共,,,新,
42,2000,id07_22_06,静岡県６区,当,1,115223,53.4,渡辺周,男,1961/12/11 0:00,2,民,,,前,
42,2000,id07_22_06,静岡県６区,-,3,85458,39.6,桜田光雄,,,,自,加,宏池会,新,保守
42,2000,id07_22_06,静岡県６区,-,3,13428,6.2,井口昌彦,男,1954/7/23 0:00,,共,,,新,
42,2000,id07_22_06,静岡県６区,-,3,1864,0.9,大平薫久,,,,自連,,,新,
42,2000,id07_22_07,静岡県７区,当,1,73044,30.3,細野豪志,男,1971/8/21 0:00,1,民,,,新,
42,2000,id07_22_07,静岡県７区,-,3,56825,23.6,木部佳昭,,,,自,江,志帥会,前,保守
42,2000,id07_22_07,静岡県７区,-,3,51625,21.4,栗原裕康,,,,無,,,前,
42,2000,id07_22_07,静岡県７区,-,3,39685,16.5,松本義広,,,,無,,,新,
42,2000,id07_22_07,静岡県７区,-,3,18252,7.6,宮城島正,,,,共,,,新,
42,2000,id07_22_07,静岡県７区,-,3,1313,0.5,志良以栄,,,,自連,,,新,
42,2000,id07_22_08,静岡県８区,当,1,102938,46.9,鈴木康友,男,1957/8/23 0:00,1,民,,,新,
42,2000,id07_22_08,静岡県８区,-,3,95533,43.5,塩谷立,男,1950/2/18 0:00,,自,森,清和会,前,公明・保守
42,2000,id07_22_08,静岡県８区,-,3,21137,9.6,平賀高成,男,1954/5/7 0:00,,共,,,前,
42,2000,id07_22_09,静岡県９区,当,1,96839,46.1,熊谷弘,,,6,民,政,,前,
42,2000,id07_22_09,静岡県９区,-,3,93304,44.4,鈴井慎一,,,,自,加,宏池会,新,公明・保守
42,2000,id07_22_09,静岡県９区,-,3,19826,9.4,大石悦子,,,,共,,,新,
42,2000,id07_23_01,愛知県１区,当,1,79817,42.1,河村たかし,男,1948/11/3 0:00,3,民,由,,前,
42,2000,id07_23_01,愛知県１区,-,3,53841,28.4,平田米男,,,,公,平,,前,自民・保守
42,2000,id07_23_01,愛知県１区,-,3,27689,14.6,宮田正之,,,,無,,,新,
42,2000,id07_23_01,愛知県１区,-,3,24523,12.9,新谷由紀子,,,,共,,,新,
42,2000,id07_23_01,愛知県１区,-,3,2036,1.1,石川昭彦,,,,諸,,,新,
42,2000,id07_23_01,愛知県１区,-,3,1770,0.9,伊東マサコ,,,,自連,,,新,
42,2000,id07_23_02,愛知県２区,当,1,91888,47.6,古川元久,男,1965/12/6 0:00,2,民,,,前,
42,2000,id07_23_02,愛知県２区,-,3,47269,24.5,谷口守行,,,,自,森,清和会,新,
42,2000,id07_23_02,愛知県２区,-,3,25576,13.3,青木宏之,,,,保,由,,前,公明
42,2000,id07_23_02,愛知県２区,-,3,24847,12.9,大野宙光,男,1963/9/6 0:00,,共,,,新,
42,2000,id07_23_02,愛知県２区,-,3,1832,0.9,小野善孝,,,,自連,,,新,
42,2000,id07_23_02,愛知県２区,-,3,1579,0.8,大江喜美雄,,,,無,,,新,
42,2000,id07_23_03,愛知県３区,当,1,95533,49.5,近藤昭一,男,1958/5/26 0:00,2,民,,,前,
42,2000,id07_23_03,愛知県３区,-,3,62242,32.3,片岡武司,,,,自,江,志帥会,元,公明
42,2000,id07_23_03,愛知県３区,-,3,31875,16.5,西田一広,,,,共,,,新,
42,2000,id07_23_03,愛知県３区,-,3,3282,1.7,奈良武,,,,自連,,,新,
42,2000,id07_23_04,愛知県４区,当,1,57760,35.1,牧義夫,男,1958/1/14 0:00,1,民,,,新,
42,2000,id07_23_04,愛知県４区,-,3,54071,32.9,三沢淳,,,,保,由,,前,自民・公明
42,2000,id07_23_04,愛知県４区,比当,2,37645,22.9,瀬古由起子,女,1947/8/24 0:00,,共,,,前,
42,2000,id07_23_04,愛知県４区,-,3,10167,6.2,小林正和,男,1949/4/2 0:00,,社,,,新,
42,2000,id07_23_04,愛知県４区,-,3,4919,3,川島実,,,,自連,進,,元,
42,2000,id07_23_05,愛知県５区,当,1,82943,48.3,赤松広隆,男,1948/5/3 0:00,4,民,,,前,
42,2000,id07_23_05,愛知県５区,比当,2,64970,37.8,木村隆秀,男,1955/8/10 0:00,,自,小,平成研,前,公明
42,2000,id07_23_05,愛知県５区,-,3,21516,12.5,小玉あさ子,,,,共,,,新,
42,2000,id07_23_05,愛知県５区,-,3,2274,1.3,伊東敬芳,,,,自連,,,新,
42,2000,id07_23_06,愛知県６区,当,1,97714,39,前田雄吉,男,1960/1/8 0:00,1,民,,,新,
42,2000,id07_23_06,愛知県６区,-,3,92321,36.8,草川昭三,,,,公,平,,前,自民・保守
42,2000,id07_23_06,愛知県６区,-,3,29491,11.8,辻一幸,,,,共,,,新,
42,2000,id07_23_06,愛知県６区,-,3,22617,9,伊藤健一,,,,無会,,,新,
42,2000,id07_23_06,愛知県６区,-,3,6971,2.8,保田玲子,,,,自連,,,新,
42,2000,id07_23_06,愛知県６区,-,3,1630,0.7,辺見雅男,,,,無,,,新,
42,2000,id07_23_07,愛知県７区,当,1,86651,38.5,小林憲司,男,1964/7/4 0:00,1,民,,,新,
42,2000,id07_23_07,愛知県７区,-,3,83601,37.2,鈴木淳司,男,1958/4/7 0:00,,自,森,清和会,新,公明
42,2000,id07_23_07,愛知県７区,比当,2,28125,12.5,大島令子,女,1952/5/14 0:00,,社,,,新,
42,2000,id07_23_07,愛知県７区,-,3,23095,10.3,坂林卓美,男,1962/5/11 0:00,,共,,,新,
42,2000,id07_23_07,愛知県７区,-,3,1841,0.8,原田勇,,,,自連,,,新,
42,2000,id07_23_07,愛知県７区,-,3,1621,0.7,尾崎昭広,,,,無,,,新,
42,2000,id07_23_08,愛知県８区,当,1,84641,35.2,大木浩,,,1,自,小,平成研,新,公明
42,2000,id07_23_08,愛知県８区,比当,2,83988,35,伴野豊,男,1961/1/1 0:00,,民,,,新,
42,2000,id07_23_08,愛知県８区,-,3,52046,21.7,森田裕介,男,1963/5/7 0:00,,無会,,,新,
42,2000,id07_23_08,愛知県８区,-,3,18357,7.6,梶浦勇,,,,共,,,新,
42,2000,id07_23_08,愛知県８区,-,3,1199,0.5,関口周司,,,,諸,,,新,
42,2000,id07_23_09,愛知県９区,当,1,122175,53.2,海部俊樹,男,1931/1/2 0:00,14,保,由,,前,自民・公明
42,2000,id07_23_09,愛知県９区,-,3,73321,31.9,目黒好江,,,,民,,,新,
42,2000,id07_23_09,愛知県９区,-,3,24266,10.6,松崎省三,男,1946/8/3 0:00,,共,,,新,
42,2000,id07_23_09,愛知県９区,-,3,6117,2.7,大宮勝之,,,,無,,,新,
42,2000,id07_23_09,愛知県９区,-,3,3936,1.7,山崎義章,,,,自連,,,新,
42,2000,id07_23_10,愛知県１０区,当,1,99970,36.5,佐藤観樹,,,10,民,,,元,
42,2000,id07_23_10,愛知県１０区,-,3,86416,31.6,江崎鉄磨,男,1943/9/17 0:00,,保,由,,前,公明
42,2000,id07_23_10,愛知県１０区,-,3,57047,20.8,鈴木雅博,,,,自,河グ,志公会,新,
42,2000,id07_23_10,愛知県１０区,-,3,27324,10,石田保,男,1938/4/28 0:00,,共,,,新,
42,2000,id07_23_10,愛知県１０区,-,3,2881,1.1,石川八郎,,,,自連,,,新,
42,2000,id07_23_11,愛知県１１区,当,1,130473,57.6,伊藤英成,,,6,民,友,,前,
42,2000,id07_23_11,愛知県１１区,-,3,79910,35.3,山中アキ子,,,,自,河グ,志公会,前,公明
42,2000,id07_23_11,愛知県１１区,-,3,13862,6.1,佐藤義淳,,,,共,,,新,
42,2000,id07_23_11,愛知県１１区,-,3,2422,1.1,塩沢勇,,,,自連,,,新,
42,2000,id07_23_12,愛知県１２区,当,1,117475,45.6,杉浦正健,男,1934/7/26 0:00,4,自,森,清和会,前,公明
42,2000,id07_23_12,愛知県１２区,-,3,81826,31.7,中根康浩,男,1962/8/17 0:00,,民,,,新,
42,2000,id07_23_12,愛知県１２区,比当,2,33052,12.8,都築譲,男,1950/9/23 0:00,,由,進,,新,
42,2000,id07_23_12,愛知県１２区,-,3,21581,8.4,野村典子,,,,共,,,新,
42,2000,id07_23_12,愛知県１２区,-,3,2517,1,川島隆,,,,自連,,,新,
42,2000,id07_23_12,愛知県１２区,-,3,1422,0.6,福田晃,,,,無,,,新,
42,2000,id07_23_13,愛知県１３区,当,1,104731,45.9,大村秀章,男,1960/3/9 0:00,2,自,小,平成研,前,公明
42,2000,id07_23_13,愛知県１３区,比当,2,104392,45.8,島聡,男,1958/4/25 0:00,,民,友,,前,
42,2000,id07_23_13,愛知県１３区,-,3,15880,7,宮川金彦,,,,共,,,新,
42,2000,id07_23_13,愛知県１３区,-,3,3164,1.4,志良以憲,,,,自連,,,新,
42,2000,id07_23_14,愛知県１４区,当,1,67256,37.8,浅野勝人,,,3,自,河グ,志公会,前,公明
42,2000,id07_23_14,愛知県１４区,-,3,64736,36.4,鈴木克昌,男,1943/11/14 0:00,,無,,,新,
42,2000,id07_23_14,愛知県１４区,-,3,31655,17.8,依田喜隆,,,,民,,,新,
42,2000,id07_23_14,愛知県１４区,-,3,12211,6.9,野上徳宏,,,,共,,,新,
42,2000,id07_23_14,愛知県１４区,-,3,1016,0.6,大山邦夫,,,,無,,,新,
42,2000,id07_23_14,愛知県１４区,-,3,917,0.5,内山貴雄,,,,自連,,,新,
42,2000,id07_23_15,愛知県１５区,当,1,96086,48.9,山本明彦,男,1947/4/1 0:00,1,自,森,清和会,新,公明
42,2000,id07_23_15,愛知県１５区,-,3,77344,39.3,近藤剛,男,1965/1/1 0:00,,民,,,新,
42,2000,id07_23_15,愛知県１５区,-,3,20700,10.5,斎藤啓,男,1971/8/10 0:00,,共,,,新,
42,2000,id07_23_15,愛知県１５区,-,3,2431,1.2,平山淳一,,,,自連,,,新,
42,2000,id07_24_01,三重県１区,当,1,104484,50.9,川崎二郎,男,1947/11/15 0:00,6,自,加,宏池会,前,保守
42,2000,id07_24_01,三重県１区,比当,2,76673,37.3,中井洽,男,1942/6/10 0:00,,由,進,,前,民主
42,2000,id07_24_01,三重県１区,-,3,21158,10.3,駒田拓一,,,,共,,,新,
42,2000,id07_24_01,三重県１区,-,3,3097,1.5,林建二,,,,自連,,,新,
42,2000,id07_24_02,三重県２区,当,1,111410,57.4,中川正春,男,1950/6/10 0:00,2,民,政,,前,
42,2000,id07_24_02,三重県２区,-,3,70488,36.3,衣斐賢譲,,,,自,森,清和会,新,保守
42,2000,id07_24_02,三重県２区,-,3,12291,6.3,前垣忠司,,,,共,,,新,
42,2000,id07_24_03,三重県３区,当,1,117868,54.2,岡田克也,男,1953/7/14 0:00,4,民,政,,前,
42,2000,id07_24_03,三重県３区,-,3,82222,37.8,平田耕一,男,1948/11/9 0:00,,自,小,平成研,新,保守
42,2000,id07_24_03,三重県３区,-,3,17547,8.1,星野律子,女,1951/6/4 0:00,,共,,,新,
42,2000,id07_24_04,三重県４区,当,1,97276,62.8,田村憲久,男,1964/12/15 0:00,2,自,小,平成研,前,公明・保守
42,2000,id07_24_04,三重県４区,-,3,42890,27.7,岸田賢剛,,,,民,,,新,
42,2000,id07_24_04,三重県４区,-,3,14789,9.5,岡野恵美,女,1952/5/6 0:00,,共,,,新,
42,2000,id07_24_05,三重県５区,当,1,85254,46.2,藤波孝生,,,11,無,自,,前,
42,2000,id07_24_05,三重県５区,比当,2,82222,44.5,山村健,,,,民,,,新,
42,2000,id07_24_05,三重県５区,-,3,17168,9.3,黒木騎代春,,,,共,,,新,
42,2000,id08_25_01,滋賀県１区,当,1,78834,44.2,川端達夫,男,1945/1/24 0:00,5,民,友,,前,さきがけ
42,2000,id08_25_01,滋賀県１区,-,3,67001,37.6,目片信,,,,自,小,平成研,前,保守
42,2000,id08_25_01,滋賀県１区,-,3,29753,16.7,吉原稔,,,,共,,,新,
42,2000,id08_25_01,滋賀県１区,-,3,2627,1.5,栗岡尋孝,,,,自連,,,新,
42,2000,id08_25_02,滋賀県２区,当,1,125625,45.7,小西哲,,,1,自,小,平成研,新,公明・保守
42,2000,id08_25_02,滋賀県２区,-,3,115322,42,武村正義,,,,無,,,前,民主・自由・さきがけ
42,2000,id08_25_02,滋賀県２区,-,3,33660,12.3,桧山秋彦,,,,共,,,新,
42,2000,id08_25_03,滋賀県３区,当,1,93044,43.8,岩永峯一,男,1941/9/5 0:00,2,自,加,宏池会,前,公明・保守
42,2000,id08_25_03,滋賀県３区,-,3,89358,42.1,奥村展三,男,1944/8/10 0:00,,無,,,新,民主・自由・社民・さきがけ・無所属の会
42,2000,id08_25_03,滋賀県３区,-,3,29914,14.1,林俊郎,,,,共,,,新,
42,2000,id08_26_01,京都府１区,当,1,86490,42.1,伊吹文明,男,1938/1/9 0:00,6,自,江,志帥会,前,保守
42,2000,id08_26_01,京都府１区,比当,2,68493,33.4,穀田恵二,男,1947/1/11 0:00,,共,,,前,
42,2000,id08_26_01,京都府１区,-,3,50256,24.5,菱田健次,,,,民,,,新,
42,2000,id08_26_02,京都府２区,当,1,52077,33.5,前原誠司,男,1962/4/30 0:00,3,民,,,前,
42,2000,id08_26_02,京都府２区,-,3,48057,30.9,山本直彦,,,,自,,,新,保守
42,2000,id08_26_02,京都府２区,-,3,41541,26.7,井上哲士,,,,共,,,新,
42,2000,id08_26_02,京都府２区,-,3,11296,7.3,谷口徹,,,,由,,,新,
42,2000,id08_26_02,京都府２区,-,3,2691,1.7,戸板まさ恵,,,,自連,,,新,
42,2000,id08_26_03,京都府３区,当,1,66576,36.5,奥山茂彦,,,2,自,小,平成研,前,公明・保守
42,2000,id08_26_03,京都府３区,-,3,57536,31.5,泉健太,男,1974/7/29 0:00,,民,,,新,
42,2000,id08_26_03,京都府３区,-,3,44816,24.6,本庄孝夫,,,,共,,,新,
42,2000,id08_26_03,京都府３区,-,3,13482,7.4,大湾宗則,,,,社,,,新,
42,2000,id08_26_04,京都府４区,当,1,121439,53,野中広務,,,7,自,小,平成研,前,公明・保守
42,2000,id08_26_04,京都府４区,-,3,54646,23.9,加味根史朗,,,,共,,,新,
42,2000,id08_26_04,京都府４区,-,3,34522,15.1,佐川公也,,,,民,,,新,
42,2000,id08_26_04,京都府４区,-,3,18452,8.1,豊田潤多郎,男,1949/8/22 0:00,,由,進,,元,
42,2000,id08_26_05,京都府５区,当,1,109508,63.5,谷垣禎一,男,1945/3/7 0:00,7,自,加,宏池会,前,公明・保守
42,2000,id08_26_05,京都府５区,-,3,34952,20.3,吉田早由美,女,1950/11/21 0:00,,共,,,新,
42,2000,id08_26_05,京都府５区,-,3,27897,16.2,矢野正彦,,,,民,,,新,
42,2000,id08_26_06,京都府６区,当,1,96082,38.2,菱田嘉明,,,1,自,,,新,公明・保守
42,2000,id08_26_06,京都府６区,比当,2,88392,35.2,玉置一弥,男,1944/7/8 0:00,,民,友,,前,
42,2000,id08_26_06,京都府６区,-,3,46787,18.6,浜田良之,男,1956/2/28 0:00,,共,,,新,
42,2000,id08_26_06,京都府６区,-,3,15136,6,松村ツトム,,,,由,,,新,
42,2000,id08_26_06,京都府６区,-,3,5056,2,四井猛士,,,,自連,,,新,
42,2000,id08_27_01,大阪府１区,当,1,87068,50.2,中馬弘毅,男,1936/10/8 0:00,7,自,河グ,志公会,前,公明・保守
42,2000,id08_27_01,大阪府１区,-,3,41431,23.9,小西俊博,,,,民,,,新,
42,2000,id08_27_01,大阪府１区,-,3,38543,22.2,小畑勉,,,,共,,,新,
42,2000,id08_27_01,大阪府１区,-,3,6347,3.7,三上誠三,,,,無,,,新,
42,2000,id08_27_02,大阪府２区,当,1,90470,47.5,左藤章,男,1951/7/12 0:00,1,自,加,宏池会,新,公明・保守
42,2000,id08_27_02,大阪府２区,比当,2,56152,29.5,石井郁子,女,1940/10/10 0:00,,共,,,前,
42,2000,id08_27_02,大阪府２区,-,3,38177,20.1,稲場政和,,,,民,,,新,
42,2000,id08_27_02,大阪府２区,-,3,5586,2.9,福田貢,,,,自連,,,新,
42,2000,id08_27_03,大阪府３区,当,1,90605,46.1,田端正広,男,1940/1/4 0:00,3,公,平,,前,自民・保守
42,2000,id08_27_03,大阪府３区,-,3,74055,37.7,小林美恵子,,,,共,,,新,
42,2000,id08_27_03,大阪府３区,-,3,31898,16.2,長谷川慶子,,,,自連,,,新,
42,2000,id08_27_04,大阪府４区,当,1,63290,30.7,中山正暉,,,11,自,江,志帥会,前,保守
42,2000,id08_27_04,大阪府４区,-,3,54038,26.2,吉田治,男,1962/3/16 0:00,,民,友,,前,
42,2000,id08_27_04,大阪府４区,-,3,36804,17.9,長谷川良雄,男,1950/4/29 0:00,,共,,,新,
42,2000,id08_27_04,大阪府４区,-,3,34476,16.7,前田正,,,,革,進,,前,
42,2000,id08_27_04,大阪府４区,-,3,17450,8.5,村上史好,男,1952/6/10 0:00,,由,,,新,
42,2000,id08_27_05,大阪府５区,当,1,79018,37.3,谷口隆義,男,1949/4/18 0:00,3,公,由,,前,自民・保守
42,2000,id08_27_05,大阪府５区,-,3,66679,31.5,稲見哲男,男,1948/7/20 0:00,,民,,,新,
42,2000,id08_27_05,大阪府５区,-,3,55225,26.1,東中光雄,,,,共,,,前,
42,2000,id08_27_05,大阪府５区,-,3,11021,5.2,井上琢磨,,,,自連,,,新,
42,2000,id08_27_06,大阪府６区,当,1,96432,49.7,福島豊,男,1958/1/4 0:00,3,公,平,,前,自民・保守
42,2000,id08_27_06,大阪府６区,-,3,66268,34.1,柳河瀬精,,,,共,,,新,
42,2000,id08_27_06,大阪府６区,-,3,31354,16.2,池田浩幸,,,,自連,,,新,
42,2000,id08_27_07,大阪府７区,当,1,63455,34.1,藤村修,男,1949/11/3 0:00,3,民,政,,前,
42,2000,id08_27_07,大阪府７区,-,3,52210,28.1,井上一成,,,,保,由,,前,自民・公明
42,2000,id08_27_07,大阪府７区,-,3,41727,22.4,藤井幸子,,,,共,,,新,
42,2000,id08_27_07,大阪府７区,-,3,28712,15.4,有沢志郎,,,,無,,,新,
42,2000,id08_27_08,大阪府８区,当,1,83566,48.4,中野寛成,男,1940/11/26 0:00,9,民,友,,前,
42,2000,id08_27_08,大阪府８区,-,3,54859,31.8,上瀬剛,,,,自,森,清和会,新,保守
42,2000,id08_27_08,大阪府８区,-,3,29649,17.2,姫井敬治,,,,共,,,新,
42,2000,id08_27_08,大阪府８区,-,3,4573,2.6,菊池雅之,,,,自連,,,新,
42,2000,id08_27_09,大阪府９区,当,1,82563,36.5,大谷信盛,男,1962/12/4 0:00,1,民,,,新,
42,2000,id08_27_09,大阪府９区,-,3,65469,29,西田猛,男,1955/8/5 0:00,,保,由,,前,自民・公明
42,2000,id08_27_09,大阪府９区,-,3,38262,16.9,藤木邦顕,,,,共,,,新,
42,2000,id08_27_09,大阪府９区,-,3,23071,10.2,木本保平,,,,無,,,新,
42,2000,id08_27_09,大阪府９区,-,3,8619,3.8,松下陽一,,,,無,,,新,
42,2000,id08_27_09,大阪府９区,-,3,8039,3.6,宇野行男,,,,自連,,,新,
42,2000,id08_27_10,大阪府１０区,当,1,55839,29.7,辻元清美,女,1960/4/28 0:00,2,社,,,前,さきがけ
42,2000,id08_27_10,大阪府１０区,-,3,55108,29.3,石垣一夫,,,,公,由,,前,自民・保守
42,2000,id08_27_10,大阪府１０区,比当,2,52598,28,肥田美代子,女,1941/3/1 0:00,,民,,,前,
42,2000,id08_27_10,大阪府１０区,-,3,21957,11.7,大嶺学,,,,共,,,新,
42,2000,id08_27_10,大阪府１０区,-,3,2489,1.3,高谷仁,,,,無,,,新,
42,2000,id08_27_11,大阪府１１区,当,1,120895,55.5,平野博文,男,1949/3/19 0:00,2,民,,,前,
42,2000,id08_27_11,大阪府１１区,-,3,59803,27.4,坪井一宇,,,,自,森,清和会,新,保守
42,2000,id08_27_11,大阪府１１区,-,3,37255,17.1,山下京子,女,1954/2/28 0:00,,共,,,新,
42,2000,id08_27_12,大阪府１２区,当,1,72393,38.7,樽床伸二,男,1959/8/6 0:00,3,民,政,,前,
42,2000,id08_27_12,大阪府１２区,-,3,68773,36.8,北川知克,男,1951/11/8 0:00,,自,河,志公会,新,公明・保守
42,2000,id08_27_12,大阪府１２区,-,3,29623,15.8,西森洋一,,,,共,,,新,
42,2000,id08_27_12,大阪府１２区,-,3,16178,8.7,真鍋晃篤,男,1971/4/13 0:00,,由,,,新,
42,2000,id08_27_13,大阪府１３区,当,1,109614,53.3,塩川正十郎,,,11,自,森,清和会,元,公明・保守
42,2000,id08_27_13,大阪府１３区,比当,2,55096,26.8,吉井英勝,男,1942/12/19 0:00,,共,,,前,
42,2000,id08_27_13,大阪府１３区,-,3,35759,17.4,岡本準一郎,,,,民,,,新,
42,2000,id08_27_13,大阪府１３区,-,3,5115,2.5,佐藤芳男,,,,自連,,,新,
42,2000,id08_27_14,大阪府１４区,当,1,105624,46.7,谷畑孝,男,1947/1/10 0:00,2,自,森,清和会,前,公明・保守
42,2000,id08_27_14,大阪府１４区,-,3,67598,29.9,山本孝史,,,,民,政,,前,
42,2000,id08_27_14,大阪府１４区,-,3,45471,20.1,野沢倫昭,男,1948/2/15 0:00,,共,,,新,
42,2000,id08_27_14,大阪府１４区,-,3,7606,3.4,小鶴有生,,,,自連,,,新,
42,2000,id08_27_15,大阪府１５区,当,1,100028,46.7,竹本直一,男,1940/11/23 0:00,2,自,加,宏池会,前,公明・保守
42,2000,id08_27_15,大阪府１５区,-,3,60539,28.3,相田勲,,,,民,,,新,さきがけ
42,2000,id08_27_15,大阪府１５区,-,3,44898,21,柿沼康隆,,,,共,,,新,
42,2000,id08_27_15,大阪府１５区,-,3,8599,4,山口昌司,,,,自連,,,新,
42,2000,id08_27_16,大阪府１６区,当,1,64150,39.1,北側一雄,男,1953/3/2 0:00,4,公,平,,前,自民・保守
42,2000,id08_27_16,大阪府１６区,-,3,51055,31.1,真砂泰三,,,,無,,,新,
42,2000,id08_27_16,大阪府１６区,-,3,48815,29.8,菅野泰介,,,,共,,,新,
42,2000,id08_27_17,大阪府１７区,当,1,41781,23.5,岡下信子,女,1939/6/28 0:00,1,自,小,平成研,新,保守
42,2000,id08_27_17,大阪府１７区,-,3,36834,20.7,真鍋穣,男,1951/9/30 0:00,,共,,,新,
42,2000,id08_27_17,大阪府１７区,-,3,33392,18.8,尾立源幸,,,,民,,,新,
42,2000,id08_27_17,大阪府１７区,比当,2,28345,15.9,西村真悟,男,1948/7/7 0:00,,由,進,,前,
42,2000,id08_27_17,大阪府１７区,-,3,28184,15.9,平田多加秋,,,,無,,,新,
42,2000,id08_27_17,大阪府１７区,-,3,9190,5.2,中北竜太郎,,,,社,,,新,
42,2000,id08_27_18,大阪府１８区,当,1,103402,47.5,中山太郎,男,1924/8/27 0:00,5,自,,,前,公明・保守
42,2000,id08_27_18,大阪府１８区,-,3,64259,29.5,喜多誠,,,,民,,,新,
42,2000,id08_27_18,大阪府１８区,-,3,42750,19.6,古久保暢男,,,,共,,,新,
42,2000,id08_27_18,大阪府１８区,-,3,7402,3.4,沖津しのぶ,,,,自連,,,新,
42,2000,id08_27_19,大阪府１９区,当,1,81641,53.1,松浪健四郎,男,1946/10/14 0:00,2,保,由,,前,自民・公明
42,2000,id08_27_19,大阪府１９区,-,3,46911,30.5,石田敏高,,,,民,,,新,
42,2000,id08_27_19,大阪府１９区,-,3,23322,15.2,西山孝,,,,共,,,新,
42,2000,id08_27_19,大阪府１９区,-,3,1845,1.2,山口康雄,,,,無,,,新,
42,2000,id08_28_01,兵庫県１区,当,1,62431,34.9,石井一,男,1934/8/17 0:00,10,民,政,,前,
42,2000,id08_28_01,兵庫県１区,比当,2,62166,34.8,砂田圭佑,男,1933/11/21 0:00,,自,河,志公会,前,公明・保守
42,2000,id08_28_01,兵庫県１区,-,3,46303,25.9,藤末衛,,,,共,,,新,
42,2000,id08_28_01,兵庫県１区,-,3,7806,4.4,徳田恭三,,,,自連,,,新,
42,2000,id08_28_02,兵庫県２区,当,1,79750,43.3,赤羽一嘉,男,1958/5/7 0:00,3,公,平,,前,自民・保守
42,2000,id08_28_02,兵庫県２区,-,3,66820,36.2,平松順子,女,1949/10/11 0:00,,共,,,新,
42,2000,id08_28_02,兵庫県２区,-,3,37762,20.5,桜井良生,,,,自連,,,新,
42,2000,id08_28_03,兵庫県３区,当,1,66547,36.5,土肥隆一,男,1939/2/11 0:00,4,民,改,,前,
42,2000,id08_28_03,兵庫県３区,-,3,50036,27.5,井川弘光,,,,自,江,志帥会,新,保守
42,2000,id08_28_03,兵庫県３区,-,3,34809,19.1,岡崎宏美,,,,諸,,,元,
42,2000,id08_28_03,兵庫県３区,-,3,21307,11.7,松本勝雄,男,1944/8/18 0:00,,共,,,新,
42,2000,id08_28_03,兵庫県３区,-,3,9471,5.2,田川豊秋,,,,自連,,,新,
42,2000,id08_28_04,兵庫県４区,当,1,143441,64.9,井上喜一,男,1932/5/24 0:00,5,保,由,,前,自民・公明
42,2000,id08_28_04,兵庫県４区,-,3,51488,23.3,瀬尾和志,,,,共,,,新,
42,2000,id08_28_04,兵庫県４区,-,3,26103,11.8,魚井健一,,,,自連,,,新,
42,2000,id08_28_05,兵庫県５区,当,1,105230,42.3,谷洋一,,,9,自,江,志帥会,前,公明・保守
42,2000,id08_28_05,兵庫県５区,-,3,88402,35.5,吉岡賢治,,,,民,改,,元,
42,2000,id08_28_05,兵庫県５区,-,3,29540,11.9,梶原康弘,男,1956/10/14 0:00,,由,,,新,
42,2000,id08_28_05,兵庫県５区,-,3,18348,7.4,西本嘉宏,,,,共,,,新,
42,2000,id08_28_05,兵庫県５区,-,3,7270,2.9,斎藤義明,,,,自連,,,新,
42,2000,id08_28_06,兵庫県６区,当,1,84647,33.8,小池百合子,女,1952/7/15 0:00,3,保,由,,前,自民・公明
42,2000,id08_28_06,兵庫県６区,-,3,73931,29.5,市村浩一郎,男,1964/7/16 0:00,,民,,,新,
42,2000,id08_28_06,兵庫県６区,比当,2,55788,22.3,中川智子,女,1947/9/28 0:00,,社,,,前,
42,2000,id08_28_06,兵庫県６区,-,3,30887,12.3,前田えり子,,,,共,,,新,
42,2000,id08_28_06,兵庫県６区,-,3,5141,2.1,朝倉多恵子,,,,自連,,,新,
42,2000,id08_28_07,兵庫県７区,当,1,144168,62.8,土井たか子,女,1928/11/30 0:00,11,社,,,前,
42,2000,id08_28_07,兵庫県７区,-,3,47303,20.6,野田数,男,1973/8/27 0:00,,保,,,新,自民
42,2000,id08_28_07,兵庫県７区,-,3,26209,11.4,川内一男,,,,共,,,新,
42,2000,id08_28_07,兵庫県７区,-,3,11831,5.2,牧野祥子,,,,自連,,,新,
42,2000,id08_28_08,兵庫県８区,当,1,75380,35.2,冬柴鉄三,男,1936/6/29 0:00,5,公,平,,前,自民・保守
42,2000,id08_28_08,兵庫県８区,-,3,50246,23.4,室井邦彦,男,1947/4/10 0:00,,無,,,新,
42,2000,id08_28_08,兵庫県８区,比当,2,42902,20,藤木洋子,,,,共,,,前,
42,2000,id08_28_08,兵庫県８区,比当,2,35740,16.7,北川れん子,,,,社,,,新,
42,2000,id08_28_08,兵庫県８区,-,3,10040,4.7,松尾正夫,,,,自連,,,新,
42,2000,id08_28_09,兵庫県９区,当,1,70119,33.3,宮本一三,男,1931/9/7 0:00,3,自,加,宏池会,前,公明・保守
42,2000,id08_28_09,兵庫県９区,-,3,64630,30.6,西村康稔,男,1962/10/15 0:00,,無,,,新,
42,2000,id08_28_09,兵庫県９区,-,3,50677,24,藤本欣三,,,,民,,,新,
42,2000,id08_28_09,兵庫県９区,-,3,22946,10.9,市川幸美,,,,共,,,新,
42,2000,id08_28_09,兵庫県９区,-,3,2502,1.2,芦村秀一,,,,自連,,,新,
42,2000,id08_28_10,兵庫県１０区,当,1,93554,46.7,渡海紀三朗,男,1948/2/11 0:00,4,自,さ,,元,保守
42,2000,id08_28_10,兵庫県１０区,-,3,56316,28.1,辻泰弘,男,1955/12/27 0:00,,民,,,新,
42,2000,id08_28_10,兵庫県１０区,比当,2,27721,13.8,塩田晋,,,,由,進,,前,
42,2000,id08_28_10,兵庫県１０区,-,3,17508,8.7,大椙鉄夫,男,1948/4/9 0:00,,共,,,新,
42,2000,id08_28_10,兵庫県１０区,-,3,5146,2.6,中島順子,,,,自連,,,新,
42,2000,id08_28_11,兵庫県１１区,当,1,101566,47.4,松本剛明,男,1959/4/25 0:00,1,民,,,新,
42,2000,id08_28_11,兵庫県１１区,-,3,87624,40.9,戸井田徹,男,1951/11/25 0:00,,自,小,平成研,前,公明・保守
42,2000,id08_28_11,兵庫県１１区,-,3,18056,8.4,小池和也,,,,共,,,新,
42,2000,id08_28_11,兵庫県１１区,-,3,7119,3.3,服部千秋,,,,自連,,,新,
42,2000,id08_28_12,兵庫県１２区,当,1,104060,47.5,山口壮,男,1954/10/3 0:00,1,無,,,新,民主
42,2000,id08_28_12,兵庫県１２区,-,3,98629,45,河本三郎,男,1950/9/7 0:00,,自,河,志公会,前,公明・保守
42,2000,id08_28_12,兵庫県１２区,-,3,13088,6,太田清幸,男,1955/6/10 0:00,,共,,,新,
42,2000,id08_28_12,兵庫県１２区,-,3,3262,1.5,山口歩,,,,自連,,,新,
42,2000,id08_29_01,奈良県１区,当,1,73851,44.1,森岡正宏,男,1943/1/29 0:00,1,自,小,平成研,新,公明・保守
42,2000,id08_29_01,奈良県１区,-,3,54684,32.7,馬淵澄夫,男,1960/8/23 0:00,,民,,,新,
42,2000,id08_29_01,奈良県１区,-,3,32337,19.3,佐藤真理,,,,共,,,新,
42,2000,id08_29_01,奈良県１区,-,3,6401,3.8,向井弘,,,,自連,,,新,
42,2000,id08_29_02,奈良県２区,当,1,71146,42.4,滝実,男,1938/9/15 0:00,2,自,小,平成研,前,公明・保守
42,2000,id08_29_02,奈良県２区,比当,2,63707,38,中村哲治,男,1971/7/24 0:00,,民,,,新,
42,2000,id08_29_02,奈良県２区,-,3,26546,15.8,伊藤正明,,,,共,,,新,
42,2000,id08_29_02,奈良県２区,-,3,6418,3.8,岡井康弘,,,,自連,,,新,
42,2000,id08_29_03,奈良県３区,当,1,68695,42.1,奥野誠亮,,,13,自,,,前,保守
42,2000,id08_29_03,奈良県３区,-,3,50003,30.6,福岡ともみ,,,,民,,,新,
42,2000,id08_29_03,奈良県３区,比当,2,23466,14.4,植田至紀,男,1965/12/7 0:00,,社,,,新,
42,2000,id08_29_03,奈良県３区,-,3,21201,13,正木敦,男,1971/7/22 0:00,,共,,,新,
42,2000,id08_29_04,奈良県４区,当,1,93108,50.1,田野瀬良太郎,男,1943/10/31 0:00,3,自,山,近未来,前,公明・保守
42,2000,id08_29_04,奈良県４区,-,3,80674,43.4,前田武志,,,,民,政,,前,
42,2000,id08_29_04,奈良県４区,-,3,11969,6.4,田村幹夫,,,,共,,,新,
42,2000,id08_30_01,和歌山県１区,当,1,83830,45.8,谷本龍哉,男,1966/10/26 0:00,1,無,,,新,
42,2000,id08_30_01,和歌山県１区,-,3,65468,35.7,中西啓介,,,,保,由,,前,自民・公明
42,2000,id08_30_01,和歌山県１区,-,3,33899,18.5,原矢寸久,男,1951/10/21 0:00,,共,,,新,
42,2000,id08_30_02,和歌山県２区,当,1,83419,58.5,岸本光造,,,3,自,山,近未来,前,公明
42,2000,id08_30_02,和歌山県２区,-,3,38156,26.7,木村文則,,,,民,,,新,
42,2000,id08_30_02,和歌山県２区,-,3,19209,13.5,吉田小雪,,,,共,,,新,
42,2000,id08_30_02,和歌山県２区,-,3,1870,1.3,小松由紀,,,,自連,,,新,
42,2000,id08_30_03,和歌山県３区,当,1,138527,63.1,二階俊博,男,1939/2/17 0:00,6,保,由,,前,自民・公明
42,2000,id08_30_03,和歌山県３区,-,3,55546,25.3,東力,,,,無,,,元,
42,2000,id08_30_03,和歌山県３区,-,3,25516,11.6,林勤,,,,共,,,新,
42,2000,id09_31_01,鳥取県１区,当,1,91163,49.1,石破茂,男,1957/2/4 0:00,5,自,小,平成研,前,公明・保守
42,2000,id09_31_01,鳥取県１区,-,3,62811,33.8,田村耕太郎,,,,無,,,新,
42,2000,id09_31_01,鳥取県１区,-,3,22425,12.1,知久馬二三子,,,,社,,,前,
42,2000,id09_31_01,鳥取県１区,-,3,9406,5.1,岩永尚之,男,1956/11/26 0:00,,共,,,新,
42,2000,id09_31_02,鳥取県２区,当,1,80843,50.2,相沢英之,,,9,自,河グ,志公会,前,公明・保守
42,2000,id09_31_02,鳥取県２区,比当,2,67939,42.2,山内功,男,1954/10/16 0:00,,民,,,新,
42,2000,id09_31_02,鳥取県２区,-,3,12153,7.6,水津岩男,,,,共,,,新,
42,2000,id09_32_01,島根県１区,当,1,74163,50.9,細田博之,男,1944/4/5 0:00,4,自,森,清和会,前,公明・保守
42,2000,id09_32_01,島根県１区,-,3,37323,25.6,石橋大吉,,,,民,,,前,
42,2000,id09_32_01,島根県１区,-,3,25671,17.6,岩本久人,,,,無会,,,新,
42,2000,id09_32_01,島根県１区,-,3,8484,5.8,吉川晴雄,,,,共,,,新,
42,2000,id09_32_02,島根県２区,当,1,112774,66.1,竹下亘,男,1946/11/3 0:00,1,自,,,新,公明・保守
42,2000,id09_32_02,島根県２区,-,3,51026,29.9,錦織淳民,,,,さ,,,元,
42,2000,id09_32_02,島根県２区,-,3,6857,4,佐々木洋子,,,,共,,,新,
42,2000,id09_32_03,島根県３区,当,1,93371,66.1,亀井久興,男,1939/11/8 0:00,3,自,河グ,志公会,前,公明・保守
42,2000,id09_32_03,島根県３区,-,3,37120,26.3,出島千鶴子,,,,社,,,新,
42,2000,id09_32_03,島根県３区,-,3,10720,7.6,平田守,,,,共,,,新,
42,2000,id09_33_01,岡山県１区,当,1,105253,57.3,逢沢一郎,男,1954/6/10 0:00,5,自,加,宏池会,前,
42,2000,id09_33_01,岡山県１区,-,3,59634,32.5,河田英正,,,,民,,,新,
42,2000,id09_33_01,岡山県１区,-,3,18743,10.2,垣内雄一,男,1964/9/2 0:00,,共,,,新,
42,2000,id09_33_02,岡山県２区,当,1,85514,51.3,熊代昭彦,男,1940/2/21 0:00,3,自,小,平成研,前,公明
42,2000,id09_33_02,岡山県２区,-,3,50187,30.1,中桐伸五,,,,民,,,前,
42,2000,id09_33_02,岡山県２区,-,3,20500,12.3,尾崎宏子,女,1956/9/16 0:00,,共,,,新,
42,2000,id09_33_02,岡山県２区,-,3,10477,6.3,松本安正,,,,社,,,新,
42,2000,id09_33_03,岡山県３区,当,1,126003,64.1,平沼赳夫,男,1939/8/3 0:00,7,自,江,志帥会,前,公明・保守
42,2000,id09_33_03,岡山県３区,-,3,54994,28,樽井良和,男,1967/8/8 0:00,,民,,,新,
42,2000,id09_33_03,岡山県３区,-,3,15658,8,美見芳明,男,1957/4/3 0:00,,共,,,新,
42,2000,id09_33_04,岡山県４区,当,1,128888,65.6,橋本竜太郎,,,13,自,小,平成研,前,公明・保守
42,2000,id09_33_04,岡山県４区,-,3,46484,23.7,熊谷裕人,,,,民,,,新,
42,2000,id09_33_04,岡山県４区,-,3,21091,10.7,赤坂てる子,,,,共,,,新,
42,2000,id09_33_05,岡山県５区,当,1,116206,62.4,村田吉隆,男,1944/7/30 0:00,4,自,加,宏池会,前,公明
42,2000,id09_33_05,岡山県５区,-,3,57368,30.8,秦知子,,,,民,,,新,
42,2000,id09_33_05,岡山県５区,-,3,12745,6.8,国末吉夫,,,,共,,,新,
42,2000,id09_34_01,広島県１区,当,1,85482,55.1,岸田文雄,男,1957/7/29 0:00,3,自,加,宏池会,前,
42,2000,id09_34_01,広島県１区,-,3,49765,32.1,西尾政英,男,1961/6/5 0:00,,民,,,新,
42,2000,id09_34_01,広島県１区,-,3,19778,12.8,二階堂洋史,,,,共,,,新,
42,2000,id09_34_02,広島県２区,当,1,92316,43.9,粟屋敏信,,,5,無会,政,,前,
42,2000,id09_34_02,広島県２区,-,3,80198,38.2,桧田仁,男,1942/2/2 0:00,,自,小,平成研,前,保守
42,2000,id09_34_02,広島県２区,-,3,37550,17.9,藤本聡志,男,1954/10/16 0:00,,共,,,新,
42,2000,id09_34_03,広島県３区,当,1,82012,41.2,増原義剛,男,1945/6/1 0:00,1,無,,,新,
42,2000,id09_34_03,広島県３区,-,3,65805,33,河井克行,男,1963/3/11 0:00,,自,小,平成研,前,保守
42,2000,id09_34_03,広島県３区,比当,2,36478,18.3,金子哲夫,男,1948/7/18 0:00,,社,,,新,
42,2000,id09_34_03,広島県３区,-,3,14896,7.5,大植和子,,,,共,,,新,
42,2000,id09_34_04,広島県４区,当,1,102900,64,中川秀直,男,1944/2/2 0:00,7,自,森,清和会,前,公明・保守
42,2000,id09_34_04,広島県４区,-,3,40526,25.2,松井秀明,男,1968/12/11 0:00,,社,,,新,
42,2000,id09_34_04,広島県４区,-,3,17390,10.8,小島敏栄,,,,共,,,新,
42,2000,id09_34_05,広島県５区,当,1,107954,58.7,池田行彦,,,9,自,加,宏池会,前,公明・保守
42,2000,id09_34_05,広島県５区,-,3,59332,32.3,佐々木修一,,,,民,,,新,
42,2000,id09_34_05,広島県５区,-,3,12806,7,角谷進,男,1946/10/11 0:00,,共,,,新,
42,2000,id09_34_05,広島県５区,-,3,3769,2,森悟,,,,無,,,新,
42,2000,id09_34_06,広島県６区,当,1,138790,57.9,亀井静香,男,1936/11/1 0:00,8,自,江,志帥会,前,公明・保守
42,2000,id09_34_06,広島県６区,比当,2,81181,33.9,佐藤公治,男,1959/7/28 0:00,,由,,,新,民主
42,2000,id09_34_06,広島県６区,-,3,19640,8.2,村上好彦,,,,共,,,新,
42,2000,id09_34_07,広島県７区,当,1,112145,55.7,宮沢洋一,男,1950/4/21 0:00,1,自,加,宏池会,新,公明・保守
42,2000,id09_34_07,広島県７区,比当,2,68500,34,山田敏雅,,,,民,,,新,
42,2000,id09_34_07,広島県７区,-,3,20765,10.3,森川美紀恵,女,1950/1/24 0:00,,共,,,新,
42,2000,id09_35_01,山口県１区,当,1,143490,65.5,高村正彦,男,1942/3/15 0:00,7,自,河,志公会,前,保守
42,2000,id09_35_01,山口県１区,-,3,51496,23.5,山崎桃生,,,,民,,,新,
42,2000,id09_35_01,山口県１区,-,3,24167,11,魚永智行,男,1958/3/2 0:00,,共,,,新,
42,2000,id09_35_02,山口県２区,当,1,104372,47.5,平岡秀夫,男,1954/1/14 0:00,1,民,,,新,
42,2000,id09_35_02,山口県２区,-,3,97355,44.3,佐藤信二,,,,自,,,前,公明・保守
42,2000,id09_35_02,山口県２区,-,3,18064,8.2,山中良二,男,1959/1/17 0:00,,共,,,新,
42,2000,id09_35_03,山口県３区,当,1,120527,68.1,河村建夫,男,1942/11/10 0:00,4,自,江,志帥会,前,保守
42,2000,id09_35_03,山口県３区,-,3,38507,21.7,菖蒲順一郎,,,,共,,,新,
42,2000,id09_35_03,山口県３区,-,3,18022,10.2,佐々木信夫,,,,自連,,,新,
42,2000,id09_35_04,山口県４区,当,1,121835,71.7,安倍晋三,男,1954/9/21 0:00,3,自,森,清和会,前,保守
42,2000,id09_35_04,山口県４区,-,3,48068,28.3,池之上博,,,,共,,,新,
42,2000,id10_36_01,徳島県１区,当,1,60945,47.3,仙谷由人,男,1946/1/15 0:00,3,民,,,前,
42,2000,id10_36_01,徳島県１区,-,3,41628,32.3,岡本芳郎,男,1943/10/5 0:00,,自,小,平成研,新,保守
42,2000,id10_36_01,徳島県１区,-,3,14164,11,上村秀明,男,1959/1/1 0:00,,共,,,新,
42,2000,id10_36_01,徳島県１区,-,3,12068,9.4,太田宏美,,,,無,,,新,
42,2000,id10_36_02,徳島県２区,当,1,76746,52.7,山口俊一,男,1950/2/28 0:00,4,自,,,前,保守
42,2000,id10_36_02,徳島県２区,-,3,59693,41,高井美穂,女,1971/11/30 0:00,,民,,,新,
42,2000,id10_36_02,徳島県２区,-,3,9094,6.2,藤田均,男,1960/7/1 0:00,,共,,,新,
42,2000,id10_36_03,徳島県３区,当,1,77301,53.6,後藤田正純,男,1969/8/5 0:00,1,自,小,平成研,新,保守
42,2000,id10_36_03,徳島県３区,-,3,55422,38.4,岩浅嘉仁,,,,由,進,,前,
42,2000,id10_36_03,徳島県３区,-,3,11520,8,久保孝之,男,1963/10/9 0:00,,共,,,新,
42,2000,id10_37_01,香川県１区,当,1,85578,45.5,平井卓也,男,1958/1/25 0:00,1,無,,,新,
42,2000,id10_37_01,香川県１区,-,3,62065,33,藤本孝雄,,,,自,河,志公会,前,保守
42,2000,id10_37_01,香川県１区,-,3,27733,14.7,加藤繁秋,,,,社,,,元,
42,2000,id10_37_01,香川県１区,-,3,12667,6.7,松原昭夫,男,1956/3/16 0:00,,共,,,新,
42,2000,id10_37_02,香川県２区,当,1,84030,53.6,木村義雄,男,1948/4/17 0:00,5,自,山,近未来,前,公明・保守
42,2000,id10_37_02,香川県２区,-,3,53015,33.8,真鍋光広,,,,民,さ,,元,
42,2000,id10_37_02,香川県２区,-,3,11532,7.4,松村久,,,,共,,,新,
42,2000,id10_37_02,香川県２区,-,3,8265,5.3,猪塚武,,,,無,,,新,
42,2000,id10_37_03,香川県３区,当,1,90690,59.9,大野功統,男,1935/10/16 0:00,5,自,山,近未来,前,公明・保守
42,2000,id10_37_03,香川県３区,-,3,37759,25,奥田研二,男,1945/6/11 0:00,,社,,,新,
42,2000,id10_37_03,香川県３区,-,3,22887,15.1,白川容子,女,1966/4/14 0:00,,共,,,新,
42,2000,id10_38_01,愛媛県１区,当,1,108655,54.3,塩崎恭久,男,1950/11/7 0:00,2,自,加,宏池会,元,
42,2000,id10_38_01,愛媛県１区,-,3,52046,26,宇都宮真由美,,,,民,,,元,
42,2000,id10_38_01,愛媛県１区,-,3,17429,8.7,林紀子,女,1962/6/6 0:00,,共,,,新,
42,2000,id10_38_01,愛媛県１区,-,3,16512,8.3,永和淑子,,,,社,,,新,
42,2000,id10_38_01,愛媛県１区,-,3,5485,2.7,太田博之,,,,自連,,,新,
42,2000,id10_38_02,愛媛県２区,当,1,113616,64.1,村上誠一郎,男,1952/5/11 0:00,5,自,河,志公会,前,
42,2000,id10_38_02,愛媛県２区,-,3,42673,24.1,梅崎雪男,,,,社,,,新,
42,2000,id10_38_02,愛媛県２区,-,3,20952,11.8,秋山勝美,,,,共,,,新,
42,2000,id10_38_03,愛媛県３区,当,1,82345,53.5,小野晋也,男,1955/4/28 0:00,3,自,森,清和会,前,公明
42,2000,id10_38_03,愛媛県３区,-,3,35309,22.9,藤原敏隆,,,,民,,,新,
42,2000,id10_38_03,愛媛県３区,-,3,22601,14.7,藤田高景,男,1948/10/14 0:00,,社,,,新,
42,2000,id10_38_03,愛媛県３区,-,3,13607,8.8,平本哲郎,,,,共,,,新,
42,2000,id10_38_04,愛媛県４区,当,1,142982,83.6,山本公一,男,1947/9/4 0:00,3,自,加,宏池会,前,
42,2000,id10_38_04,愛媛県４区,-,3,28044,16.4,徳内厚美,,,,共,,,新,
42,2000,id10_39_01,高知県１区,当,1,40765,31,福井照,男,1953/12/14 0:00,1,自,,,新,
42,2000,id10_39_01,高知県１区,比当,2,33883,25.8,五島正規,男,1939/3/5 0:00,,民,,,前,社民
42,2000,id10_39_01,高知県１区,-,3,32687,24.8,石田祝稔,男,1951/9/1 0:00,,公,平,,元,保守
42,2000,id10_39_01,高知県１区,-,3,24241,18.4,浦田宣昭,,,,共,,,新,
42,2000,id10_39_02,高知県２区,当,1,67312,53.8,中谷元,男,1957/10/14 0:00,4,自,加,宏池会,前,保守
42,2000,id10_39_02,高知県２区,-,3,35079,28,中村久美,,,,民,,,新,
42,2000,id10_39_02,高知県２区,-,3,22774,18.2,谷崎治之,男,1959/1/16 0:00,,共,,,新,
42,2000,id10_39_03,高知県３区,当,1,76726,61.3,山本有二,男,1952/5/11 0:00,4,自,河,志公会,前,保守
42,2000,id10_39_03,高知県３区,-,3,29147,23.3,西村伸一郎,,,,社,,,新,民主
42,2000,id10_39_03,高知県３区,-,3,19265,15.4,大西正祐,,,,共,,,新,
42,2000,id11_40_01,福岡県１区,当,1,82241,46.3,松本龍,男,1951/5/17 0:00,4,民,,,前,社民
42,2000,id11_40_01,福岡県１区,-,3,68483,38.6,西田藤二,,,,自,山,近未来,新,保守
42,2000,id11_40_01,福岡県１区,-,3,19690,11.1,大賀さわ子,,,,共,,,新,
42,2000,id11_40_01,福岡県１区,-,3,7101,4,石田美香,,,,自連,,,新,
42,2000,id11_40_02,福岡県２区,当,1,93234,44.9,山崎拓,男,1936/12/11 0:00,10,自,山,近未来,前,
42,2000,id11_40_02,福岡県２区,-,3,79544,38.3,岩本司,,,,民,,,新,
42,2000,id11_40_02,福岡県２区,-,3,24762,11.9,清水とし子,,,,共,,,新,
42,2000,id11_40_02,福岡県２区,-,3,10178,4.9,城野美代子,,,,自連,,,新,
42,2000,id11_40_03,福岡県３区,当,1,104346,50.1,太田誠一,男,1945/10/30 0:00,7,自,加,宏池会,前,公明・保守
42,2000,id11_40_03,福岡県３区,-,3,80730,38.8,藤田一枝,女,1949/7/20 0:00,,民,,,新,
42,2000,id11_40_03,福岡県３区,-,3,18691,9,熊谷敦子,,,,共,,,新,
42,2000,id11_40_03,福岡県３区,-,3,4493,2.2,窪川数枝,,,,自連,,,新,
42,2000,id11_40_04,福岡県４区,当,1,87327,47.4,渡辺具能,男,1941/4/7 0:00,2,自,山,近未来,前,保守
42,2000,id11_40_04,福岡県４区,比当,2,78128,42.4,楢崎欣弥,男,1943/8/19 0:00,,民,,,新,
42,2000,id11_40_04,福岡県４区,-,3,18802,10.2,松尾寅彦,,,,共,,,新,
42,2000,id11_40_05,福岡県５区,当,1,93343,42.6,原田義昭,男,1944/10/1 0:00,3,自,山,近未来,前,保守
42,2000,id11_40_05,福岡県５区,-,3,58392,26.6,松本惟子,,,,民,,,前,社民（支持）
42,2000,id11_40_05,福岡県５区,-,3,47002,21.4,佐藤耕造,,,,自連,,,新,
42,2000,id11_40_05,福岡県５区,-,3,20608,9.4,森山皓子,,,,共,,,新,
42,2000,id11_40_06,福岡県６区,当,1,105423,48.4,古賀正浩,,,5,自,小,平成研,前,保守
42,2000,id11_40_06,福岡県６区,比当,2,90861,41.7,古賀一成,男,1947/7/30 0:00,,民,政,,前,
42,2000,id11_40_06,福岡県６区,-,3,15931,7.3,丸林秀彦,,,,共,,,新,
42,2000,id11_40_06,福岡県６区,-,3,5770,2.6,原武夫,,,,自連,,,新,
42,2000,id11_40_07,福岡県７区,当,1,124024,58.1,古賀誠,男,1940/8/5 0:00,7,自,加,宏池会,前,保守
42,2000,id11_40_07,福岡県７区,-,3,69388,32.5,細谷治通,,,,民,,,元,社民
42,2000,id11_40_07,福岡県７区,-,3,17419,8.2,山田真一郎,,,,共,,,新,
42,2000,id11_40_07,福岡県７区,-,3,2520,1.2,山元良夫,,,,自連,,,新,
42,2000,id11_40_08,福岡県８区,当,1,120178,49.9,麻生太郎,男,1940/9/20 0:00,7,自,河グ,志公会,前,保守
42,2000,id11_40_08,福岡県８区,-,3,65280,27.1,岩田順介,,,,民,,,前,
42,2000,id11_40_08,福岡県８区,-,3,26266,10.9,坂元雅子,,,,共,,,新,
42,2000,id11_40_08,福岡県８区,-,3,25021,10.4,大塚和弘,,,,社,,,新,
42,2000,id11_40_08,福岡県８区,-,3,4029,1.7,山元美恵子,,,,自連,,,新,
42,2000,id11_40_09,福岡県９区,当,1,102016,43.5,北橋健治,男,1953/3/19 0:00,4,民,改,,前,
42,2000,id11_40_09,福岡県９区,-,3,81809,34.9,三原朝彦,男,1947/5/23 0:00,,自,小,平成研,元,保守
42,2000,id11_40_09,福岡県９区,比当,2,44462,19,小沢和秋,,,,共,,,元,
42,2000,id11_40_09,福岡県９区,-,3,5977,2.6,渡辺信幸,,,,自連,,,新,
42,2000,id11_40_10,福岡県１０区,当,1,88446,40.8,自見庄三郎,男,1945/11/5 0:00,6,自,山,近未来,前,
42,2000,id11_40_10,福岡県１０区,-,3,47792,22,島津尚純,,,,民,友,,前,
42,2000,id11_40_10,福岡県１０区,-,3,37881,17.5,仁比聡平,,,,共,,,新,
42,2000,id11_40_10,福岡県１０区,-,3,35856,16.5,森本由美,,,,社,,,新,
42,2000,id11_40_10,福岡県１０区,-,3,7046,3.2,落合恵子,,,,自連,,,新,
42,2000,id11_40_11,福岡県１１区,当,1,68440,36.3,山本幸三,男,1948/8/8 0:00,3,無,,,前,
42,2000,id11_40_11,福岡県１１区,-,3,65838,34.9,武田良太,男,1968/4/1 0:00,,自,江,志帥会,新,公明
42,2000,id11_40_11,福岡県１１区,比当,2,41152,21.8,中西績介,,,,社,,,前,民主
42,2000,id11_40_11,福岡県１１区,-,3,11608,6.2,柳武ふく代,,,,共,,,新,
42,2000,id11_40_11,福岡県１１区,-,3,1698,0.9,伊藤弘毅,,,,自連,,,新,
42,2000,id11_41_01,佐賀県１区,当,1,70155,40.8,坂井隆憲,,,4,自,森,清和会,前,公明・保守
42,2000,id11_41_01,佐賀県１区,比当,2,62932,36.6,原口一博,男,1959/7/2 0:00,,民,政,,前,
42,2000,id11_41_01,佐賀県１区,-,3,30018,17.5,緒方克陽,,,,社,,,元,
42,2000,id11_41_01,佐賀県１区,-,3,7173,4.2,上村泰稔,男,1965/5/4 0:00,,共,,,新,
42,2000,id11_41_01,佐賀県１区,-,3,1612,0.9,永井孝,,,,自連,,,新,
42,2000,id11_41_02,佐賀県２区,当,1,87240,62,今村雅弘,男,1947/1/5 0:00,2,自,小,平成研,前,公明・保守
42,2000,id11_41_02,佐賀県２区,-,3,27929,19.8,樋口博康,男,1959/7/2 0:00,,民,,,新,
42,2000,id11_41_02,佐賀県２区,-,3,15890,11.3,柴田久寛,,,,社,,,新,
42,2000,id11_41_02,佐賀県２区,-,3,6968,4.9,山田和明,,,,共,,,新,
42,2000,id11_41_02,佐賀県２区,-,3,2764,2,深川康裕,,,,自連,,,新,
42,2000,id11_41_03,佐賀県３区,当,1,106757,73.9,保利耕輔,男,1934/9/23 0:00,8,自,小,平成研,前,公明・保守
42,2000,id11_41_03,佐賀県３区,-,3,26909,18.6,藤沢裕美,,,,民,,,新,
42,2000,id11_41_03,佐賀県３区,-,3,8246,5.7,木場満義,,,,共,,,新,
42,2000,id11_41_03,佐賀県３区,-,3,2464,1.7,中村清人,,,,自連,,,新,
42,2000,id11_42_01,長崎県１区,当,1,76798,33.8,高木義明,男,1945/12/22 0:00,4,民,友,,前,社民（支持）
42,2000,id11_42_01,長崎県１区,-,3,65183,28.7,倉成正和,,,,自,山,近未来,前,保守
42,2000,id11_42_01,長崎県１区,-,3,63248,27.9,西岡武夫,,,,由,進,,元,
42,2000,id11_42_01,長崎県１区,-,3,16714,7.4,寺田善則,,,,共,,,新,
42,2000,id11_42_01,長崎県１区,-,3,5158,2.3,菊村柳子,,,,自連,,,新,
42,2000,id11_42_02,長崎県２区,当,1,154517,75.8,久間章生,男,1940/12/4 0:00,7,自,小,平成研,前,公明・保守
42,2000,id11_42_02,長崎県２区,-,3,33572,16.5,江頭学,,,,共,,,新,
42,2000,id11_42_02,長崎県２区,-,3,15648,7.7,駒井正樹,,,,自連,,,新,
42,2000,id11_42_03,長崎県３区,当,1,76794,49.8,虎島和夫,,,5,自,森,清和会,前,保守
42,2000,id11_42_03,長崎県３区,比当,2,41995,27.2,山田正彦,男,1942/4/8 0:00,,由,進,,元,
42,2000,id11_42_03,長崎県３区,-,3,28589,18.5,犬塚直史,男,1954/9/28 0:00,,民,,,新,社民（支持）
42,2000,id11_42_03,長崎県３区,-,3,5759,3.7,久野正義,,,,共,,,新,
42,2000,id11_42_03,長崎県３区,-,3,1079,0.7,沖野寛,,,,自連,,,新,
42,2000,id11_42_04,長崎県４区,当,1,66515,35.6,北村誠吾,男,1947/1/29 0:00,1,無,,,新,
42,2000,id11_42_04,長崎県４区,-,3,62595,33.5,宮島大典,男,1963/6/6 0:00,,自,加,宏池会,前,保守
42,2000,id11_42_04,長崎県４区,比当,2,39808,21.3,今川正美,男,1947/8/7 0:00,,社,,,新,民主
42,2000,id11_42_04,長崎県４区,-,3,9757,5.2,山下千秋,,,,共,,,新,
42,2000,id11_42_04,長崎県４区,-,3,8312,4.4,赤木一生,,,,自連,,,新,
42,2000,id11_43_01,熊本県１区,当,1,92161,46.1,松野頼久,男,1960/9/19 0:00,1,民,,,,社民
42,2000,id11_43_01,熊本県１区,-,3,86817,43.4,岩下栄一,,,,自,河グ,志公会,前,公明・保守
42,2000,id11_43_01,熊本県１区,-,3,21026,10.5,川上紗智子,,,,共,,,新,
42,2000,id11_43_02,熊本県２区,当,1,106129,60.4,野田毅,男,1941/10/3 0:00,10,保,由,,前,自民・公明
42,2000,id11_43_02,熊本県２区,-,3,50604,28.8,松野信夫,男,1951/6/2 0:00,,民,,,新,社民
42,2000,id11_43_02,熊本県２区,-,3,11644,6.6,山本伸裕,,,,共,,,新,
42,2000,id11_43_02,熊本県２区,-,3,7375,4.2,高野香代子,,,,自連,,,新,
42,2000,id11_43_03,熊本県３区,当,1,109127,63.6,松岡利勝,男,1945/2/25 0:00,4,自,江,志帥会,前,公明・保守
42,2000,id11_43_03,熊本県３区,-,3,51763,30.2,濱口和久,男,1968/10/14 0:00,,民,,,新,社民
42,2000,id11_43_03,熊本県３区,-,3,7139,4.2,益田健宏,,,,共,,,新,
42,2000,id11_43_03,熊本県３区,-,3,3635,2.1,清水正法,,,,自連,,,新,
42,2000,id11_43_04,熊本県４区,当,1,149156,79.2,園田博之,男,1942/2/19 0:00,5,自,さ,,前,公明・保守
42,2000,id11_43_04,熊本県４区,-,3,21028,11.2,若城浩史,,,,自連,,,新,
42,2000,id11_43_04,熊本県４区,-,3,18188,9.7,福田慧一,,,,共,,,新,
42,2000,id11_43_05,熊本県５区,当,1,62812,34.2,金子恭之,男,1961/2/27 0:00,1,無,,,新,
42,2000,id11_43_05,熊本県５区,-,3,58874,32.1,矢上雅義,男,1960/8/8 0:00,,自,小,平成研,前,保守
42,2000,id11_43_05,熊本県５区,-,3,21739,11.9,小西達也,,,,社,,,新,民主
42,2000,id11_43_05,熊本県５区,-,3,15492,8.4,荒木隆夫,,,,無,,,新,
42,2000,id11_43_05,熊本県５区,-,3,12044,6.6,野田将晴,,,,自連,,,新,
42,2000,id11_43_05,熊本県５区,-,3,7153,3.9,吉永二千六百年,,,,由,,,新,
42,2000,id11_43_05,熊本県５区,-,3,5302,2.9,橋田芳昭,男,1955/10/20 0:00,,共,,,新,
42,2000,id11_44_01,大分県１区,当,1,96223,47,釘宮磐,,,1,民,政,,新,社民
42,2000,id11_44_01,大分県１区,-,3,94094,46,衛藤晟一,男,1947/10/1 0:00,,自,江,志帥会,前,公明・保守
42,2000,id11_44_01,大分県１区,-,3,12073,5.9,土井正美,,,,共,,,新,
42,2000,id11_44_01,大分県１区,-,3,2252,1.1,亀山教明,男,1963/6/6 0:00,,無,,,新,
42,2000,id11_44_02,大分県２区,当,1,92242,54.6,衛藤征士郎,男,1941/4/29 0:00,6,自,河グ,志公会,前,公明・保守
42,2000,id11_44_02,大分県２区,比当,2,69532,41.2,重野安正,男,1941/12/1 0:00,,社,,,新,民主
42,2000,id11_44_02,大分県２区,-,3,5034,3,佛坂健二,,,,共,,,新,
42,2000,id11_44_02,大分県２区,-,3,2003,1.2,石川朱美,,,,自連,,,新,
42,2000,id11_44_03,大分県３区,当,1,95046,60.3,岩屋毅,男,1957/8/24 0:00,2,自,進,,元,公明・保守
42,2000,id11_44_03,大分県３区,-,3,50024,31.7,中村太郎,,,,民,,,新,
42,2000,id11_44_03,大分県３区,-,3,10057,6.4,小川勉,,,,共,,,新,
42,2000,id11_44_03,大分県３区,-,3,2470,1.6,梅木恒明,,,,自連,,,新,
42,2000,id11_44_04,大分県４区,当,1,84165,49.8,横光克彦,男,1943/11/4 0:00,3,社,,,前,民主
42,2000,id11_44_04,大分県４区,-,3,78468,46.4,佐藤錬,男,1951/7/15 0:00,,自,森,清和会,新,公明・保守
42,2000,id11_44_04,大分県４区,-,3,5195,3.1,三ケ田三十四,,,,共,,,新,
42,2000,id11_44_04,大分県４区,-,3,1144,0.7,尾崎秀幸,,,,自連,,,新,
42,2000,id11_45_01,宮崎県１区,当,1,91472,42.9,中山成彬,男,1943/6/7 0:00,4,自,森,清和会,前,保守
42,2000,id11_45_01,宮崎県１区,-,3,75761,35.6,米沢隆,男,1940/1/28 0:00,,民,友,,元,
42,2000,id11_45_01,宮崎県１区,-,3,24791,11.6,外山良治,,,,社,,,新,
42,2000,id11_45_01,宮崎県１区,-,3,13108,6.2,川越宏樹,,,,無,,,新,
42,2000,id11_45_01,宮崎県１区,-,3,7974,3.7,野田章夫,,,,共,,,新,
42,2000,id11_45_02,宮崎県２区,当,1,131725,66.6,江藤隆美,,,10,自,江,志帥会,前,公明・保守
42,2000,id11_45_02,宮崎県２区,-,3,47833,24.2,長浜恵美子,,,,民,,,新,
42,2000,id11_45_02,宮崎県２区,-,3,12829,6.5,塩月盈,,,,共,,,新,
42,2000,id11_45_02,宮崎県２区,-,3,5533,2.8,木幡豊,,,,自連,,,新,
42,2000,id11_45_03,宮崎県３区,当,1,103729,52.2,持永和見,,,5,自,加,宏池会,前,公明・保守
42,2000,id11_45_03,宮崎県３区,-,3,79081,39.8,古川禎久,男,1965/8/3 0:00,,無,,,新,
42,2000,id11_45_03,宮崎県３区,-,3,13006,6.6,温水武男,,,,共,,,新,
42,2000,id11_45_03,宮崎県３区,-,3,2717,1.4,加英昭,,,,自連,,,新,
42,2000,id11_46_01,鹿児島県１区,当,1,87729,47.8,保岡興治,男,1939/5/11 0:00,9,自,山,近未来,前,公明・保守
42,2000,id11_46_01,鹿児島県１区,比当,2,78684,42.9,川内博史,男,1961/11/2 0:00,,民,,,前,
42,2000,id11_46_01,鹿児島県１区,-,3,17023,9.3,祝迫光治,男,1943/1/21 0:00,,共,,,新,
42,2000,id11_46_02,鹿児島県２区,当,1,102233,50.3,徳田虎雄,,,3,自連,,,元,
42,2000,id11_46_02,鹿児島県２区,-,3,91162,44.9,園田修光,男,1957/3/13 0:00,,自,小,平成研,前,保守
42,2000,id11_46_02,鹿児島県２区,-,3,9744,4.8,山口陽規,男,1953/5/22 0:00,,共,,,新,
42,2000,id11_46_03,鹿児島県３区,当,1,127315,72.1,宮路和明,男,1940/11/29 0:00,4,自,森,清和会,前,保守
42,2000,id11_46_03,鹿児島県３区,-,3,33590,19,大園勝司,,,,民,,,新,
42,2000,id11_46_03,鹿児島県３区,-,3,15651,8.9,村山智,,,,共,,,新,
42,2000,id11_46_04,鹿児島県４区,当,1,113144,63,小里貞利,,,8,自,加,宏池会,前,公明・保守
42,2000,id11_46_04,鹿児島県４区,-,3,59184,32.9,浜田健一,男,1950/7/21 0:00,,社,,,前,
42,2000,id11_46_04,鹿児島県４区,-,3,7377,4.1,川浪隆幸,,,,共,,,新,
42,2000,id11_46_05,鹿児島県５区,当,1,110962,60.6,山中貞則,,,16,自,江,志帥会,前,公明
42,2000,id11_46_05,鹿児島県５区,-,3,37779,20.6,橋口良一,,,,自連,,,新,
42,2000,id11_46_05,鹿児島県５区,-,3,17769,9.7,梶原弘徳,,,,民,,,新,
42,2000,id11_46_05,鹿児島県５区,-,3,9449,5.2,平野繁展,,,,由,,,新,
42,2000,id11_46_05,鹿児島県５区,-,3,7029,3.8,福原秋一,,,,共,,,新,
42,2000,id11_47_01,沖縄県１区,当,1,86255,52.6,白保台一,男,1942/8/3 0:00,2,公,平,,前,自民・保守
42,2000,id11_47_01,沖縄県１区,比当,2,50709,30.9,赤嶺政賢,男,1947/12/18 0:00,,共,,,新,社大
42,2000,id11_47_01,沖縄県１区,-,3,27168,16.6,前田清貴,,,,自連,,,新,社民
42,2000,id11_47_02,沖縄県２区,当,1,88544,49.3,仲村正治,男,1931/9/6 0:00,5,自,小,平成研,前,公明・保守
42,2000,id11_47_02,沖縄県２区,-,3,30970,17.3,島尻昇,男,1958/6/12 0:00,,民,,,新,
42,2000,id11_47_02,沖縄県２区,-,3,30946,17.2,金城浩,男,1948/5/21 0:00,,自連,,,新,社民・社大
42,2000,id11_47_02,沖縄県２区,-,3,29039,16.2,仲西常雄,,,,共,,,新,
42,2000,id11_47_03,沖縄県３区,当,1,68378,32.2,東門美津子,女,1942/11/16 0:00,1,社,,,新,社大・自連
42,2000,id11_47_03,沖縄県３区,-,3,52089,24.5,西田健次郎,,,,無会,,,新,
42,2000,id11_47_03,沖縄県３区,比当,2,48622,22.9,嘉数知賢,男,1941/6/1 0:00,,自,森,清和会,前,公明・保守
42,2000,id11_47_03,沖縄県３区,-,3,32917,15.5,上原康助,,,,民,社,,前,
42,2000,id11_47_03,沖縄県３区,-,3,10431,4.9,古堅宗嘉,,,,共,,,新,
43,2003,id01_01_01,北海道１区,当,1,143987,55.4,横路孝弘,男,1941/1/3 0:00,8,民,,,前,社民
43,2003,id01_01_01,北海道１区,-,3,89758,34.6,三品孝行,男,1966/9/8 0:00,,自,,,新,
43,2003,id01_01_01,北海道１区,-,3,25995,10,横山博子,女,1942/8/31 0:00,,共,,,新,
43,2003,id01_01_02,北海道２区,当,1,107840,45.6,三井辨雄,男,1942/11/24 0:00,2,民,,,前,社民
43,2003,id01_01_02,北海道２区,-,3,83573,35.3,吉川貴盛,男,1950/10/20 0:00,,自,橋,平成研,前,保守
43,2003,id01_01_02,北海道２区,-,3,24259,10.3,小田一郎,,,,共,,,新,
43,2003,id01_01_02,北海道２区,-,3,18227,7.7,石田幸子,,,,無,民,,新,
43,2003,id01_01_02,北海道２区,-,3,2531,1.1,広坂光則,,,,無,,,新,
43,2003,id01_01_03,北海道３区,当,1,114131,46.8,荒井聰,男,1946/5/27 0:00,3,民,,,前,社民
43,2003,id01_01_03,北海道３区,比当,2,111252,45.6,石崎岳,男,1955/7/9 0:00,,自,森,清和会,元,保守
43,2003,id01_01_03,北海道３区,-,3,18537,7.6,川部竜二,男,1971/9/14 0:00,,共,,,新,
43,2003,id01_01_04,北海道４区,当,1,100883,49,鉢呂吉雄,男,1948/1/25 0:00,5,民,,,元,
43,2003,id01_01_04,北海道４区,-,3,83994,40.8,佐藤静雄,男,1941/10/9 0:00,,自,亀,志帥会,前,
43,2003,id01_01_04,北海道４区,-,3,20827,10.1,琴坂てい子,女,1935/10/7 0:00,,共,,,新,
43,2003,id01_01_05,北海道５区,当,1,129035,47,町村信孝,男,1944/10/17 0:00,7,自,森,清和会,前,公明・保守
43,2003,id01_01_05,北海道５区,比当,2,120192,43.7,小林千代美,女,1968/12/8 0:00,,民,,,新,社民
43,2003,id01_01_05,北海道５区,-,3,25603,9.3,宮内聡,男,1963/4/10 0:00,,共,,,新,
43,2003,id01_01_06,北海道６区,当,1,112270,40.2,今津寛,男,1946/9/30 0:00,3,自,橋,平成研,元,保守
43,2003,id01_01_06,北海道６区,比当,2,111656,39.9,佐々木秀典,,,,民,,,前,社民
43,2003,id01_01_06,北海道６区,-,3,37518,13.4,西川将人,男,1968/11/7 0:00,,無,由,,新,
43,2003,id01_01_06,北海道６区,-,3,18144,6.5,中野芳宣,,,,共,,,新,
43,2003,id01_01_07,北海道７区,当,1,85585,49.8,北村直人,男,1947/7/7 0:00,6,自,堀,宏池会,前,保守
43,2003,id01_01_07,北海道７区,比当,2,72508,42.2,仲野博子,女,1959/3/3 0:00,,民,,,新,社民
43,2003,id01_01_07,北海道７区,-,3,13617,7.9,八木靖彦,,,,共,,,新,
43,2003,id01_01_08,北海道８区,当,1,106709,42.2,金田誠一,男,1947/9/28 0:00,4,民,,,前,社民
43,2003,id01_01_08,北海道８区,-,3,74482,29.5,佐藤健治,男,1957/8/14 0:00,,自,亀,志帥会,新,
43,2003,id01_01_08,北海道８区,-,3,55400,21.9,前田一男,男,1966/5/27 0:00,,無,,,新,
43,2003,id01_01_08,北海道８区,-,3,15980,6.3,伏木田政義,,,,共,,,新,
43,2003,id01_01_09,北海道９区,当,1,141442,50,鳩山由紀夫,男,1947/2/11 0:00,6,民,,,前,社民
43,2003,id01_01_09,北海道９区,-,3,118958,42.1,岩倉博文,男,1950/1/15 0:00,,自,橋,平成研,前,公明
43,2003,id01_01_09,北海道９区,-,3,22382,7.9,谷本誠治,,,,共,,,新,
43,2003,id01_01_10,北海道１０区,当,1,121516,49.3,小平忠正,男,1942/3/18 0:00,5,民,,,前,社民
43,2003,id01_01_10,北海道１０区,比当,2,106560,43.2,山下貴史,男,1952/10/24 0:00,,自,亀,志帥会,新,
43,2003,id01_01_10,北海道１０区,-,3,18456,7.5,谷建夫,男,1943/2/25 0:00,,共,,,新,
43,2003,id01_01_11,北海道１１区,当,1,112210,62,中川昭一,男,1953/7/19 0:00,7,自,亀,志帥会,前,公明・保守
43,2003,id01_01_11,北海道１１区,-,3,52395,29,山内惠子,,,,社,,,前,民主
43,2003,id01_01_11,北海道１１区,-,3,16235,9,長谷部昭夫,男,1944/4/8 0:00,,共,,,新,
43,2003,id01_01_12,北海道１２区,当,1,118258,54.3,武部勤,男,1941/5/1 0:00,6,自,山,近未来,前,公明・保守
43,2003,id01_01_12,北海道１２区,比当,2,82731,38,松木謙公,男,1959/2/22 0:00,,民,由,,新,社民
43,2003,id01_01_12,北海道１２区,-,3,16686,7.7,村口照美,,,,共,,,新,
43,2003,id02_02_01,青森県１区,当,1,81511,39.7,津島雄二,男,1930/1/24 0:00,10,自,橋,平成研,前,公明・保守
43,2003,id02_02_01,青森県１区,-,3,74799,36.4,横山北斗,男,1963/10/25 0:00,,無,,,新,
43,2003,id02_02_01,青森県１区,-,3,15736,7.7,戸来勉,,,,民,,,新,
43,2003,id02_02_01,青森県１区,-,3,14123,6.9,今村修,,,,社,,,元,
43,2003,id02_02_01,青森県１区,-,3,12119,5.9,松森俊逸,,,,無,,,新,
43,2003,id02_02_01,青森県１区,-,3,7010,3.4,畑中孝之,,,,共,,,新,
43,2003,id02_02_02,青森県２区,当,1,96784,75.1,江渡聡徳,男,1955/10/12 0:00,2,自,高,番町研,元,
43,2003,id02_02_02,青森県２区,-,3,21537,16.7,斉藤孝一,,,,社,,,新,
43,2003,id02_02_02,青森県２区,-,3,10605,8.2,工藤祥子,,,,共,,,新,
43,2003,id02_02_03,青森県３区,当,1,86909,53.5,大島理森,男,1946/9/6 0:00,7,自,高,番町研,前,公明・保守
43,2003,id02_02_03,青森県３区,-,3,70275,43.3,田名部匡代,女,1969/7/10 0:00,,民,,,前,無所属の会
43,2003,id02_02_03,青森県３区,-,3,5284,3.3,松橋三夫,男,1949/7/14 0:00,,共,,,新,
43,2003,id02_02_04,青森県４区,当,1,110675,63.6,木村太郎,男,1965/7/20 0:00,3,自,森,清和会,前,公明・保守
43,2003,id02_02_04,青森県４区,-,3,40864,23.5,渋谷修,男,1950/7/1 0:00,,民,,,元,
43,2003,id02_02_04,青森県４区,-,3,13524,7.8,遠藤節子,,,,共,,,新,
43,2003,id02_02_04,青森県４区,-,3,8864,5.1,井上浩,,,,社,,,新,
43,2003,id02_03_01,岩手県１区,当,1,91025,53.6,達増拓也,男,1964/6/10 0:00,3,民,由,,前,
43,2003,id02_03_01,岩手県１区,-,3,57899,34.1,及川敦,男,1967/8/11 0:00,,自,,,新,保守
43,2003,id02_03_01,岩手県１区,-,3,12014,7.1,後藤百合子,,,,社,,,新,
43,2003,id02_03_01,岩手県１区,-,3,8806,5.2,長沼洋一,,,,共,,,新,
43,2003,id02_03_02,岩手県２区,当,1,116854,58.4,鈴木俊一,男,1953/4/13 0:00,5,自,堀,宏池会,前,保守
43,2003,id02_03_02,岩手県２区,-,3,72599,36.3,工藤堅太郎,,,,民,由,,前,
43,2003,id02_03_02,岩手県２区,-,3,10532,5.3,久保幸男,男,1958/3/19 0:00,,共,,,新,
43,2003,id02_03_03,岩手県３区,当,1,93862,51,黄川田徹,男,1953/10/14 0:00,2,民,由,,前,
43,2003,id02_03_03,岩手県３区,-,3,79453,43.2,中村力,,,,自,森,清和会,元,公明・保守
43,2003,id02_03_03,岩手県３区,-,3,10690,5.8,菊池幸夫,男,1959/1/3 0:00,,共,,,新,
43,2003,id02_03_04,岩手県４区,当,1,128458,65.1,小沢一郎,男,1942/5/24 0:00,12,民,由,,前,
43,2003,id02_03_04,岩手県４区,比当,2,37251,18.9,玉沢徳一郎,男,1937/12/16 0:00,,自,森,清和会,元,
43,2003,id02_03_04,岩手県４区,-,3,20936,10.6,久保孝喜,男,1953/12/21 0:00,,社,,,新,
43,2003,id02_03_04,岩手県４区,-,3,10642,5.4,高橋綱記,男,1947/12/5 0:00,,共,,,新,
43,2003,id02_04_01,宮城県１区,当,1,106821,50.8,今野東,男,1947/12/17 0:00,2,民,,,前,
43,2003,id02_04_01,宮城県１区,-,3,84565,40.2,土井亨,男,1958/8/12 0:00,,自,,,新,公明
43,2003,id02_04_01,宮城県１区,-,3,18960,9,菅野直子,,,,共,,,新,
43,2003,id02_04_02,宮城県２区,当,1,98028,45.4,鎌田さゆり,女,1965/1/8 0:00,2,民,,,前,
43,2003,id02_04_02,宮城県２区,比当,2,94621,43.8,中野正志,男,1948/2/29 0:00,,自,森,清和会,元,公明
43,2003,id02_04_02,宮城県２区,-,3,11311,5.2,五島平,男,1951/3/8 0:00,,共,,,新,
43,2003,id02_04_02,宮城県２区,-,3,9107,4.2,田山英次,,,,社,,,新,
43,2003,id02_04_02,宮城県２区,-,3,3019,1.4,柴田紘一,,,,無,,,新,
43,2003,id02_04_03,宮城県３区,当,1,74045,46.3,西村明宏,男,1960/7/16 0:00,1,自,森,清和会,新,公明
43,2003,id02_04_03,宮城県３区,比当,2,73803,46.2,橋本清仁,男,1971/5/8 0:00,,民,,,新,
43,2003,id02_04_03,宮城県３区,-,3,11915,7.5,高橋光二,男,1951/2/12 0:00,,共,,,新,
43,2003,id02_04_04,宮城県４区,当,1,76554,40.2,伊藤信太郎,男,1953/5/6 0:00,2,自,高,番町研,前,
43,2003,id02_04_04,宮城県４区,-,3,61200,32.1,本間俊太郎,,,,無,,,新,
43,2003,id02_04_04,宮城県４区,-,3,40583,21.3,山条隆史,,,,民,,,新,
43,2003,id02_04_04,宮城県４区,-,3,12196,6.4,小野敏郎,,,,共,,,新,
43,2003,id02_04_05,宮城県５区,当,1,73135,50.7,安住淳,男,1962/1/17 0:00,3,民,,,前,
43,2003,id02_04_05,宮城県５区,-,3,64122,44.5,斎藤正美,男,1954/12/19 0:00,,自,,,新,公明
43,2003,id02_04_05,宮城県５区,-,3,6853,4.8,高野博,男,1943/4/19 0:00,,共,,,新,
43,2003,id02_04_06,宮城県６区,当,1,82750,50.7,小野寺五典,男,1960/5/5 0:00,2,自,堀,宏池会,元,公明・保守
43,2003,id02_04_06,宮城県６区,-,3,58420,35.8,大石正光,,,,民,,,前,
43,2003,id02_04_06,宮城県６区,-,3,17772,10.9,菅野哲雄,男,1948/10/22 0:00,,社,,,前,
43,2003,id02_04_06,宮城県６区,-,3,4256,2.6,近江寿,男,1942/5/7 0:00,,共,,,新,
43,2003,id02_05_01,秋田県１区,当,1,68586,44.1,寺田学,男,1976/9/20 0:00,1,民,,,新,社民（支持）
43,2003,id02_05_01,秋田県１区,-,3,49777,32,佐藤敬夫,男,1935/6/4 0:00,,保,民,,前,自民・公明
43,2003,id02_05_01,秋田県１区,-,3,24382,15.7,石川錬治郎,男,1939/6/22 0:00,,無,,,新,
43,2003,id02_05_01,秋田県１区,-,3,12713,8.2,今川和信,男,1964/9/27 0:00,,共,,,新,
43,2003,id02_05_02,秋田県２区,当,1,109296,53.6,野呂田芳成,男,1929/10/25 0:00,7,自,橋,平成研,前,公明・保守
43,2003,id02_05_02,秋田県２区,-,3,55969,27.5,佐々木重人,男,1969/11/23 0:00,,民,,,新,
43,2003,id02_05_02,秋田県２区,比当,2,27624,13.6,山本喜代宏,男,1955/11/11 0:00,,社,,,新,
43,2003,id02_05_02,秋田県２区,-,3,10838,5.3,明石喜進,,,,共,,,新,
43,2003,id02_05_03,秋田県３区,当,1,133981,49.7,御法川信英,男,1964/5/25 0:00,1,無,,,新,
43,2003,id02_05_03,秋田県３区,-,3,117453,43.5,村岡兼造,,,,自,橋,平成研,前,公明・保守
43,2003,id02_05_03,秋田県３区,-,3,18276,6.8,我妻桂子,女,1954/4/14 0:00,,共,,,新,
43,2003,id02_06_01,山形県１区,当,1,100764,49.9,遠藤利明,男,1950/1/17 0:00,3,自,小,平成研,元,保守
43,2003,id02_06_01,山形県１区,比当,2,81580,40.4,鹿野道彦,男,1942/1/24 0:00,,民,,,前,
43,2003,id02_06_01,山形県１区,-,3,12266,6.1,斉藤昌助,,,,社,,,新,
43,2003,id02_06_01,山形県１区,-,3,7356,3.6,石川渉,男,1973/12/13 0:00,,共,,,新,
43,2003,id02_06_02,山形県２区,当,1,124591,51.8,遠藤武彦,男,1938/10/5 0:00,5,自,山,近未来,前,保守
43,2003,id02_06_02,山形県２区,比当,2,106846,44.4,近藤洋介,男,1965/5/19 0:00,,民,,,新,社民（支持）
43,2003,id02_06_02,山形県２区,-,3,9094,3.8,横山賢二,,,,共,,,新,
43,2003,id02_06_03,山形県３区,当,1,137206,58.9,加藤紘一,男,1939/6/17 0:00,11,無,自,,元,（自民・追加公認）
43,2003,id02_06_03,山形県３区,-,3,84946,36.5,斎藤淳,,,,民,,,前,
43,2003,id02_06_03,山形県３区,-,3,10735,4.6,佐藤雅之,男,1972/9/22 0:00,,共,,,新,
43,2003,id02_07_01,福島県１区,当,1,98896,34.9,佐藤剛男,男,1937/7/16 0:00,4,自,山,近未来,前,公明・保守
43,2003,id02_07_01,福島県１区,-,3,96954,34.2,亀岡偉民,男,1955/9/10 0:00,,無会,,,新,
43,2003,id02_07_01,福島県１区,-,3,72076,25.5,石原信市郎,男,1967/1/19 0:00,,民,由,,新,
43,2003,id02_07_01,福島県１区,-,3,15241,5.4,山田裕,男,1954/12/6 0:00,,共,,,新,
43,2003,id02_07_02,福島県２区,当,1,108838,51,根本匠,男,1951/3/7 0:00,4,自,堀,宏池会,前,公明・保守
43,2003,id02_07_02,福島県２区,比当,2,94514,44.3,増子輝彦,男,1947/10/8 0:00,,民,,,元,
43,2003,id02_07_02,福島県２区,-,3,9968,4.7,松崎信夫,,,,共,,,新,
43,2003,id02_07_03,福島県３区,当,1,110606,52,玄葉光一郎,男,1964/5/20 0:00,4,民,,,前,
43,2003,id02_07_03,福島県３区,-,3,94413,44.4,荒井広幸,,,,自,亀,志帥会,前,公明・保守
43,2003,id02_07_03,福島県３区,-,3,7522,3.5,鈴木正一,,,,共,,,新,
43,2003,id02_07_04,福島県４区,当,1,97014,52.3,渡部恒三,男,1932/5/24 0:00,12,無会,,,前,民主・公明・保守
43,2003,id02_07_04,福島県４区,-,3,78059,42,山内日出夫,,,,自,堀,宏池会,新,
43,2003,id02_07_04,福島県４区,-,3,10581,5.7,原田俊広,男,1959/8/8 0:00,,共,,,新,
43,2003,id02_07_05,福島県５区,当,1,100600,48.1,坂本剛二,男,1944/11/2 0:00,5,自,森,清和会,前,公明・保守
43,2003,id02_07_05,福島県５区,比当,2,84480,40.4,吉田泉,男,1949/2/26 0:00,,民,,,新,
43,2003,id02_07_05,福島県５区,-,3,16520,7.9,吉田英策,男,1958/12/21 0:00,,共,,,新,
43,2003,id02_07_05,福島県５区,-,3,7418,3.5,永山茂雄,,,,無,由,,新,
43,2003,id03_08_01,茨城県１区,当,1,128349,58.7,赤城徳彦,男,1959/4/18 0:00,5,自,高,番町研,前,公明・保守
43,2003,id03_08_01,茨城県１区,-,3,77420,35.4,福島伸享,男,1970/8/8 0:00,,民,,,新,社民
43,2003,id03_08_01,茨城県１区,-,3,12845,5.9,小島修,,,,共,,,新,
43,2003,id03_08_02,茨城県２区,当,1,127364,66.5,額賀福志郎,男,1944/1/11 0:00,7,自,橋,平成研,前,公明・保守
43,2003,id03_08_02,茨城県２区,-,3,55444,29,常井美治,,,,民,,,新,
43,2003,id03_08_02,茨城県２区,-,3,8631,4.5,高原努,男,1949/12/27 0:00,,共,,,新,
43,2003,id03_08_03,茨城県３区,当,1,102315,48.9,葉梨康弘,男,1959/10/12 0:00,1,自,堀,宏池会,新,公明・保守
43,2003,id03_08_03,茨城県３区,比当,2,92306,44.1,小泉俊明,男,1957/4/26 0:00,,民,,,前,
43,2003,id03_08_03,茨城県３区,-,3,14546,7,上野高志,男,1964/9/24 0:00,,共,,,新,
43,2003,id03_08_04,茨城県４区,当,1,119047,74.1,梶山弘志,男,1955/10/18 0:00,2,自,,,前,公明・保守
43,2003,id03_08_04,茨城県４区,-,3,28660,17.8,大嶋修一,,,,社,,,新,民主
43,2003,id03_08_04,茨城県４区,-,3,13015,8.1,川崎篤子,女,1953/1/19 0:00,,共,,,新,
43,2003,id03_08_05,茨城県５区,当,1,74407,52.7,大畠章宏,男,1947/10/5 0:00,5,民,,,前,
43,2003,id03_08_05,茨城県５区,-,3,59090,41.9,岡部英明,男,1959/3/31 0:00,,自,,,新,保守
43,2003,id03_08_05,茨城県５区,-,3,7667,5.4,大内智子,,,,共,,,新,
43,2003,id03_08_06,茨城県６区,当,1,130525,58.6,丹羽雄哉,男,1944/4/20 0:00,9,自,堀,宏池会,前,公明・保守
43,2003,id03_08_06,茨城県６区,-,3,74915,33.6,二見伸明,,,,民,由,,元,
43,2003,id03_08_06,茨城県６区,-,3,17471,7.8,佐藤正剛,,,,共,,,新,
43,2003,id03_08_07,茨城県７区,当,1,97642,64.2,永岡洋治,,,2,自,亀,志帥会,前,公明・保守
43,2003,id03_08_07,茨城県７区,-,3,44543,29.3,五十嵐弘子,女,1944/5/3 0:00,,民,,,新,
43,2003,id03_08_07,茨城県７区,-,3,9942,6.5,田谷武夫,男,1951/8/4 0:00,,共,,,新,
43,2003,id03_09_01,栃木県１区,当,1,123297,53.1,船田元,男,1953/11/22 0:00,8,自,山,近未来,元,公明・保守
43,2003,id03_09_01,栃木県１区,比当,2,102127,44,水島広子,女,1968/3/21 0:00,,民,,,前,
43,2003,id03_09_01,栃木県１区,-,3,6904,3,田部明男,男,1955/1/2 0:00,,共,,,新,
43,2003,id03_09_02,栃木県２区,当,1,96224,59.5,森山真弓,女,1927/11/7 0:00,3,自,高,番町研,前,公明・保守
43,2003,id03_09_02,栃木県２区,-,3,60010,37.1,小林守,,,,民,,,前,社民
43,2003,id03_09_02,栃木県２区,-,3,5506,3.4,福田道夫,,,,共,,,新,
43,2003,id03_09_03,栃木県３区,当,1,100539,74.9,渡辺喜美,男,1952/3/17 0:00,3,自,,,前,公明・保守
43,2003,id03_09_03,栃木県３区,-,3,24513,18.3,松永昌樹,,,,社,,,新,民主
43,2003,id03_09_03,栃木県３区,-,3,9186,6.8,槙昌三,男,1943/9/13 0:00,,共,,,新,
43,2003,id03_09_04,栃木県４区,当,1,125031,52.8,佐藤勉,男,1952/6/20 0:00,3,自,小,平成研,前,公明・保守
43,2003,id03_09_04,栃木県４区,比当,2,104159,43.9,山岡賢次,男,1943/4/25 0:00,,民,由,,前,
43,2003,id03_09_04,栃木県４区,-,3,7822,3.3,山崎寿彦,男,1952/10/29 0:00,,共,,,新,
43,2003,id03_09_05,栃木県５区,当,1,124612,74.1,茂木敏充,男,1955/10/7 0:00,4,自,橋,平成研,前,公明・保守
43,2003,id03_09_05,栃木県５区,-,3,35131,20.9,中塚英範,,,,民,,,新,
43,2003,id03_09_05,栃木県５区,-,3,8445,5,川上均,男,1956/1/22 0:00,,共,,,新,
43,2003,id03_10_01,群馬県１区,当,1,130242,60.5,尾身幸次,男,1932/12/14 0:00,7,自,森,清和会,前,公明・保守
43,2003,id03_10_01,群馬県１区,-,3,68960,32,高橋仁,男,1964/11/24 0:00,,民,,,新,
43,2003,id03_10_01,群馬県１区,-,3,16126,7.5,松浦信夫,,,,共,,,新,
43,2003,id03_10_02,群馬県２区,当,1,76779,43.4,笹川尭,男,1935/10/5 0:00,6,自,橋,平成研,前,公明・保守
43,2003,id03_10_02,群馬県２区,-,3,57331,32.4,石関圭,,,,民,,,新,
43,2003,id03_10_02,群馬県２区,-,3,32037,18.1,森田修,,,,無,,,新,
43,2003,id03_10_02,群馬県２区,-,3,10847,6.1,佐藤民雄,,,,共,,,新,
43,2003,id03_10_03,群馬県３区,当,1,91330,54.9,谷津義男,男,1934/7/23 0:00,6,自,亀,志帥会,前,公明・保守
43,2003,id03_10_03,群馬県３区,-,3,67087,40.3,長沼広,,,,民,,,新,
43,2003,id03_10_03,群馬県３区,-,3,8019,4.8,渋沢哲男,男,1959/6/18 0:00,,共,,,新,
43,2003,id03_10_04,群馬県４区,当,1,98903,62.1,福田康夫,男,1936/7/16 0:00,5,自,森,清和会,前,公明・保守
43,2003,id03_10_04,群馬県４区,-,3,48427,30.4,富岡由紀夫,男,1964/4/3 0:00,,民,,,新,社民
43,2003,id03_10_04,群馬県４区,-,3,11815,7.4,小笠原真明,,,,共,,,新,
43,2003,id03_10_05,群馬県５区,当,1,144848,77,小渕優子,女,1973/12/11 0:00,2,自,橋,平成研,前,公明・保守
43,2003,id03_10_05,群馬県５区,-,3,27693,14.7,浅貝正雄,,,,社,,,新,民主
43,2003,id03_10_05,群馬県５区,-,3,15674,8.3,柳田キミ子,,,,共,,,新,
43,2003,id03_11_01,埼玉県１区,当,1,117587,56.3,武正公一,男,1961/3/23 0:00,2,民,,,前,
43,2003,id03_11_01,埼玉県１区,-,3,59910,28.7,金子善次郎,男,1943/9/24 0:00,,保,民,,前,自民・公明
43,2003,id03_11_01,埼玉県１区,-,3,16257,7.8,伊藤岳,男,1960/3/6 0:00,,共,,,新,
43,2003,id03_11_01,埼玉県１区,-,3,8960,4.3,天辰武夫,,,,社,,,新,
43,2003,id03_11_01,埼玉県１区,-,3,6237,3,山口節生,男,1949/9/26 0:00,,諸,,,新,
43,2003,id03_11_02,埼玉県２区,当,1,114322,51,石田勝之,男,1955/1/30 0:00,3,民,革,,元,
43,2003,id03_11_02,埼玉県２区,-,3,91095,40.6,新藤義孝,男,1958/1/20 0:00,,自,橋,平成研,前,保守
43,2003,id03_11_02,埼玉県２区,-,3,18706,8.3,永塚友啓,,,,共,,,新,
43,2003,id03_11_03,埼玉県３区,当,1,104182,46.4,細川律夫,男,1943/8/8 0:00,5,民,,,前,
43,2003,id03_11_03,埼玉県３区,比当,2,103588,46.1,今井宏,男,1941/7/15 0:00,,自,堀,宏池会,元,公明・保守
43,2003,id03_11_03,埼玉県３区,-,3,16703,7.4,田村勉,男,1948/1/28 0:00,,共,,,新,
43,2003,id03_11_04,埼玉県４区,当,1,81367,48,神風英男,男,1961/10/10 0:00,1,民,,,新,
43,2003,id03_11_04,埼玉県４区,比当,2,69625,41.1,早川忠孝,男,1945/9/4 0:00,,自,,,新,
43,2003,id03_11_04,埼玉県４区,-,3,18527,10.9,綾部澄子,女,1959/1/26 0:00,,共,,,新,
43,2003,id03_11_05,埼玉県５区,当,1,95626,56.4,枝野幸男,男,1964/5/31 0:00,4,民,,,前,
43,2003,id03_11_05,埼玉県５区,-,3,60410,35.6,高橋秀明,男,1965/10/21 0:00,,自,森,清和会,新,公明・保守
43,2003,id03_11_05,埼玉県５区,-,3,13493,8,松下裕,男,1945/4/7 0:00,,共,,,新,
43,2003,id03_11_06,埼玉県６区,当,1,112794,48.1,大島敦,男,1956/12/21 0:00,2,民,,,前,
43,2003,id03_11_06,埼玉県６区,-,3,103511,44.1,若松謙維,男,1955/8/5 0:00,,公,,,前,自民・保守
43,2003,id03_11_06,埼玉県６区,-,3,18380,7.8,元山佳与子,女,1959/1/25 0:00,,共,,,新,
43,2003,id03_11_07,埼玉県７区,当,1,97353,46.8,小宮山泰子,女,1965/4/25 0:00,1,民,由,,新,
43,2003,id03_11_07,埼玉県７区,比当,2,88151,42.4,中野清,男,1936/1/1 0:00,,自,亀,志帥会,前,公明・保守
43,2003,id03_11_07,埼玉県７区,-,3,15489,7.4,大橋昌次,,,,共,,,新,
43,2003,id03_11_07,埼玉県７区,-,3,6935,3.3,市川博美,,,,社,,,新,
43,2003,id03_11_08,埼玉県８区,当,1,70959,39.1,新井正則,,,1,自,森,清和会,新,保守
43,2003,id03_11_08,埼玉県８区,比当,2,69418,38.3,木下厚,男,1944/8/16 0:00,,民,,,前,
43,2003,id03_11_08,埼玉県８区,-,3,22509,12.4,並木正芳,男,1949/5/19 0:00,,無,堀,,元,
43,2003,id03_11_08,埼玉県８区,比当,2,18512,10.2,塩川鉄也,男,1961/12/18 0:00,,共,,,前,
43,2003,id03_11_09,埼玉県９区,当,1,104167,48.4,大野松茂,男,1936/1/15 0:00,3,自,森,清和会,前,公明・保守
43,2003,id03_11_09,埼玉県９区,比当,2,94569,43.9,五十嵐文彦,男,1948/11/2 0:00,,民,,,前,
43,2003,id03_11_09,埼玉県９区,-,3,16514,7.7,神田三春,女,1954/8/24 0:00,,共,,,新,
43,2003,id03_11_10,埼玉県１０区,当,1,87489,49.8,山口泰明,男,1948/11/10 0:00,3,自,橋,平成研,前,公明・保守
43,2003,id03_11_10,埼玉県１０区,比当,2,75083,42.8,松崎哲久,男,1950/4/14 0:00,,民,,,新,
43,2003,id03_11_10,埼玉県１０区,-,3,13051,7.4,永田健一,,,,共,,,新,
43,2003,id03_11_11,埼玉県１１区,当,1,123057,63.9,小泉龍司,男,1952/9/17 0:00,2,自,橋,平成研,前,公明・保守
43,2003,id03_11_11,埼玉県１１区,-,3,52729,27.4,八木昭次,男,1971/3/27 0:00,,民,,,新,
43,2003,id03_11_11,埼玉県１１区,-,3,16873,8.8,柿沼綾子,女,1952/9/26 0:00,,共,,,新,
43,2003,id03_11_12,埼玉県１２区,当,1,95889,51.7,増田敏男,,,5,自,堀,宏池会,前,公明・保守
43,2003,id03_11_12,埼玉県１２区,-,3,75439,40.7,本多平直,男,1964/12/2 0:00,,民,,,新,
43,2003,id03_11_12,埼玉県１２区,-,3,14106,7.6,鈴木千賀子,女,1955/6/11 0:00,,共,,,新,
43,2003,id03_11_13,埼玉県１３区,当,1,81935,43.2,土屋品子,女,1952/2/9 0:00,3,自,無会,,前,公明・保守
43,2003,id03_11_13,埼玉県１３区,比当,2,81361,42.9,武山百合子,女,1947/9/5 0:00,,民,由,,前,
43,2003,id03_11_13,埼玉県１３区,-,3,11942,6.3,赤岸雅治,男,1961/3/15 0:00,,共,,,新,
43,2003,id03_11_13,埼玉県１３区,-,3,10555,5.6,日森文尋,男,1948/12/3 0:00,,社,,,前,
43,2003,id03_11_13,埼玉県１３区,-,3,3991,2.1,会田信源,,,,無,,,新,
43,2003,id03_11_14,埼玉県１４区,当,1,104066,50.3,三ツ林隆志,男,1953/7/5 0:00,2,自,森,清和会,前,公明・保守
43,2003,id03_11_14,埼玉県１４区,比当,2,86826,41.9,中野譲,男,1967/1/7 0:00,,民,,,新,
43,2003,id03_11_14,埼玉県１４区,-,3,16194,7.8,苗村光雄,男,1956/1/14 0:00,,共,,,新,
43,2003,id03_11_15,埼玉県１５区,当,1,80745,46.3,高山智司,男,1970/4/20 0:00,1,民,由,,新,
43,2003,id03_11_15,埼玉県１５区,-,3,58522,33.6,松永光,,,,自,,,元,保守
43,2003,id03_11_15,埼玉県１５区,-,3,16394,9.4,村主明子,女,1971/10/16 0:00,,共,,,新,
43,2003,id03_11_15,埼玉県１５区,-,3,14566,8.4,秋本清一,,,,無,,,新,
43,2003,id03_11_15,埼玉県１５区,-,3,4179,2.4,田崎良雄,,,,無,,,新,
43,2003,id04_12_01,千葉県１区,当,1,100838,49.2,田島要,,,1,民,,,新,
43,2003,id04_12_01,千葉県１区,-,3,89873,43.9,臼井日出男,男,1939/1/3 0:00,,自,高,番町研,前,保守
43,2003,id04_12_01,千葉県１区,-,3,14183,6.9,安喰武夫,男,1958/8/27 0:00,,共,,,新,
43,2003,id04_12_02,千葉県２区,当,1,111539,48.4,永田寿康,男,1969/9/2 0:00,2,民,,,前,
43,2003,id04_12_02,千葉県２区,-,3,93617,40.6,江口一雄,,,,自,森,清和会,元,公明・保守
43,2003,id04_12_02,千葉県２区,-,3,18703,8.1,中嶋誠,,,,共,,,新,
43,2003,id04_12_02,千葉県２区,-,3,6724,2.9,若松繁男,男,1941/3/12 0:00,,社,,,新,
43,2003,id04_12_03,千葉県３区,当,1,85610,47.8,岡島一正,男,1957/11/3 0:00,1,民,由,,新,
43,2003,id04_12_03,千葉県３区,比当,2,84693,47.3,松野博一,男,1962/9/13 0:00,,自,森,清和会,前,公明
43,2003,id04_12_03,千葉県３区,-,3,8768,4.9,金野光政,男,1948/1/1 0:00,,共,,,新,
43,2003,id04_12_04,千葉県４区,当,1,135522,55.8,野田佳彦,男,1957/5/20 0:00,3,民,,,前,
43,2003,id04_12_04,千葉県４区,-,3,80051,32.9,長谷川大,,,,自,森,清和会,新,
43,2003,id04_12_04,千葉県４区,-,3,27441,11.3,津賀幸子,,,,共,,,新,
43,2003,id04_12_05,千葉県５区,当,1,76671,38.9,村越祐民,男,1974/2/13 0:00,1,民,,,新,
43,2003,id04_12_05,千葉県５区,-,3,64393,32.7,薗浦健太郎,男,1972/6/3 0:00,,自,河,志公会,新,公明
43,2003,id04_12_05,千葉県５区,-,3,41883,21.3,田中甲,男,1957/1/8 0:00,,諸,民,,前,
43,2003,id04_12_05,千葉県５区,-,3,13919,7.1,黒沢秀明,,,,共,,,新,
43,2003,id04_12_06,千葉県６区,当,1,83985,46.8,生方幸夫,男,1947/10/31 0:00,3,民,,,前,
43,2003,id04_12_06,千葉県６区,比当,2,79161,44.1,渡辺博道,男,1950/8/3 0:00,,自,橋,平成研,前,公明
43,2003,id04_12_06,千葉県６区,-,3,16485,9.2,高橋妙子,女,1944/1/23 0:00,,共,,,新,
43,2003,id04_12_07,千葉県７区,当,1,96915,48,内山晃,男,1954/3/3 0:00,1,民,,,新,
43,2003,id04_12_07,千葉県７区,-,3,83899,41.6,松本和巳,男,1965/2/27 0:00,,自,,,新,
43,2003,id04_12_07,千葉県７区,-,3,16481,8.2,渡部隆夫,男,1943/5/15 0:00,,共,,,新,
43,2003,id04_12_07,千葉県７区,-,3,4485,2.2,宮岡進一郎,男,1941/10/26 0:00,,無,,,新,
43,2003,id04_12_08,千葉県８区,当,1,100794,46.8,松崎公昭,男,1943/9/8 0:00,3,民,,,前,
43,2003,id04_12_08,千葉県８区,比当,2,95627,44.4,桜田義孝,男,1949/12/20 0:00,,自,橋,平成研,前,公明
43,2003,id04_12_08,千葉県８区,-,3,19117,8.9,加藤英雄,男,1953/4/12 0:00,,共,,,新,
43,2003,id04_12_09,千葉県９区,当,1,103199,49.3,水野賢一,男,1966/7/21 0:00,3,自,亀,志帥会,前,公明
43,2003,id04_12_09,千葉県９区,比当,2,89057,42.6,須藤浩,男,1957/7/6 0:00,,民,,,元,
43,2003,id04_12_09,千葉県９区,-,3,16892,8.1,上田美毎,,,,共,,,新,
43,2003,id04_12_10,千葉県１０区,当,1,94946,43.6,林幹雄,男,1947/1/3 0:00,4,自,山,近未来,前,公明・保守
43,2003,id04_12_10,千葉県１０区,-,3,81950,37.6,谷田川元,男,1963/1/17 0:00,,無,,,新,
43,2003,id04_12_10,千葉県１０区,-,3,31864,14.6,中沢健,男,1955/1/7 0:00,,民,,,新,
43,2003,id04_12_10,千葉県１０区,-,3,7595,3.5,坂本弘毅,男,1944/5/13 0:00,,共,,,新,
43,2003,id04_12_10,千葉県１０区,-,3,1539,0.7,加瀬博,,,,無,,,新,
43,2003,id04_12_11,千葉県１１区,当,1,130863,63.1,森英介,男,1948/8/31 0:00,5,自,河,志公会,前,公明・保守
43,2003,id04_12_11,千葉県１１区,比当,2,60296,29.1,長浜博行,男,1958/10/20 0:00,,民,,,前,
43,2003,id04_12_11,千葉県１１区,-,3,16358,7.9,前田京子,,,,共,,,新,
43,2003,id04_12_12,千葉県１２区,当,1,115708,53.9,浜田靖一,男,1955/10/21 0:00,4,自,,,前,公明・保守
43,2003,id04_12_12,千葉県１２区,比当,2,87522,40.8,青木愛,女,1965/8/18 0:00,,民,,,新,
43,2003,id04_12_12,千葉県１２区,-,3,11303,5.3,鴨志田安代,男,1955/8/17 0:00,,共,,,新,
43,2003,id04_12_13,千葉県１３区,当,1,81625,48.3,実川幸夫,男,1943/10/14 0:00,4,自,堀,宏池会,前,公明・保守
43,2003,id04_12_13,千葉県１３区,比当,2,75927,44.9,若井康彦,男,1946/3/1 0:00,,民,,,新,
43,2003,id04_12_13,千葉県１３区,-,3,11435,6.8,井野長英,男,1972/6/9 0:00,,共,,,新,
43,2003,id04_14_01,神奈川県１区,当,1,111730,47.6,松本純,男,1950/4/11 0:00,2,自,河,志公会,元,
43,2003,id04_14_01,神奈川県１区,比当,2,97630,41.6,佐藤謙一郎,男,1947/3/8 0:00,,民,,,前,
43,2003,id04_14_01,神奈川県１区,-,3,15331,6.5,中家治子,,,,共,,,新,
43,2003,id04_14_01,神奈川県１区,-,3,10243,4.4,林貞三,,,,社,,,新,
43,2003,id04_14_02,神奈川県２区,当,1,115495,49.8,菅義偉,男,1948/12/6 0:00,3,自,堀,宏池会,前,
43,2003,id04_14_02,神奈川県２区,比当,2,93406,40.3,大出彰,男,1950/11/19 0:00,,民,,,前,
43,2003,id04_14_02,神奈川県２区,-,3,22997,9.9,湯川美和子,,,,共,,,新,
43,2003,id04_14_03,神奈川県３区,当,1,91207,44.1,小此木八郎,男,1965/6/22 0:00,4,自,,,前,
43,2003,id04_14_03,神奈川県３区,比当,2,81996,39.7,加藤尚彦,男,1937/3/31 0:00,,民,,,新,
43,2003,id04_14_03,神奈川県３区,-,3,18867,9.1,大谷務,男,1949/12/11 0:00,,共,,,新,
43,2003,id04_14_03,神奈川県３区,-,3,10158,4.9,和田茂,男,1955/2/24 0:00,,社,,,新,
43,2003,id04_14_03,神奈川県３区,-,3,4489,2.2,山下浩一郎,男,1952/4/7 0:00,,無,,,新,
43,2003,id04_14_04,神奈川県４区,当,1,89515,46.9,大石尚子,女,1936/8/26 0:00,2,民,,,前,
43,2003,id04_14_04,神奈川県４区,-,3,74267,38.9,林潤,男,1972/10/23 0:00,,自,,,新,
43,2003,id04_14_04,神奈川県４区,-,3,13706,7.2,馬渡龍治,男,1957/7/26 0:00,,無,,,新,
43,2003,id04_14_04,神奈川県４区,-,3,13473,7.1,林伸明,男,1966/3/24 0:00,,共,,,新,
43,2003,id04_14_05,神奈川県５区,当,1,123905,50.3,田中慶秋,男,1938/3/6 0:00,5,民,,,前,
43,2003,id04_14_05,神奈川県５区,-,3,91513,37.2,坂井学,男,1965/9/4 0:00,,自,,,新,
43,2003,id04_14_05,神奈川県５区,-,3,30770,12.5,大森猛,男,1944/9/18 0:00,,共,,,前,
43,2003,id04_14_06,神奈川県６区,当,1,82269,36.7,上田勇,男,1958/8/5 0:00,4,公,,,前,自民・保守
43,2003,id04_14_06,神奈川県６区,比当,2,81733,36.5,池田元久,男,1940/12/20 0:00,,民,,,前,
43,2003,id04_14_06,神奈川県６区,-,3,30689,13.7,勝又恒一郎,男,1962/12/11 0:00,,無,,,新,
43,2003,id04_14_06,神奈川県６区,-,3,15854,7.1,上田恵子,女,1967/8/28 0:00,,社,,,新,
43,2003,id04_14_06,神奈川県６区,-,3,13538,6,藤井美登里,女,1955/9/10 0:00,,共,,,新,
43,2003,id04_14_07,神奈川県７区,当,1,96479,46.6,首藤信彦,男,1945/4/5 0:00,2,民,,,前,
43,2003,id04_14_07,神奈川県７区,比当,2,93857,45.3,鈴木恒夫,男,1941/2/10 0:00,,自,河,志公会,前,
43,2003,id04_14_07,神奈川県７区,-,3,16796,8.1,松阪雅子,,,,共,,,新,
43,2003,id04_14_08,神奈川県８区,当,1,80752,38.7,岩國哲人,男,1936/7/11 0:00,3,民,,,前,
43,2003,id04_14_08,神奈川県８区,-,3,78782,37.7,江田憲司,男,1956/4/28 0:00,,無,,,前,
43,2003,id04_14_08,神奈川県８区,-,3,39434,18.9,吉田隆嘉,,,,自,,,新,
43,2003,id04_14_08,神奈川県８区,-,3,9801,4.7,山中栄司,男,1944/6/7 0:00,,共,,,新,
43,2003,id04_14_09,神奈川県９区,当,1,78590,50.3,笠浩史,男,1965/1/3 0:00,1,民,,,新,
43,2003,id04_14_09,神奈川県９区,-,3,57457,36.8,中港拓,,,,自,,,新,
43,2003,id04_14_09,神奈川県９区,-,3,14409,9.2,鴨下元,男,1978/3/10 0:00,,共,,,新,
43,2003,id04_14_09,神奈川県９区,-,3,5696,3.6,小林武治,,,,無,,,新,
43,2003,id04_14_10,神奈川県１０区,当,1,114766,48.1,田中和徳,男,1949/1/21 0:00,3,自,山,近未来,前,
43,2003,id04_14_10,神奈川県１０区,比当,2,89752,37.6,計屋圭宏,男,1945/1/15 0:00,,民,,,新,
43,2003,id04_14_10,神奈川県１０区,-,3,34003,14.3,笠木隆,男,1946/9/25 0:00,,共,,,新,
43,2003,id04_14_11,神奈川県１１区,当,1,174374,74.4,小泉純一郎,男,1942/1/8 0:00,11,自,,,前,
43,2003,id04_14_11,神奈川県１１区,-,3,46290,19.8,沢木優輔,,,,民,,,新,
43,2003,id04_14_11,神奈川県１１区,-,3,13632,5.8,瀬戸和弘,男,1952/6/2 0:00,,共,,,新,
43,2003,id04_14_12,神奈川県１２区,当,1,75826,39.4,中塚一宏,男,1965/4/4 0:00,2,民,由,,前,
43,2003,id04_14_12,神奈川県１２区,比当,2,73767,38.3,桜井郁三,男,1944/4/10 0:00,,自,河,志公会,元,
43,2003,id04_14_12,神奈川県１２区,比当,2,26954,14,阿部知子,女,1948/4/24 0:00,,社,,,前,
43,2003,id04_14_12,神奈川県１２区,-,3,11280,5.9,高松みどり,,,,共,,,新,
43,2003,id04_14_12,神奈川県１２区,-,3,4617,2.4,鈴木浩一,,,,無,,,新,
43,2003,id04_14_13,神奈川県１３区,当,1,139236,56.8,甘利明,男,1949/8/27 0:00,7,自,山,近未来,前,
43,2003,id04_14_13,神奈川県１３区,-,3,86256,35.2,土田龍司,男,1952/5/2 0:00,,民,由,,前,
43,2003,id04_14_13,神奈川県１３区,-,3,19431,7.9,新井俊次,,,,共,,,新,
43,2003,id04_14_14,神奈川県１４区,当,1,97214,43.7,藤井裕久,男,1932/6/24 0:00,5,民,由,,前,
43,2003,id04_14_14,神奈川県１４区,-,3,81794,36.8,中本太衛,男,1965/7/26 0:00,,自,橋,平成研,前,
43,2003,id04_14_14,神奈川県１４区,-,3,26508,11.9,原陽子,,,,社,,,前,
43,2003,id04_14_14,神奈川県１４区,-,3,14915,6.7,藤原正明,男,1972/9/5 0:00,,共,,,新,
43,2003,id04_14_14,神奈川県１４区,-,3,2134,1,箕浦一雄,,,,無,,,新,
43,2003,id04_14_15,神奈川県１５区,当,1,148955,59.9,河野太郎,男,1963/1/10 0:00,3,自,河,志公会,前,
43,2003,id04_14_15,神奈川県１５区,-,3,76967,30.9,酒井文彦,,,,民,,,新,
43,2003,id04_14_15,神奈川県１５区,-,3,16122,6.5,吉田貞夫,,,,共,,,新,
43,2003,id04_14_15,神奈川県１５区,-,3,6674,2.7,桂秀光,,,,無,,,新,
43,2003,id04_14_16,神奈川県１６区,当,1,125067,55.4,亀井善之,男,1936/4/30 0:00,8,自,山,近未来,前,
43,2003,id04_14_16,神奈川県１６区,-,3,82967,36.7,長田英知,男,1974/4/11 0:00,,民,,,新,
43,2003,id04_14_16,神奈川県１６区,-,3,17877,7.9,檜山千里,女,1963/3/19 0:00,,共,,,新,
43,2003,id04_14_17,神奈川県１７区,当,1,135206,57.3,河野洋平,男,1937/1/15 0:00,13,自,河,志公会,前,
43,2003,id04_14_17,神奈川県１７区,-,3,81900,34.7,阪口直人,男,1963/6/12 0:00,,民,,,新,
43,2003,id04_14_17,神奈川県１７区,-,3,18690,7.9,鈴木新三郎,男,1946/12/27 0:00,,共,,,新,
43,2003,id04_14_18,神奈川県１８区,当,1,64879,38,樋高剛,男,1965/11/24 0:00,2,民,由,,前,
43,2003,id04_14_18,神奈川県１８区,比当,2,58001,33.9,山際大志郎,男,1968/9/12 0:00,,自,,,新,
43,2003,id04_14_18,神奈川県１８区,-,3,15136,8.9,小川栄一,,,,無,,,新,
43,2003,id04_14_18,神奈川県１８区,-,3,13267,7.8,平田桂子,,,,無,,,新,
43,2003,id04_14_18,神奈川県１８区,-,3,13084,7.7,宗田裕之,男,1958/10/30 0:00,,共,,,新,
43,2003,id04_14_18,神奈川県１８区,-,3,5610,3.3,竹村英明,,,,社,,,新,
43,2003,id04_14_18,神奈川県１８区,-,3,875,0.5,安済清雄,,,,無,,,新,
43,2003,id04_19_01,山梨県１区,当,1,71623,54.9,小沢鋭仁,男,1954/5/31 0:00,4,民,,,前,
43,2003,id04_19_01,山梨県１区,-,3,45282,34.7,米田建三,男,1947/10/5 0:00,,自,亀,志帥会,前,公明・保守
43,2003,id04_19_01,山梨県１区,-,3,13545,10.4,遠藤昭子,女,1951/10/6 0:00,,共,,,新,
43,2003,id04_19_02,山梨県２区,当,1,101727,77.1,堀内光雄,男,1930/1/1 0:00,9,自,堀,宏池会,前,公明・保守
43,2003,id04_19_02,山梨県２区,-,3,30225,22.9,花田仁,男,1961/3/18 0:00,,共,,,新,
43,2003,id04_19_03,山梨県３区,当,1,83107,52.9,保坂武,男,1945/2/1 0:00,2,自,橋,平成研,前,公明・保守
43,2003,id04_19_03,山梨県３区,-,3,62475,39.8,後藤斎,男,1957/7/22 0:00,,民,,,前,
43,2003,id04_19_03,山梨県３区,-,3,11555,7.4,深沢久,,,,共,,,新,
43,2003,id05_13_01,東京都１区,当,1,105222,44.6,海江田万里,男,1949/2/26 0:00,4,民,,,前,
43,2003,id05_13_01,東京都１区,比当,2,103785,44,与謝野馨,男,1938/8/22 0:00,,自,,,元,公明・保守
43,2003,id05_13_01,東京都１区,-,3,20640,8.7,佐藤文則,男,1953/2/21 0:00,,共,,,新,
43,2003,id05_13_01,東京都１区,-,3,5572,2.4,浜田麻記子,,,,無,,,新,
43,2003,id05_13_01,東京都１区,-,3,698,0.3,又吉光雄,男,1944/2/5 0:00,,諸,,,新,
43,2003,id05_13_02,東京都２区,当,1,104477,48,中山義活,男,1945/2/13 0:00,3,民,,,前,
43,2003,id05_13_02,東京都２区,-,3,91926,42.2,深谷隆司,男,1935/9/29 0:00,,自,山,近未来,元,公明・保守
43,2003,id05_13_02,東京都２区,-,3,21334,9.8,室喜代一,,,,共,,,新,
43,2003,id05_13_03,東京都３区,当,1,122181,47.3,松原仁,男,1956/7/31 0:00,2,民,,,前,
43,2003,id05_13_03,東京都３区,-,3,113494,43.9,石原宏高,男,1964/6/19 0:00,,自,,,新,保守
43,2003,id05_13_03,東京都３区,-,3,22615,8.8,大貫清文,男,1957/1/29 0:00,,共,,,新,
43,2003,id05_13_04,東京都４区,当,1,90693,41.4,中西一善,男,1964/4/19 0:00,1,自,,,新,
43,2003,id05_13_04,東京都４区,比当,2,77953,35.5,宇佐美登,男,1967/2/16 0:00,,民,,,元,
43,2003,id05_13_04,東京都４区,-,3,26707,12.2,山谷えり子,,,,保,民,,前,公明
43,2003,id05_13_04,東京都４区,比当,2,23942,10.9,山口富男,,,,共,,,前,
43,2003,id05_13_05,東京都５区,当,1,107110,44.1,手塚仁雄,男,1966/9/14 0:00,2,民,,,前,
43,2003,id05_13_05,東京都５区,比当,2,99618,41,小杉隆,男,1935/9/25 0:00,,自,山,近未来,元,公明・保守
43,2003,id05_13_05,東京都５区,-,3,18213,7.5,遠藤宣彦,男,1963/6/5 0:00,,無,由,,新,
43,2003,id05_13_05,東京都５区,-,3,17927,7.4,宮本栄,男,1962/1/27 0:00,,共,,,新,
43,2003,id05_13_06,東京都６区,当,1,131715,52.2,小宮山洋子,女,1948/9/17 0:00,2,民,,,前,
43,2003,id05_13_06,東京都６区,-,3,78650,31.2,越智隆雄,男,1964/2/27 0:00,,自,森,清和会,新,公明・保守
43,2003,id05_13_06,東京都６区,-,3,23320,9.2,保坂展人,男,1955/11/26 0:00,,社,,,前,
43,2003,id05_13_06,東京都６区,-,3,18625,7.4,田中美代子,女,1947/2/16 0:00,,共,,,新,
43,2003,id05_13_07,東京都７区,当,1,99891,43.1,長妻昭,男,1960/6/14 0:00,2,民,,,前,
43,2003,id05_13_07,東京都７区,-,3,83588,36,松本文明,男,1949/3/25 0:00,,自,堀,宏池会,新,公明・保守
43,2003,id05_13_07,東京都７区,-,3,21982,9.5,小沢哲雄,,,,共,,,新,
43,2003,id05_13_07,東京都７区,-,3,14743,6.4,矢部一,,,,無,自,,新,
43,2003,id05_13_07,東京都７区,-,3,11778,5.1,富家孝,男,1947/3/31 0:00,,無会,由,,新,
43,2003,id05_13_08,東京都８区,当,1,136429,55,石原伸晃,男,1957/4/19 0:00,5,自,,,前,保守
43,2003,id05_13_08,東京都８区,-,3,78007,31.4,鈴木盛夫,男,1966/6/16 0:00,,民,由,,新,
43,2003,id05_13_08,東京都８区,-,3,17572,7.1,沢田俊史,男,1951/3/11 0:00,,共,,,新,
43,2003,id05_13_08,東京都８区,-,3,16156,6.5,杉山章子,,,,社,,,新,
43,2003,id05_13_09,東京都９区,当,1,112868,45.8,菅原一秀,男,1962/1/7 0:00,1,自,,,新,公明・保守
43,2003,id05_13_09,東京都９区,-,3,96662,39.2,吉田公一,男,1940/10/31 0:00,,民,,,前,
43,2003,id05_13_09,東京都９区,-,3,27903,11.3,望月康子,女,1956/7/21 0:00,,共,,,新,
43,2003,id05_13_09,東京都９区,-,3,8841,3.6,村田敏,,,,社,,,新,
43,2003,id05_13_10,東京都１０区,当,1,81979,45.2,小林興起,男,1944/1/1 0:00,4,自,亀,志帥会,前,公明・保守
43,2003,id05_13_10,東京都１０区,比当,2,77417,42.7,鮫島宗明,男,1943/12/9 0:00,,民,,,前,
43,2003,id05_13_10,東京都１０区,-,3,19338,10.7,山本敏江,女,1949/1/23 0:00,,共,,,新,
43,2003,id05_13_10,東京都１０区,-,3,2706,1.5,志良以栄,,,,諸,,,新,
43,2003,id05_13_11,東京都１１区,当,1,113477,49,下村博文,男,1954/5/23 0:00,3,自,森,清和会,前,公明・保守
43,2003,id05_13_11,東京都１１区,-,3,87331,37.7,渡辺浩一郎,男,1944/5/31 0:00,,民,由,,元,
43,2003,id05_13_11,東京都１１区,-,3,30998,13.4,徳留道信,男,1952/6/6 0:00,,共,,,新,
43,2003,id05_13_12,東京都１２区,当,1,98700,44.1,太田昭宏,男,1945/10/6 0:00,4,公,,,前,自民・保守
43,2003,id05_13_12,東京都１２区,比当,2,95110,42.4,藤田幸久,男,1950/4/19 0:00,,民,,,元,
43,2003,id05_13_12,東京都１２区,-,3,30251,13.5,山岸光夫,,,,共,,,新,
43,2003,id05_13_13,東京都１３区,当,1,90277,43.6,城島正光,男,1947/1/1 0:00,3,民,,,前,
43,2003,id05_13_13,東京都１３区,比当,2,88254,42.6,鴨下一郎,男,1949/1/16 0:00,,自,橋,平成研,前,公明・保守
43,2003,id05_13_13,東京都１３区,-,3,28605,13.8,田村智子,女,1965/7/4 0:00,,共,,,新,
43,2003,id05_13_14,東京都１４区,当,1,66417,34.3,松島みどり,女,1956/7/15 0:00,2,自,森,清和会,前,
43,2003,id05_13_14,東京都１４区,比当,2,63385,32.8,井上和雄,男,1952/4/24 0:00,,民,,,前,
43,2003,id05_13_14,東京都１４区,-,3,44799,23.2,西川太一郎,,,,保,,,前,公明
43,2003,id05_13_14,東京都１４区,-,3,18799,9.7,伊藤文雄,男,1943/12/22 0:00,,共,,,新,
43,2003,id05_13_15,東京都１５区,当,1,69164,35.4,木村勉,男,1939/8/15 0:00,2,自,山,近未来,元,公明・保守
43,2003,id05_13_15,東京都１５区,-,3,58616,30,東祥三,男,1951/5/1 0:00,,民,由,,前,
43,2003,id05_13_15,東京都１５区,-,3,47843,24.5,柿沢弘治,,,,無会,,,前,
43,2003,id05_13_15,東京都１５区,-,3,19610,10,榛田敦行,,,,共,,,新,
43,2003,id05_13_16,東京都１６区,当,1,80015,35.3,島村宜伸,男,1934/3/27 0:00,8,自,亀,志帥会,元,保守
43,2003,id05_13_16,東京都１６区,比当,2,70189,31,中津川博郷,男,1949/4/12 0:00,,民,,,前,
43,2003,id05_13_16,東京都１６区,-,3,58250,25.7,宇田川芳雄,,,,無会,,,前,
43,2003,id05_13_16,東京都１６区,-,3,17985,7.9,安部安則,男,1956/4/1 0:00,,共,,,新,
43,2003,id05_13_17,東京都１７区,当,1,142916,62,平沢勝栄,男,1945/9/4 0:00,3,自,,,前,保守
43,2003,id05_13_17,東京都１７区,-,3,65269,28.3,錦織淳,男,1945/7/30 0:00,,民,,,元,
43,2003,id05_13_17,東京都１７区,-,3,22316,9.7,菅野勝祐,,,,共,,,新,
43,2003,id05_13_18,東京都１８区,当,1,139195,58.4,菅直人,男,1946/10/10 0:00,8,民,,,前,
43,2003,id05_13_18,東京都１８区,比当,2,83337,34.9,鳩山邦夫,男,1948/9/13 0:00,,自,,,前,公明・保守
43,2003,id05_13_18,東京都１８区,-,3,16010,6.7,小林幹典,,,,共,,,新,
43,2003,id05_13_19,東京都１９区,当,1,136082,52.9,末松義規,男,1956/12/5 0:00,3,民,,,前,
43,2003,id05_13_19,東京都１９区,-,3,88501,34.4,松本洋平,男,1973/8/31 0:00,,自,,,新,公明
43,2003,id05_13_19,東京都１９区,-,3,22921,8.9,藤岡智明,,,,共,,,新,
43,2003,id05_13_19,東京都１９区,-,3,9529,3.7,横田昌三,男,1968/11/24 0:00,,社,,,新,
43,2003,id05_13_20,東京都２０区,当,1,111041,50.7,加藤公一,男,1964/4/6 0:00,2,民,,,前,
43,2003,id05_13_20,東京都２０区,-,3,81588,37.2,清水清一朗,男,1947/4/23 0:00,,自,,,新,保守
43,2003,id05_13_20,東京都２０区,-,3,26434,12.1,池田真理子,女,1954/10/28 0:00,,共,,,新,
43,2003,id05_13_21,東京都２１区,当,1,81398,39.2,長島昭久,男,1962/2/17 0:00,1,民,,,新,
43,2003,id05_13_21,東京都２１区,-,3,71873,34.6,橋本城二,,,,自,森,清和会,新,公明
43,2003,id05_13_21,東京都２１区,-,3,37019,17.8,川田悦子,,,,無,,,前,
43,2003,id05_13_21,東京都２１区,-,3,17409,8.4,田川豊,男,1968/10/19 0:00,,共,,,新,
43,2003,id05_13_22,東京都２２区,当,1,113931,45.9,山花郁夫,男,1967/1/18 0:00,2,民,,,前,
43,2003,id05_13_22,東京都２２区,比当,2,105385,42.5,伊藤達也,男,1961/7/6 0:00,,自,橋,平成研,前,公明・保守
43,2003,id05_13_22,東京都２２区,-,3,24859,10,若林義春,男,1950/7/26 0:00,,共,,,新,
43,2003,id05_13_22,東京都２２区,-,3,4001,1.6,佐藤盛隆,,,,無,,,新,
43,2003,id05_13_23,東京都２３区,当,1,126221,48.5,伊藤公介,男,1941/10/23 0:00,8,自,森,清和会,前,公明・保守
43,2003,id05_13_23,東京都２３区,比当,2,110266,42.3,石毛エイ子,,,,民,,,前,
43,2003,id05_13_23,東京都２３区,-,3,23943,9.2,今村順一郎,,,,共,,,新,
43,2003,id05_13_24,東京都２４区,当,1,108843,44.3,萩生田光一,男,1963/8/31 0:00,1,自,,,新,公明・保守
43,2003,id05_13_24,東京都２４区,比当,2,106733,43.4,阿久津幸彦,男,1956/6/26 0:00,,民,,,前,
43,2003,id05_13_24,東京都２４区,-,3,21407,8.7,藤本実,,,,共,,,新,
43,2003,id05_13_24,東京都２４区,-,3,8762,3.6,石橋薫,,,,無,,,新,
43,2003,id05_13_25,東京都２５区,当,1,80443,46.3,井上信治,男,1969/10/7 0:00,1,自,,,新,公明・保守
43,2003,id05_13_25,東京都２５区,比当,2,71151,40.9,島田久,男,1935/3/21 0:00,,民,,,新,
43,2003,id05_13_25,東京都２５区,-,3,15381,8.8,鈴木拓也,男,1970/2/22 0:00,,共,,,新,
43,2003,id05_13_25,東京都２５区,-,3,6858,3.9,池田正二,,,,無,,,新,
43,2003,id06_15_01,新潟県１区,当,1,119297,51.1,西村智奈美,女,1967/1/13 0:00,1,民,,,新,社民
43,2003,id06_15_01,新潟県１区,-,3,96107,41.2,吉田六左エ門,男,1939/12/15 0:00,,自,亀,志帥会,前,公明・保守
43,2003,id06_15_01,新潟県１区,-,3,18134,7.8,川俣幸雄,男,1955/4/8 0:00,,共,,,新,
43,2003,id06_15_02,新潟県２区,当,1,95391,43.9,近藤基彦,男,1954/2/15 0:00,2,自,堀,宏池会,前,公明・保守
43,2003,id06_15_02,新潟県２区,-,3,56002,25.8,藤島正之,,,,無,由,,前,
43,2003,id06_15_02,新潟県２区,-,3,49382,22.7,坂上富男,,,,民,,,元,
43,2003,id06_15_02,新潟県２区,-,3,12225,5.6,米山洋子,,,,共,,,新,
43,2003,id06_15_02,新潟県２区,-,3,4132,1.9,西川攻,,,,無,,,新,
43,2003,id06_15_03,新潟県３区,当,1,108627,55.9,稲葉大和,男,1943/11/12 0:00,4,自,山,近未来,前,公明・保守
43,2003,id06_15_03,新潟県３区,-,3,70256,36.2,倉持八郎,,,,社,,,新,民主
43,2003,id06_15_03,新潟県３区,-,3,15399,7.9,田中真一,男,1962/3/8 0:00,,共,,,新,
43,2003,id06_15_04,新潟県４区,当,1,113271,53.4,菊田真紀子,女,1969/10/24 0:00,1,民,由,,新,社民
43,2003,id06_15_04,新潟県４区,-,3,83880,39.6,栗原博久,男,1947/3/23 0:00,,自,亀,志帥会,前,公明・保守
43,2003,id06_15_04,新潟県４区,-,3,14776,7,武藤元美,女,1957/1/1 0:00,,共,,,新,
43,2003,id06_15_05,新潟県５区,当,1,98112,49.1,田中真紀子,女,1944/1/14 0:00,4,無,自,,元,
43,2003,id06_15_05,新潟県５区,-,3,61937,31,星野行男,,,,自,亀,志帥会,前,公明
43,2003,id06_15_05,新潟県５区,-,3,30086,15.1,白川勝彦,,,,無,自,,元,
43,2003,id06_15_05,新潟県５区,-,3,9506,4.8,斉藤実,,,,共,,,新,
43,2003,id06_15_06,新潟県６区,当,1,89693,40.6,筒井信隆,男,1944/11/10 0:00,3,民,,,前,社民
43,2003,id06_15_06,新潟県６区,-,3,64582,29.3,高鳥修一,男,1960/9/29 0:00,,自,森,清和会,新,公明・保守
43,2003,id06_15_06,新潟県６区,-,3,59116,26.8,風間直樹,,,,無,,,新,
43,2003,id06_15_06,新潟県６区,-,3,7257,3.3,阿部正義,,,,共,,,新,
43,2003,id06_16_01,富山県１区,当,1,76154,55.5,長勢甚遠,男,1943/10/3 0:00,5,自,森,清和会,前,公明・保守
43,2003,id06_16_01,富山県１区,比当,2,51306,37.4,村井宗明,男,1973/5/30 0:00,,民,,,新,社民（支持）
43,2003,id06_16_01,富山県１区,-,3,9764,7.1,山田哲男,男,1947/10/20 0:00,,共,,,新,
43,2003,id06_16_02,富山県２区,当,1,93849,59.4,宮腰光寛,男,1950/12/21 0:00,3,自,堀,宏池会,前,公明
43,2003,id06_16_02,富山県２区,-,3,42244,26.8,西尾政英,男,1961/6/5 0:00,,民,由,,新,
43,2003,id06_16_02,富山県２区,-,3,13792,8.7,辰尾哲雄,,,,社,,,新,
43,2003,id06_16_02,富山県２区,-,3,8015,5.1,古沢利之,,,,共,,,新,
43,2003,id06_16_03,富山県３区,当,1,159316,69.7,綿貫民輔,男,1927/4/30 0:00,12,自,橋,平成研,前,公明・保守
43,2003,id06_16_03,富山県３区,-,3,51663,22.6,窪田正人,男,1947/4/10 0:00,,社,,,新,民主（支持）
43,2003,id06_16_03,富山県３区,-,3,17756,7.8,坂本洋史,男,1970/7/24 0:00,,共,,,新,
43,2003,id06_17_01,石川県１区,当,1,99868,48.1,奥田建,男,1959/1/16 0:00,3,民,,,前,無所属の会
43,2003,id06_17_01,石川県１区,比当,2,97075,46.8,馳浩,男,1961/5/5 0:00,,自,森,清和会,前,公明・保守
43,2003,id06_17_01,石川県１区,-,3,10567,5.1,佐藤正幸,男,1967/12/13 0:00,,共,,,新,
43,2003,id06_17_02,石川県２区,当,1,114541,55.6,森喜朗,男,1937/7/14 0:00,12,自,森,清和会,前,
43,2003,id06_17_02,石川県２区,比当,2,82069,39.8,一川保夫,男,1942/2/6 0:00,,民,由,,前,
43,2003,id06_17_02,石川県２区,-,3,9342,4.5,西村祐士,男,1954/10/1 0:00,,共,,,新,
43,2003,id06_17_03,石川県３区,当,1,102864,58.1,瓦力,男,1937/4/1 0:00,11,自,堀,宏池会,前,公明・保守
43,2003,id06_17_03,石川県３区,-,3,66240,37.4,桑原豊,男,1945/10/14 0:00,,民,,,前,無所属の会
43,2003,id06_17_03,石川県３区,-,3,7972,4.5,坂本浩,男,1963/12/25 0:00,,共,,,新,
43,2003,id06_18_01,福井県１区,当,1,55698,42.1,松宮勲,男,1944/5/28 0:00,2,自,亀,志帥会,前,公明・保守
43,2003,id06_18_01,福井県１区,-,3,54019,40.8,笹木竜三,男,1956/11/27 0:00,,無,,,元,
43,2003,id06_18_01,福井県１区,-,3,16309,12.3,本郷史剛,,,,民,,,新,
43,2003,id06_18_01,福井県１区,-,3,6354,4.8,金元幸枝,女,1958/3/20 0:00,,共,,,新,
43,2003,id06_18_02,福井県２区,当,1,62558,44.1,山本拓,男,1952/7/7 0:00,3,自,,,元,
43,2003,id06_18_02,福井県２区,比当,2,43143,30.4,若泉征三,男,1945/8/5 0:00,,民,,,新,
43,2003,id06_18_02,福井県２区,-,3,31120,21.9,平泉渉,,,,無,,,元,
43,2003,id06_18_02,福井県２区,-,3,5118,3.6,宇野邦弘,男,1951/11/10 0:00,,共,,,新,
43,2003,id06_18_03,福井県３区,当,1,85113,59.8,高木毅,男,1956/1/16 0:00,2,自,森,清和会,前,公明・保守
43,2003,id06_18_03,福井県３区,-,3,49395,34.7,玉村和夫,男,1950/8/12 0:00,,民,,,新,
43,2003,id06_18_03,福井県３区,-,3,7781,5.5,山本雅彦,男,1957/3/22 0:00,,共,,,新,
43,2003,id06_20_01,長野県１区,当,1,118065,45,小坂憲次,男,1946/3/12 0:00,5,自,橋,平成研,前,公明・保守
43,2003,id06_20_01,長野県１区,比当,2,111821,42.6,篠原孝,男,1948/7/17 0:00,,民,,,新,
43,2003,id06_20_01,長野県１区,-,3,32757,12.5,中野早苗,女,1948/5/9 0:00,,共,,,新,
43,2003,id06_20_02,長野県２区,当,1,108397,43,下条みつ,男,1955/12/29 0:00,1,民,,,新,
43,2003,id06_20_02,長野県２区,比当,2,98756,39.2,村井仁,,,,自,橋,平成研,前,公明・保守
43,2003,id06_20_02,長野県２区,-,3,26865,10.7,山口わか子,女,1934/12/10 0:00,,社,,,前,
43,2003,id06_20_02,長野県２区,-,3,18038,7.2,清水啓司,,,,共,,,新,
43,2003,id06_20_03,長野県３区,当,1,150203,58.5,羽田孜,男,1935/8/24 0:00,12,民,,,前,
43,2003,id06_20_03,長野県３区,比当,2,78364,30.5,岩崎忠夫,男,1942/12/8 0:00,,自,橋,平成研,前,公明
43,2003,id06_20_03,長野県３区,-,3,28083,10.9,岩谷昇介,男,1953/10/17 0:00,,共,,,新,
43,2003,id06_20_04,長野県４区,当,1,70618,43.4,後藤茂之,男,1955/12/9 0:00,2,自,民,,前,公明
43,2003,id06_20_04,長野県４区,比当,2,50651,31.1,堀込征雄,男,1942/2/5 0:00,,民,,,前,
43,2003,id06_20_04,長野県４区,-,3,26211,16.1,浜万亀彦,,,,社,,,新,
43,2003,id06_20_04,長野県４区,-,3,15286,9.4,上田秀昭,男,1954/7/3 0:00,,共,,,新,
43,2003,id06_20_05,長野県５区,当,1,108567,52.7,宮下一郎,男,1958/8/1 0:00,1,自,森,清和会,新,公明・保守
43,2003,id06_20_05,長野県５区,-,3,70507,34.2,加藤隆,男,1949/8/4 0:00,,民,,,新,
43,2003,id06_20_05,長野県５区,-,3,20679,10,三沢好夫,男,1944/2/29 0:00,,共,,,新,
43,2003,id06_20_05,長野県５区,-,3,6408,3.1,関浩行,,,,無,,,新,
43,2003,id07_21_01,岐阜県１区,当,1,92717,51.4,野田聖子,女,1960/9/3 0:00,4,自,高,番町研,前,公明・保守
43,2003,id07_21_01,岐阜県１区,-,3,71649,39.7,浅野真,,,,民,由,,新,
43,2003,id07_21_01,岐阜県１区,-,3,15951,8.8,木下律子,,,,共,,,新,
43,2003,id07_21_02,岐阜県２区,当,1,118748,61.6,棚橋泰文,男,1963/2/11 0:00,3,自,橋,平成研,前,公明・保守
43,2003,id07_21_02,岐阜県２区,-,3,60118,31.2,大石里奈,女,1976/12/17 0:00,,民,,,新,
43,2003,id07_21_02,岐阜県２区,-,3,13846,7.2,高木光弘,男,1959/8/16 0:00,,共,,,新,
43,2003,id07_21_03,岐阜県３区,当,1,115221,47.8,武藤嘉文,,,13,自,亀,志帥会,前,公明・保守
43,2003,id07_21_03,岐阜県３区,比当,2,110796,45.9,園田康博,男,1967/6/9 0:00,,民,,,新,
43,2003,id07_21_03,岐阜県３区,-,3,15278,6.3,宮川勝義,,,,共,,,新,
43,2003,id07_21_04,岐阜県４区,当,1,156179,63.8,藤井孝男,男,1943/3/14 0:00,4,自,橋,平成研,前,公明・保守
43,2003,id07_21_04,岐阜県４区,-,3,75240,30.7,山田良司,男,1960/10/5 0:00,,民,,,新,
43,2003,id07_21_04,岐阜県４区,-,3,13312,5.4,吾郷武日,,,,共,,,新,
43,2003,id07_21_05,岐阜県５区,当,1,110553,57.3,古屋圭司,男,1952/11/1 0:00,5,自,亀,志帥会,前,公明・保守
43,2003,id07_21_05,岐阜県５区,-,3,67546,35,武田規男,,,,民,,,新,
43,2003,id07_21_05,岐阜県５区,-,3,14834,7.7,井上諭,男,1967/10/12 0:00,,共,,,新,
43,2003,id07_22_01,静岡県１区,当,1,74745,33.5,牧野聖修,男,1945/5/4 0:00,3,民,,,前,
43,2003,id07_22_01,静岡県１区,比当,2,67437,30.2,上川陽子,女,1953/3/1 0:00,,自,堀,宏池会,前,保守
43,2003,id07_22_01,静岡県１区,-,3,59937,26.8,田辺信宏,男,1961/8/20 0:00,,無,,,新,
43,2003,id07_22_01,静岡県１区,-,3,15032,6.7,河瀬幸代,女,1951/3/14 0:00,,共,,,新,
43,2003,id07_22_01,静岡県１区,-,3,6093,2.7,石塚聡,,,,社,,,新,
43,2003,id07_22_02,静岡県２区,当,1,129162,51.5,原田令嗣,男,1952/2/2 0:00,1,自,小,平成研,新,公明・保守
43,2003,id07_22_02,静岡県２区,-,3,107687,42.9,津川祥吾,男,1972/1/25 0:00,,民,,,前,
43,2003,id07_22_02,静岡県２区,-,3,14096,5.6,岡崎平作,,,,共,,,新,
43,2003,id07_22_03,静岡県３区,当,1,138508,59.7,柳沢伯夫,男,1935/8/18 0:00,7,自,堀,宏池会,前,保守
43,2003,id07_22_03,静岡県３区,-,3,81364,35.1,鈴木泰,男,1960/5/14 0:00,,民,,,新,
43,2003,id07_22_03,静岡県３区,-,3,12154,5.2,早崎末浩,,,,共,,,新,
43,2003,id07_22_04,静岡県４区,当,1,102761,53.1,望月義夫,男,1947/5/2 0:00,3,自,堀,宏池会,前,公明・保守
43,2003,id07_22_04,静岡県４区,-,3,76865,39.7,田村謙治,男,1968/3/19 0:00,,民,,,新,
43,2003,id07_22_04,静岡県４区,-,3,13795,7.1,西谷英俊,,,,共,,,新,
43,2003,id07_22_05,静岡県５区,当,1,137201,49.4,細野豪志,男,1971/8/21 0:00,2,民,,,前,
43,2003,id07_22_05,静岡県５区,比当,2,129988,46.8,斉藤斗志二,男,1944/12/27 0:00,,自,橋,平成研,前,公明・保守
43,2003,id07_22_05,静岡県５区,-,3,10610,3.8,杉田保雄,男,1946/12/8 0:00,,共,,,新,
43,2003,id07_22_06,静岡県６区,当,1,136066,49.9,渡辺周,男,1961/12/11 0:00,3,民,,,前,
43,2003,id07_22_06,静岡県６区,-,3,100955,37,栗原裕康,,,,自,河,志公会,元,
43,2003,id07_22_06,静岡県６区,-,3,20675,7.6,平田純一,,,,無,,,新,保守
43,2003,id07_22_06,静岡県６区,-,3,14867,5.5,鈴木和彦,男,1943/7/28 0:00,,共,,,新,
43,2003,id07_22_07,静岡県７区,当,1,98877,46.8,城内実,男,1965/4/19 0:00,1,無,,,新,
43,2003,id07_22_07,静岡県７区,-,3,58932,27.9,熊谷弘,,,,保,民,,前,自民・公明
43,2003,id07_22_07,静岡県７区,-,3,43779,20.7,樋口美智子,,,,民,由,,新,
43,2003,id07_22_07,静岡県７区,-,3,9791,4.6,森島倫生,,,,共,,,新,
43,2003,id07_22_08,静岡県８区,当,1,104046,47.4,塩谷立,男,1950/2/18 0:00,4,自,森,清和会,元,公明・保守
43,2003,id07_22_08,静岡県８区,比当,2,101484,46.2,鈴木康友,男,1957/8/23 0:00,,民,,,前,
43,2003,id07_22_08,静岡県８区,-,3,14057,6.4,平賀高成,男,1954/5/7 0:00,,共,,,元,
43,2003,id07_23_01,愛知県１区,当,1,97617,54.2,河村たかし,男,1948/11/3 0:00,4,民,,,前,
43,2003,id07_23_01,愛知県１区,-,3,64968,36.1,谷田武彦,,,,自,橋,平成研,前,公明・保守
43,2003,id07_23_01,愛知県１区,-,3,17510,9.7,木村恵美,女,1950/8/7 0:00,,共,,,新,
43,2003,id07_23_02,愛知県２区,当,1,115674,61,古川元久,男,1965/12/6 0:00,3,民,,,前,
43,2003,id07_23_02,愛知県２区,-,3,56472,29.8,斎藤幸男,,,,自,,,新,保守
43,2003,id07_23_02,愛知県２区,-,3,17437,9.2,大野宙光,男,1963/9/6 0:00,,共,,,新,
43,2003,id07_23_03,愛知県３区,当,1,105017,53.7,近藤昭一,男,1958/5/26 0:00,3,民,,,前,
43,2003,id07_23_03,愛知県３区,-,3,72035,36.8,吉田幸弘,,,,自,亀,志帥会,前,公明・保守
43,2003,id07_23_03,愛知県３区,-,3,18678,9.5,石川寿,男,1965/6/11 0:00,,共,,,新,
43,2003,id07_23_04,愛知県４区,当,1,84919,44,牧義夫,男,1958/1/14 0:00,2,民,,,前,
43,2003,id07_23_04,愛知県４区,比当,2,79749,41.4,近藤浩,男,1961/1/31 0:00,,自,森,清和会,新,公明・保守
43,2003,id07_23_04,愛知県４区,-,3,28193,14.6,瀬古由起子,女,1947/8/24 0:00,,共,,,前,
43,2003,id07_23_05,愛知県５区,当,1,104346,49.4,赤松広隆,男,1948/5/3 0:00,5,民,,,前,
43,2003,id07_23_05,愛知県５区,-,3,90668,42.9,木村隆秀,男,1955/8/10 0:00,,自,橋,平成研,前,公明・保守
43,2003,id07_23_05,愛知県５区,-,3,16255,7.7,江上博之,男,1955/2/6 0:00,,共,,,新,
43,2003,id07_23_06,愛知県６区,当,1,97776,44.2,前田雄吉,男,1960/1/8 0:00,2,民,,,前,
43,2003,id07_23_06,愛知県６区,-,3,80700,36.5,丹羽秀樹,男,1972/12/20 0:00,,自,高,番町研,新,
43,2003,id07_23_06,愛知県６区,-,3,22131,10,三沢淳,,,,保,,,元,
43,2003,id07_23_06,愛知県６区,-,3,20524,9.3,柳沢けさ美,女,1950/3/19 0:00,,共,,,新,
43,2003,id07_23_07,愛知県７区,当,1,102710,44.1,小林憲司,男,1964/7/4 0:00,2,民,,,前,
43,2003,id07_23_07,愛知県７区,比当,2,93882,40.3,青山丘,男,1941/4/11 0:00,,自,亀,志帥会,前,保守
43,2003,id07_23_07,愛知県７区,-,3,20172,8.7,大島令子,女,1952/5/14 0:00,,社,,,前,
43,2003,id07_23_07,愛知県７区,-,3,16255,7,坂林卓美,男,1962/5/11 0:00,,共,,,新,
43,2003,id07_23_08,愛知県８区,当,1,127411,54,伴野豊,男,1961/1/1 0:00,2,民,,,前,
43,2003,id07_23_08,愛知県８区,-,3,92245,39.1,大木浩,,,,自,橋,平成研,前,公明・保守
43,2003,id07_23_08,愛知県８区,-,3,16216,6.9,神谷暢,男,1941/5/8 0:00,,共,,,新,
43,2003,id07_23_09,愛知県９区,当,1,104075,44.6,海部俊樹,男,1931/1/2 0:00,15,保,,,前,自民・公明
43,2003,id07_23_09,愛知県９区,比当,2,92554,39.7,岡本充功,男,1971/6/18 0:00,,民,,,新,
43,2003,id07_23_09,愛知県９区,-,3,20565,8.8,井桁亮,男,1969/9/1 0:00,,無,,,新,
43,2003,id07_23_09,愛知県９区,-,3,16213,6.9,松崎省三,男,1946/8/3 0:00,,共,,,新,
43,2003,id07_23_10,愛知県１０区,当,1,107369,45.6,江崎鉄磨,男,1943/9/17 0:00,3,保,,,元,自民・公明
43,2003,id07_23_10,愛知県１０区,比当,2,106599,45.3,佐藤観樹,,,,民,,,前,
43,2003,id07_23_10,愛知県１０区,-,3,21350,9.1,岸野知子,,,,共,,,新,
43,2003,id07_23_11,愛知県１１区,当,1,181747,89.6,古本伸一郎,男,1965/3/11 0:00,1,民,,,新,
43,2003,id07_23_11,愛知県１１区,-,3,21179,10.4,串田真吾,男,1976/1/15 0:00,,共,,,新,
43,2003,id07_23_12,愛知県１２区,当,1,135622,50.4,杉浦正健,男,1934/7/26 0:00,5,自,森,清和会,前,公明・保守
43,2003,id07_23_12,愛知県１２区,比当,2,117411,43.6,中根康浩,男,1962/8/17 0:00,,民,,,新,
43,2003,id07_23_12,愛知県１２区,-,3,16191,6,野村典子,,,,共,,,新,
43,2003,id07_23_13,愛知県１３区,当,1,114092,48.4,大村秀章,男,1960/3/9 0:00,3,自,橋,平成研,前,公明・保守
43,2003,id07_23_13,愛知県１３区,比当,2,109670,46.6,島聡,男,1958/4/25 0:00,,民,,,前,
43,2003,id07_23_13,愛知県１３区,-,3,11765,5,高林誠,,,,共,,,新,
43,2003,id07_23_14,愛知県１４区,当,1,91713,52,鈴木克昌,男,1943/11/14 0:00,1,民,,,新,
43,2003,id07_23_14,愛知県１４区,-,3,76019,43.1,浅野勝人,,,,自,河,志公会,前,公明・保守
43,2003,id07_23_14,愛知県１４区,-,3,8795,5,金子正美,,,,共,,,新,
43,2003,id07_23_15,愛知県１５区,当,1,100443,50.3,山本明彦,男,1947/4/1 0:00,2,自,森,清和会,前,公明・保守
43,2003,id07_23_15,愛知県１５区,比当,2,84573,42.4,都築譲,男,1950/9/23 0:00,,民,由,,前,
43,2003,id07_23_15,愛知県１５区,-,3,14622,7.3,斎藤啓,男,1971/8/10 0:00,,共,,,新,
43,2003,id07_24_01,三重県１区,当,1,101911,50.1,川崎二郎,男,1947/11/15 0:00,7,自,小,平成研,前,公明・保守
43,2003,id07_24_01,三重県１区,比当,2,90381,44.4,中井洽,男,1942/6/10 0:00,,民,由,,前,
43,2003,id07_24_01,三重県１区,-,3,11157,5.5,大嶽隆司,,,,共,,,新,
43,2003,id07_24_02,三重県２区,当,1,123449,69.2,中川正春,男,1950/6/10 0:00,3,民,,,前,
43,2003,id07_24_02,三重県２区,-,3,42430,23.8,井戸寿,,,,自,,,新,
43,2003,id07_24_02,三重県２区,-,3,12561,7,前垣忠司,,,,共,,,新,
43,2003,id07_24_03,三重県３区,当,1,132109,62,岡田克也,男,1953/7/14 0:00,5,民,,,前,
43,2003,id07_24_03,三重県３区,比当,2,67247,31.6,平田耕一,男,1948/11/9 0:00,,自,橋,平成研,新,
43,2003,id07_24_03,三重県３区,-,3,13562,6.4,星野律子,女,1951/6/4 0:00,,共,,,新,
43,2003,id07_24_04,三重県４区,当,1,94379,60.4,田村憲久,男,1964/12/15 0:00,3,自,橋,平成研,前,公明・保守
43,2003,id07_24_04,三重県４区,比当,2,51168,32.7,伊藤忠治,,,,民,,,前,
43,2003,id07_24_04,三重県４区,-,3,10761,6.9,岡野恵美,女,1952/5/6 0:00,,共,,,新,
43,2003,id07_24_05,三重県５区,当,1,111840,57.6,三ツ矢憲生,男,1950/12/13 0:00,1,自,,,新,公明・保守
43,2003,id07_24_05,三重県５区,-,3,71937,37,金子洋一,男,1962/6/28 0:00,,民,,,新,
43,2003,id07_24_05,三重県５区,-,3,8521,4.4,長坂正春,,,,共,,,新,
43,2003,id07_24_05,三重県５区,-,3,1928,1,山中精一,,,,無,,,新,
43,2003,id08_25_01,滋賀県１区,当,1,87857,51,川端達夫,男,1945/1/24 0:00,6,民,,,前,
43,2003,id08_25_01,滋賀県１区,-,3,64002,37.2,上野賢一郎,男,1965/8/3 0:00,,自,,,新,保守
43,2003,id08_25_01,滋賀県１区,-,3,20340,11.8,川内卓,男,1955/11/24 0:00,,共,,,新,
43,2003,id08_25_02,滋賀県２区,当,1,69620,44.9,田島一成,男,1962/6/15 0:00,1,民,,,新,
43,2003,id08_25_02,滋賀県２区,比当,2,65033,41.9,小西理,男,1958/8/22 0:00,,自,橋,平成研,前,公明・保守
43,2003,id08_25_02,滋賀県２区,-,3,11814,7.6,川島隆二,,,,無,,,新,
43,2003,id08_25_02,滋賀県２区,-,3,8741,5.6,酒井紳一,,,,共,,,新,
43,2003,id08_25_03,滋賀県３区,当,1,64225,48,三日月大造,男,1971/5/24 0:00,1,民,,,新,
43,2003,id08_25_03,滋賀県３区,比当,2,57732,43.2,宇野治,男,1947/9/2 0:00,,自,,,新,公明・保守
43,2003,id08_25_03,滋賀県３区,-,3,9648,7.2,石堂晋子,,,,共,,,新,
43,2003,id08_25_03,滋賀県３区,-,3,2133,1.6,西村明夫,,,,無,,,新,
43,2003,id08_25_04,滋賀県４区,当,1,83149,46.8,岩永峯一,男,1941/9/5 0:00,3,自,堀,宏池会,前,公明・保守
43,2003,id08_25_04,滋賀県４区,比当,2,78954,44.5,奥村展三,男,1944/8/10 0:00,,民,,,新,
43,2003,id08_25_04,滋賀県４区,-,3,15400,8.7,坪田五久男,男,1959/4/1 0:00,,共,,,新,
43,2003,id08_26_01,京都府１区,当,1,83644,42.3,伊吹文明,男,1938/1/9 0:00,7,自,亀,志帥会,前,公明・保守
43,2003,id08_26_01,京都府１区,比当,2,63487,32.1,玉置一弥,男,1944/7/8 0:00,,民,,,前,
43,2003,id08_26_01,京都府１区,比当,2,50762,25.7,穀田恵二,男,1947/1/11 0:00,,共,,,前,
43,2003,id08_26_02,京都府２区,当,1,73934,49.7,前原誠司,男,1962/4/30 0:00,4,民,,,前,
43,2003,id08_26_02,京都府２区,-,3,47962,32.3,山本直彦,,,,自,,,新,公明・保守
43,2003,id08_26_02,京都府２区,-,3,26768,18,原俊史,男,1967/6/16 0:00,,共,,,新,
43,2003,id08_26_03,京都府３区,当,1,84052,46.8,泉健太,男,1974/7/29 0:00,1,民,,,新,
43,2003,id08_26_03,京都府３区,-,3,64726,36,奥山茂彦,,,,自,橋,平成研,前,公明・保守
43,2003,id08_26_03,京都府３区,-,3,30861,17.2,石村和子,女,1949/12/21 0:00,,共,,,新,
43,2003,id08_26_04,京都府４区,当,1,108209,49.7,田中英夫,男,1944/3/19 0:00,1,自,,,新,公明・保守
43,2003,id08_26_04,京都府４区,-,3,72665,33.4,北神圭朗,男,1967/2/1 0:00,,民,,,新,
43,2003,id08_26_04,京都府４区,-,3,36980,17,成宮真理子,女,1969/9/28 0:00,,共,,,新,
43,2003,id08_26_05,京都府５区,当,1,103486,62.9,谷垣禎一,男,1945/3/7 0:00,8,自,小,平成研,前,公明・保守
43,2003,id08_26_05,京都府５区,-,3,36702,22.3,小林哲也,男,1970/9/1 0:00,,民,,,新,
43,2003,id08_26_05,京都府５区,-,3,24389,14.8,吉田早由美,女,1950/11/21 0:00,,共,,,新,
43,2003,id08_26_06,京都府６区,当,1,117467,46.9,山井和則,男,1962/1/6 0:00,2,民,,,前,
43,2003,id08_26_06,京都府６区,-,3,100541,40.1,菱田嘉明,,,,自,橋,平成研,前,公明・保守
43,2003,id08_26_06,京都府６区,-,3,32499,13,矢口雅章,男,1967/6/18 0:00,,共,,,新,
43,2003,id08_27_01,大阪府１区,当,1,87936,49.8,中馬弘毅,男,1936/10/8 0:00,8,自,河,志公会,前,公明・保守
43,2003,id08_27_01,大阪府１区,-,3,64320,36.4,熊田篤嗣,男,1971/3/3 0:00,,民,,,新,
43,2003,id08_27_01,大阪府１区,-,3,24220,13.7,清家裕,,,,共,,,新,
43,2003,id08_27_02,大阪府２区,当,1,96470,50.8,左藤章,男,1951/7/12 0:00,2,自,堀,宏池会,前,自民・公明
43,2003,id08_27_02,大阪府２区,-,3,56652,29.8,岩波薫,,,,民,,,新,
43,2003,id08_27_02,大阪府２区,比当,2,36706,19.3,石井郁子,女,1940/10/10 0:00,,共,,,前,
43,2003,id08_27_03,大阪府３区,当,1,97552,46.3,田端正広,男,1940/1/4 0:00,4,公,,,前,自民・保守
43,2003,id08_27_03,大阪府３区,比当,2,79539,37.8,辻恵,男,1948/6/12 0:00,,民,,,新,
43,2003,id08_27_03,大阪府３区,-,3,33451,15.9,安達義孝,男,1954/12/28 0:00,,共,,,新,
43,2003,id08_27_04,大阪府４区,当,1,92470,44.8,吉田治,男,1962/3/16 0:00,3,民,,,元,
43,2003,id08_27_04,大阪府４区,比当,2,87187,42.2,中山泰秀,男,1970/10/14 0:00,,自,,,新,公明・保守
43,2003,id08_27_04,大阪府４区,-,3,26776,13,長谷川良雄,男,1950/4/29 0:00,,共,,,新,
43,2003,id08_27_05,大阪府５区,当,1,92350,42.9,谷口隆義,男,1949/4/18 0:00,4,公,,,前,自民・保守
43,2003,id08_27_05,大阪府５区,比当,2,85334,39.6,稲見哲男,男,1948/7/20 0:00,,民,,,新,
43,2003,id08_27_05,大阪府５区,-,3,37694,17.5,山下芳生,男,1960/2/27 0:00,,共,,,新,
43,2003,id08_27_06,大阪府６区,当,1,101292,49.4,福島豊,男,1958/1/4 0:00,4,公,,,前,自民・保守
43,2003,id08_27_06,大阪府６区,-,3,75098,36.6,村上史好,男,1952/6/10 0:00,,民,由,,新,
43,2003,id08_27_06,大阪府６区,-,3,28789,14,太田乙美,,,,共,,,新,
43,2003,id08_27_07,大阪府７区,当,1,72643,39.2,藤村修,男,1949/11/3 0:00,4,民,,,前,
43,2003,id08_27_07,大阪府７区,-,3,55234,29.8,井上一成,,,,自,保,,元,保守
43,2003,id08_27_07,大阪府７区,-,3,28710,15.5,藤井幸子,,,,共,,,新,
43,2003,id08_27_07,大阪府７区,-,3,19949,10.8,有沢志郎,,,,無会,,,新,
43,2003,id08_27_07,大阪府７区,-,3,8701,4.7,阪本義信,,,,無,,,新,
43,2003,id08_27_08,大阪府８区,当,1,81319,48.6,中野寛成,男,1940/11/26 0:00,10,民,,,前,
43,2003,id08_27_08,大阪府８区,-,3,63324,37.8,大塚高司,男,1964/9/11 0:00,,自,,,新,保守
43,2003,id08_27_08,大阪府８区,-,3,22748,13.6,斉宮澄江,女,1956/11/26 0:00,,共,,,新,
43,2003,id08_27_09,大阪府９区,当,1,97572,41.9,大谷信盛,男,1962/12/4 0:00,2,民,,,前,
43,2003,id08_27_09,大阪府９区,比当,2,93662,40.2,西田猛,男,1955/8/5 0:00,,自,保,,元,公明・保守
43,2003,id08_27_09,大阪府９区,-,3,21491,9.2,藤木邦顕,,,,共,,,新,
43,2003,id08_27_09,大阪府９区,-,3,10678,4.6,永田義和,,,,無,,,新,
43,2003,id08_27_09,大阪府９区,-,3,9705,4.2,中北龍太郎,,,,社,,,新,
43,2003,id08_27_10,大阪府１０区,当,1,83077,47.1,肥田美代子,女,1941/3/1 0:00,3,民,,,前,
43,2003,id08_27_10,大阪府１０区,-,3,68646,38.9,松浪健太,男,1971/8/17 0:00,,自,亀,志帥会,前,公明・保守
43,2003,id08_27_10,大阪府１０区,-,3,22976,13,菅野悦子,,,,共,,,元,
43,2003,id08_27_10,大阪府１０区,-,3,1600,0.9,榛原外之守,,,,無,,,新,
43,2003,id08_27_11,大阪府１１区,当,1,116834,58.2,平野博文,男,1949/3/19 0:00,3,民,,,前,
43,2003,id08_27_11,大阪府１１区,-,3,47835,23.8,小川真澄,,,,無,,,新,
43,2003,id08_27_11,大阪府１１区,-,3,27557,13.7,山下京子,女,1954/2/28 0:00,,共,,,新,
43,2003,id08_27_11,大阪府１１区,-,3,8599,4.3,吉武信昭,,,,無,,,新,
43,2003,id08_27_12,大阪府１２区,当,1,82190,44.6,樽床伸二,男,1959/8/6 0:00,4,民,,,前,
43,2003,id08_27_12,大阪府１２区,比当,2,81270,44.1,北川知克,男,1951/11/8 0:00,,自,高,番町研,前,公明・保守
43,2003,id08_27_12,大阪府１２区,-,3,21023,11.4,西森洋一,,,,共,,,新,
43,2003,id08_27_13,大阪府１３区,当,1,97311,49.7,西野陽,男,1940/1/15 0:00,3,自,堀,宏池会,前,公明・保守
43,2003,id08_27_13,大阪府１３区,-,3,65164,33.3,岡本準一郎,,,,民,,,新,
43,2003,id08_27_13,大阪府１３区,比当,2,33446,17.1,吉井英勝,男,1942/12/19 0:00,,共,,,前,
43,2003,id08_27_14,大阪府１４区,当,1,111543,50.4,谷畑孝,男,1947/1/10 0:00,3,自,森,清和会,前,公明・保守
43,2003,id08_27_14,大阪府１４区,-,3,78654,35.5,長尾敬,男,1962/11/29 0:00,,民,,,新,
43,2003,id08_27_14,大阪府１４区,-,3,31256,14.1,野沢倫昭,男,1948/2/15 0:00,,共,,,新,
43,2003,id08_27_15,大阪府１５区,当,1,107323,49.7,竹本直一,男,1940/11/23 0:00,3,自,堀,宏池会,前,公明・保守
43,2003,id08_27_15,大阪府１５区,-,3,79830,37,梅川喜久雄,,,,民,,,新,
43,2003,id08_27_15,大阪府１５区,-,3,28874,13.4,中野好博,男,1943/2/11 0:00,,共,,,新,
43,2003,id08_27_16,大阪府１６区,当,1,74718,46.1,北側一雄,男,1953/3/2 0:00,5,公,,,前,自民・保守
43,2003,id08_27_16,大阪府１６区,比当,2,63867,39.4,樽井良和,男,1967/8/8 0:00,,民,,,新,
43,2003,id08_27_16,大阪府１６区,-,3,23434,14.5,菅野泰介,,,,共,,,新,
43,2003,id08_27_17,大阪府１７区,当,1,69861,40.3,西村真悟,男,1948/7/7 0:00,4,民,由,,前,
43,2003,id08_27_17,大阪府１７区,-,3,52258,30.2,岡下信子,女,1939/6/28 0:00,,自,橋,平成研,前,
43,2003,id08_27_17,大阪府１７区,-,3,26236,15.1,真鍋穣,男,1951/9/30 0:00,,共,,,新,
43,2003,id08_27_17,大阪府１７区,-,3,24937,14.4,平田多加秋,,,,無,,,新,
43,2003,id08_27_18,大阪府１８区,当,1,108996,47.9,中山太郎,男,1924/8/27 0:00,6,自,,,前,公明・保守
43,2003,id08_27_18,大阪府１８区,比当,2,89930,39.6,中川治,男,1951/2/10 0:00,,民,,,新,
43,2003,id08_27_18,大阪府１８区,-,3,28417,12.5,大塚康樹,男,1967/10/11 0:00,,共,,,新,
43,2003,id08_27_19,大阪府１９区,当,1,75369,47.2,長安豊,男,1968/9/5 0:00,1,民,,,新,
43,2003,id08_27_19,大阪府１９区,-,3,42284,26.5,松浪健四郎,男,1946/10/14 0:00,,保,,,前,自民
43,2003,id08_27_19,大阪府１９区,-,3,27043,16.9,安田吉広,,,,無,,,新,
43,2003,id08_27_19,大阪府１９区,-,3,14962,9.4,和気豊,男,1941/3/10 0:00,,共,,,新,
43,2003,id08_28_01,兵庫県１区,当,1,71587,38.7,砂田圭佑,男,1933/11/21 0:00,3,自,高,番町研,前,公明・保守
43,2003,id08_28_01,兵庫県１区,比当,2,70792,38.3,石井一,男,1934/8/17 0:00,,民,,,前,
43,2003,id08_28_01,兵庫県１区,-,3,21423,11.6,原和美,女,1950/1/1 0:00,,無,,,新,
43,2003,id08_28_01,兵庫県１区,-,3,21083,11.4,北岡浩,,,,共,,,新,
43,2003,id08_28_02,兵庫県２区,当,1,83379,43.2,赤羽一嘉,男,1958/5/7 0:00,4,公,,,前,自民・保守
43,2003,id08_28_02,兵庫県２区,比当,2,80061,41.5,泉房穂,男,1963/8/19 0:00,,民,,,新,
43,2003,id08_28_02,兵庫県２区,-,3,29510,15.3,平松順子,女,1949/10/11 0:00,,共,,,新,
43,2003,id08_28_03,兵庫県３区,当,1,88767,51.1,土肥隆一,男,1939/2/11 0:00,5,民,,,前,社民
43,2003,id08_28_03,兵庫県３区,-,3,61263,35.3,井川弘光,,,,自,亀,志帥会,新,公明
43,2003,id08_28_03,兵庫県３区,-,3,23690,13.6,森田多希子,,,,共,,,新,
43,2003,id08_28_04,兵庫県４区,当,1,127330,55.4,井上喜一,男,1932/5/24 0:00,6,保,,,前,自民・公明
43,2003,id08_28_04,兵庫県４区,-,3,81909,35.6,高橋昭一,男,1964/6/24 0:00,,民,,,新,
43,2003,id08_28_04,兵庫県４区,-,3,20649,9,山本純二,,,,共,,,新,
43,2003,id08_28_05,兵庫県５区,当,1,112437,47.6,谷公一,男,1952/1/28 0:00,1,自,,,新,公明・保守
43,2003,id08_28_05,兵庫県５区,比当,2,108851,46,梶原康弘,男,1956/10/14 0:00,,民,由,,新,
43,2003,id08_28_05,兵庫県５区,-,3,15124,6.4,西中孝男,男,1949/10/1 0:00,,共,,,新,
43,2003,id08_28_06,兵庫県６区,当,1,109320,42.7,市村浩一郎,男,1964/7/16 0:00,1,民,,,新,
43,2003,id08_28_06,兵庫県６区,-,3,96410,37.6,阪上善秀,男,1947/8/4 0:00,,自,亀,志帥会,前,公明・保守
43,2003,id08_28_06,兵庫県６区,-,3,32078,12.5,中川智子,女,1947/9/28 0:00,,社,,,前,
43,2003,id08_28_06,兵庫県６区,-,3,18351,7.2,大塚寿夫,男,1939/1/28 0:00,,共,,,新,
43,2003,id08_28_07,兵庫県７区,当,1,111216,47.1,大前繁雄,男,1942/6/28 0:00,1,自,山,近未来,新,公明・保守
43,2003,id08_28_07,兵庫県７区,比当,2,96404,40.8,土井たか子,女,1928/11/30 0:00,,社,,,前,民主
43,2003,id08_28_07,兵庫県７区,-,3,28526,12.1,礒見恵子,女,1957/2/12 0:00,,共,,,新,
43,2003,id08_28_08,兵庫県８区,当,1,94406,44.1,冬柴鉄三,男,1936/6/29 0:00,6,公,,,前,自民・保守
43,2003,id08_28_08,兵庫県８区,比当,2,79492,37.1,室井邦彦,男,1947/4/10 0:00,,民,由,,新,
43,2003,id08_28_08,兵庫県８区,-,3,22328,10.4,庄本悦子,女,1954/8/16 0:00,,共,,,新,
43,2003,id08_28_08,兵庫県８区,-,3,17850,8.3,北川れん子,,,,社,,,前,
43,2003,id08_28_09,兵庫県９区,当,1,86631,40.8,西村康稔,男,1962/10/15 0:00,1,無,,,新,
43,2003,id08_28_09,兵庫県９区,-,3,65374,30.8,宮本一三,男,1931/9/7 0:00,,自,堀,宏池会,前,公明・保守
43,2003,id08_28_09,兵庫県９区,-,3,47406,22.4,畠中光成,男,1972/6/30 0:00,,民,,,新,
43,2003,id08_28_09,兵庫県９区,-,3,12694,6,筧直樹,,,,共,,,新,
43,2003,id08_28_10,兵庫県１０区,当,1,97196,51.3,渡海紀三朗,男,1948/2/11 0:00,5,自,山,近未来,前,公明・保守
43,2003,id08_28_10,兵庫県１０区,-,3,77009,40.7,岡田康裕,男,1975/7/13 0:00,,民,,,新,
43,2003,id08_28_10,兵庫県１０区,-,3,15112,8,星原幸代,女,1942/6/22 0:00,,共,,,新,
43,2003,id08_28_11,兵庫県１１区,当,1,112898,52.6,松本剛明,男,1959/4/25 0:00,2,民,,,前,
43,2003,id08_28_11,兵庫県１１区,-,3,89159,41.6,戸井田徹,男,1951/11/25 0:00,,自,橋,平成研,元,公明・保守
43,2003,id08_28_11,兵庫県１１区,-,3,12494,5.8,竹内典昭,男,1975/1/14 0:00,,共,,,新,
43,2003,id08_28_12,兵庫県１２区,当,1,108479,49.1,河本三郎,男,1950/9/7 0:00,2,自,高,番町研,元,公明・保守
43,2003,id08_28_12,兵庫県１２区,-,3,103848,47,山口壮,男,1954/10/3 0:00,,無会,,,前,民主
43,2003,id08_28_12,兵庫県１２区,-,3,8468,3.8,太田清幸,男,1955/6/10 0:00,,共,,,新,
43,2003,id08_29_01,奈良県１区,当,1,79529,48.2,馬淵澄夫,男,1960/8/23 0:00,1,民,,,新,
43,2003,id08_29_01,奈良県１区,-,3,65538,39.7,高市早苗,女,1961/3/7 0:00,,自,森,清和会,前,保守
43,2003,id08_29_01,奈良県１区,-,3,20010,12.1,佐藤真理,,,,共,,,新,
43,2003,id08_29_02,奈良県２区,当,1,83168,48.4,中村哲治,男,1971/7/24 0:00,2,民,,,前,
43,2003,id08_29_02,奈良県２区,比当,2,73646,42.9,滝実,男,1938/9/15 0:00,,自,橋,平成研,前,公明・保守
43,2003,id08_29_02,奈良県２区,-,3,15044,8.8,宮本次郎,男,1975/2/5 0:00,,共,,,新,
43,2003,id08_29_03,奈良県３区,当,1,81345,47.6,奥野信亮,男,1944/3/5 0:00,1,自,,,新,公明・保守
43,2003,id08_29_03,奈良県３区,-,3,58222,34.1,福岡ともみ,,,,民,,,新,
43,2003,id08_29_03,奈良県３区,-,3,16939,9.9,植田至紀,男,1965/12/7 0:00,,社,,,前,
43,2003,id08_29_03,奈良県３区,-,3,14219,8.3,正木敦,男,1971/7/22 0:00,,共,,,新,
43,2003,id08_29_04,奈良県４区,当,1,112714,65.4,田野瀬良太郎,男,1943/10/31 0:00,4,自,山,近未来,前,公明・保守
43,2003,id08_29_04,奈良県４区,-,3,49077,28.5,山本直子,,,,民,,,新,
43,2003,id08_29_04,奈良県４区,-,3,10614,6.2,一瀬則保,,,,共,,,新,
43,2003,id08_30_01,和歌山県１区,当,1,101602,68.9,谷本龍哉,男,1966/10/26 0:00,2,自,森,清和会,前,公明・保守
43,2003,id08_30_01,和歌山県１区,-,3,45851,31.1,下角力,男,1953/1/6 0:00,,共,,,新,
43,2003,id08_30_02,和歌山県２区,当,1,77102,51,石田真敏,男,1952/4/11 0:00,2,自,山,近未来,前,公明・保守
43,2003,id08_30_02,和歌山県２区,比当,2,63145,41.7,岸本健,男,1970/8/3 0:00,,民,由,,新,
43,2003,id08_30_02,和歌山県２区,-,3,11020,7.3,古倉伸二,,,,共,,,新,
43,2003,id08_30_03,和歌山県３区,当,1,148274,78.4,二階俊博,男,1939/2/17 0:00,7,保,,,前,自民・公明
43,2003,id08_30_03,和歌山県３区,-,3,40930,21.6,上田稔,男,1947/2/1 0:00,,共,,,新,
43,2003,id09_31_01,鳥取県１区,当,1,114283,71.6,石破茂,男,1957/2/4 0:00,6,自,橋,平成研,前,公明・保守
43,2003,id09_31_01,鳥取県１区,-,3,31236,19.6,田中清一,男,1953/8/11 0:00,,社,,,新,
43,2003,id09_31_01,鳥取県１区,-,3,14092,8.8,水津岩男,,,,共,,,新,
43,2003,id09_31_02,鳥取県２区,当,1,52466,33.1,川上義博,男,1950/10/26 0:00,1,無,,,新,
43,2003,id09_31_02,鳥取県２区,比当,2,50989,32.1,山内功,男,1954/10/16 0:00,,民,,,前,
43,2003,id09_31_02,鳥取県２区,-,3,45900,28.9,相沢英之,,,,自,河,志公会,前,保守
43,2003,id09_31_02,鳥取県２区,-,3,9266,5.8,大谷輝子,,,,共,,,新,
43,2003,id09_32_01,島根県１区,当,1,117897,61,細田博之,男,1944/4/5 0:00,5,自,森,清和会,前,公明・保守
43,2003,id09_32_01,島根県１区,-,3,61071,31.6,濱口和久,男,1968/10/14 0:00,,民,,,新,
43,2003,id09_32_01,島根県１区,-,3,14237,7.4,上代善雄,男,1954/7/24 0:00,,共,,,新,
43,2003,id09_32_02,島根県２区,当,1,145555,63.8,竹下亘,男,1946/11/3 0:00,2,自,橋,平成研,前,公明・保守
43,2003,id09_32_02,島根県２区,-,3,50951,22.3,石田良三,,,,民,,,新,
43,2003,id09_32_02,島根県２区,-,3,20965,9.2,出島千鶴子,,,,社,,,新,
43,2003,id09_32_02,島根県２区,-,3,10774,4.7,向瀬慎一,男,1971/1/12 0:00,,共,,,新,
43,2003,id09_33_01,岡山県１区,当,1,102318,57.6,逢沢一郎,男,1954/6/10 0:00,6,自,小,平成研,前,公明・保守
43,2003,id09_33_01,岡山県１区,-,3,63463,35.7,菅源太郎,男,1972/10/30 0:00,,民,,,新,
43,2003,id09_33_01,岡山県１区,-,3,11951,6.7,植本完治,男,1959/4/3 0:00,,共,,,新,
43,2003,id09_33_02,岡山県２区,当,1,78643,48.5,熊代昭彦,男,1940/2/21 0:00,4,自,橋,平成研,前,公明・保守
43,2003,id09_33_02,岡山県２区,比当,2,69190,42.7,津村啓介,男,1971/10/27 0:00,,民,,,新,
43,2003,id09_33_02,岡山県２区,-,3,14357,8.9,尾崎宏子,女,1956/9/16 0:00,,共,,,新,
43,2003,id09_33_03,岡山県３区,当,1,125949,67.3,平沼赳夫,男,1939/8/3 0:00,8,自,亀,志帥会,前,公明・保守
43,2003,id09_33_03,岡山県３区,-,3,48010,25.6,中村徹夫,男,1955/3/8 0:00,,民,,,新,
43,2003,id09_33_03,岡山県３区,-,3,13276,7.1,美見芳明,男,1957/4/3 0:00,,共,,,新,
43,2003,id09_33_04,岡山県４区,当,1,104653,56.5,橋本竜太郎,,,14,自,橋,平成研,前,公明・保守
43,2003,id09_33_04,岡山県４区,-,3,66199,35.7,柚木道義,男,1972/5/28 0:00,,民,,,新,
43,2003,id09_33_04,岡山県４区,-,3,14367,7.8,東毅,男,1976/3/31 0:00,,共,,,新,
43,2003,id09_33_05,岡山県５区,当,1,104052,57,村田吉隆,男,1944/7/30 0:00,5,自,堀,宏池会,前,公明・保守
43,2003,id09_33_05,岡山県５区,-,3,69908,38.3,秦知子,,,,民,,,新,
43,2003,id09_33_05,岡山県５区,-,3,8482,4.6,木阪清,,,,共,,,新,
43,2003,id09_34_01,広島県１区,当,1,84292,55.5,岸田文雄,男,1957/7/29 0:00,4,自,堀,宏池会,前,公明・保守
43,2003,id09_34_01,広島県１区,-,3,56072,36.9,柿沼正明,男,1965/9/26 0:00,,民,,,新,
43,2003,id09_34_01,広島県１区,-,3,11463,7.6,次石曜子,,,,共,,,新,
43,2003,id09_34_02,広島県２区,当,1,81382,37.5,松本大輔,男,1971/8/5 0:00,1,民,,,新,
43,2003,id09_34_02,広島県２区,-,3,61472,28.3,平口洋,男,1948/8/1 0:00,,無会,,,新,
43,2003,id09_34_02,広島県２区,-,3,48557,22.4,桧田仁,男,1942/2/2 0:00,,自,橋,平成研,元,保守
43,2003,id09_34_02,広島県２区,-,3,16052,7.4,沖茂,,,,無,,,新,
43,2003,id09_34_02,広島県２区,-,3,9726,4.5,大越和郎,,,,共,,,新,
43,2003,id09_34_03,広島県３区,当,1,106972,60.2,増原義剛,男,1945/6/1 0:00,2,自,亀,志帥会,前,公明
43,2003,id09_34_03,広島県３区,-,3,53382,30,金子哲夫,男,1948/7/18 0:00,,社,,,前,
43,2003,id09_34_03,広島県３区,-,3,17318,9.7,大西理,男,1966/2/8 0:00,,共,,,新,
43,2003,id09_34_04,広島県４区,当,1,86275,54.7,中川秀直,男,1944/2/2 0:00,8,自,森,清和会,前,公明・保守
43,2003,id09_34_04,広島県４区,-,3,49784,31.6,空本誠喜,男,1964/3/11 0:00,,民,由,,新,
43,2003,id09_34_04,広島県４区,-,3,9681,6.1,松井秀明,男,1968/12/11 0:00,,社,,,新,
43,2003,id09_34_04,広島県４区,-,3,6636,4.2,中石仁,男,1962/11/25 0:00,,共,,,新,
43,2003,id09_34_04,広島県４区,-,3,5225,3.3,堀間禎子,,,,無,,,新,
43,2003,id09_34_05,広島県５区,当,1,74264,41.5,池田行彦,,,10,自,堀,宏池会,前,公明・保守
43,2003,id09_34_05,広島県５区,-,3,48300,27,佐々木修一,,,,民,,,新,
43,2003,id09_34_05,広島県５区,-,3,36170,20.2,三谷光男,男,1959/6/16 0:00,,無,,,新,
43,2003,id09_34_05,広島県５区,-,3,13531,7.6,山本敏明,,,,無,,,新,
43,2003,id09_34_05,広島県５区,-,3,6896,3.8,松本進,,,,共,,,新,
43,2003,id09_34_06,広島県６区,当,1,117659,51.3,亀井静香,男,1936/11/1 0:00,9,自,亀,志帥会,前,公明・保守
43,2003,id09_34_06,広島県６区,比当,2,100677,43.9,佐藤公治,男,1959/7/28 0:00,,民,由,,前,
43,2003,id09_34_06,広島県６区,-,3,10846,4.7,寺田明充,男,1951/3/27 0:00,,共,,,新,
43,2003,id09_34_07,広島県７区,当,1,90487,45.7,宮沢洋一,男,1950/4/21 0:00,2,自,堀,宏池会,前,公明・保守
43,2003,id09_34_07,広島県７区,比当,2,73252,37,和田隆志,男,1963/7/18 0:00,,民,,,新,
43,2003,id09_34_07,広島県７区,-,3,23185,11.7,山田敏雅,,,,無,民,,元,
43,2003,id09_34_07,広島県７区,-,3,11100,5.6,森川美紀恵,女,1950/1/24 0:00,,共,,,新,
43,2003,id09_35_01,山口県１区,当,1,137830,63.6,高村正彦,男,1942/3/15 0:00,8,自,高,番町研,前,公明・保守
43,2003,id09_35_01,山口県１区,-,3,66672,30.8,大泉博子,女,1950/1/20 0:00,,民,,,新,社民
43,2003,id09_35_01,山口県１区,-,3,12071,5.6,魚永智行,男,1958/3/2 0:00,,共,,,新,
43,2003,id09_35_02,山口県２区,当,1,109647,51.6,平岡秀夫,男,1954/1/14 0:00,2,民,,,前,社民
43,2003,id09_35_02,山口県２区,比当,2,91087,42.9,佐藤信二,,,,自,橋,平成研,元,公明・保守
43,2003,id09_35_02,山口県２区,-,3,11721,5.5,山中良二,男,1959/1/17 0:00,,共,,,新,
43,2003,id09_35_03,山口県３区,当,1,111658,63.2,河村建夫,男,1942/11/10 0:00,5,自,亀,志帥会,前,公明・保守
43,2003,id09_35_03,山口県３区,-,3,50975,28.9,岩本晋,,,,民,,,新,社民
43,2003,id09_35_03,山口県３区,-,3,13909,7.9,田中照久,,,,共,,,新,
43,2003,id09_35_04,山口県４区,当,1,140347,79.7,安倍晋三,男,1954/9/21 0:00,4,自,森,清和会,前,公明・保守
43,2003,id09_35_04,山口県４区,-,3,21202,12,小島潤一郎,男,1971/2/28 0:00,,社,,,新,民主
43,2003,id09_35_04,山口県４区,-,3,14438,8.2,池之上博,,,,共,,,新,
43,2003,id10_36_01,徳島県１区,当,1,60917,53,仙谷由人,男,1946/1/15 0:00,4,民,,,前,
43,2003,id10_36_01,徳島県１区,比当,2,44892,39,七条明,男,1951/8/1 0:00,,自,高,番町研,前,公明・保守
43,2003,id10_36_01,徳島県１区,-,3,9164,8,山本千代子,女,1949/1/2 0:00,,共,,,新,
43,2003,id10_36_02,徳島県２区,当,1,72116,51.4,山口俊一,男,1950/2/28 0:00,5,自,,,前,公明・保守
43,2003,id10_36_02,徳島県２区,比当,2,62494,44.5,高井美穂,女,1971/11/30 0:00,,民,,,新,
43,2003,id10_36_02,徳島県２区,-,3,5689,4.1,藤田均,男,1960/7/1 0:00,,共,,,新,
43,2003,id10_36_03,徳島県３区,当,1,85671,60,後藤田正純,男,1969/8/5 0:00,2,自,橋,平成研,前,公明・保守
43,2003,id10_36_03,徳島県３区,-,3,49411,34.6,仁木博文,男,1966/5/23 0:00,,民,,,新,
43,2003,id10_36_03,徳島県３区,-,3,7687,5.4,久保孝之,男,1963/10/9 0:00,,共,,,新,
43,2003,id10_37_01,香川県１区,当,1,79298,49.2,平井卓也,男,1958/1/25 0:00,2,自,堀,宏池会,前,公明・保守
43,2003,id10_37_01,香川県１区,-,3,62939,39,小川淳也,男,1971/4/18 0:00,,民,,,新,
43,2003,id10_37_01,香川県１区,-,3,12280,7.6,加藤繁秋,,,,社,,,元,
43,2003,id10_37_01,香川県１区,-,3,5764,3.6,石川明克,,,,共,,,新,
43,2003,id10_37_01,香川県１区,-,3,910,0.6,大西賢治,,,,無,,,新,
43,2003,id10_37_02,香川県２区,当,1,85370,56.4,木村義雄,男,1948/4/17 0:00,6,自,山,近未来,前,公明・保守
43,2003,id10_37_02,香川県２区,-,3,57676,38.1,真鍋光広,,,,民,,,元,
43,2003,id10_37_02,香川県２区,-,3,8430,5.6,河村整,男,1959/6/6 0:00,,共,,,新,
43,2003,id10_37_03,香川県３区,当,1,84803,61.1,大野功統,男,1935/10/16 0:00,6,自,山,近未来,前,公明・保守
43,2003,id10_37_03,香川県３区,-,3,23087,16.6,奥田研二,男,1945/6/11 0:00,,社,,,新,
43,2003,id10_37_03,香川県３区,-,3,22091,15.9,山元徹,,,,民,由,,新,
43,2003,id10_37_03,香川県３区,-,3,8898,6.4,近石美智子,女,1948/1/9 0:00,,共,,,新,
43,2003,id10_38_01,愛媛県１区,当,1,113516,60.6,塩崎恭久,男,1950/11/7 0:00,3,自,,,前,保守
43,2003,id10_38_01,愛媛県１区,-,3,43903,23.4,玉井彰,男,1953/5/17 0:00,,民,,,新,
43,2003,id10_38_01,愛媛県１区,-,3,14222,7.6,林紀子,女,1962/6/6 0:00,,共,,,新,
43,2003,id10_38_01,愛媛県１区,-,3,11653,6.2,永和淑子,,,,社,,,新,
43,2003,id10_38_01,愛媛県１区,-,3,4007,2.1,岡靖,男,1939/4/25 0:00,,無,,,新,
43,2003,id10_38_02,愛媛県２区,当,1,99208,58.3,村上誠一郎,男,1952/5/11 0:00,6,自,高,番町研,前,保守
43,2003,id10_38_02,愛媛県２区,-,3,43553,25.6,斉藤政光,男,1969/1/10 0:00,,民,,,新,
43,2003,id10_38_02,愛媛県２区,-,3,15150,8.9,梅崎雪男,,,,社,,,新,
43,2003,id10_38_02,愛媛県２区,-,3,12206,7.2,田中克彦,男,1967/4/22 0:00,,共,,,新,
43,2003,id10_38_03,愛媛県３区,当,1,74160,50.8,小野晋也,男,1955/4/28 0:00,4,自,森,清和会,前,
43,2003,id10_38_03,愛媛県３区,-,3,41030,28.1,高橋剛,男,1942/4/1 0:00,,民,,,新,
43,2003,id10_38_03,愛媛県３区,-,3,11757,8,藤田高景,男,1948/10/14 0:00,,社,,,新,
43,2003,id10_38_03,愛媛県３区,-,3,10931,7.5,一色一正,男,1950/1/3 0:00,,共,,,新,
43,2003,id10_38_03,愛媛県３区,-,3,8238,5.6,藤原敏隆,,,,無,,,新,
43,2003,id10_38_04,愛媛県４区,当,1,117252,71.2,山本公一,男,1947/9/4 0:00,4,自,小,平成研,前,保守
43,2003,id10_38_04,愛媛県４区,-,3,37564,22.8,浜口金也,男,1954/2/26 0:00,,民,,,新,
43,2003,id10_38_04,愛媛県４区,-,3,9818,6,徳内厚美,,,,共,,,新,
43,2003,id10_39_01,高知県１区,当,1,43232,41.4,福井照,男,1953/12/14 0:00,2,自,堀,宏池会,前,公明・保守
43,2003,id10_39_01,高知県１区,比当,2,36333,34.8,五島正規,男,1939/3/5 0:00,,民,,,前,
43,2003,id10_39_01,高知県１区,-,3,20302,19.4,梶原守光,,,,共,,,新,
43,2003,id10_39_01,高知県１区,-,3,4531,4.3,田井肇,,,,社,,,新,
43,2003,id10_39_02,高知県２区,当,1,72504,59,中谷元,男,1957/10/14 0:00,5,自,小,平成研,前,公明・保守
43,2003,id10_39_02,高知県２区,-,3,31377,25.5,田村久美子,女,1959/3/27 0:00,,民,,,新,
43,2003,id10_39_02,高知県２区,-,3,18927,15.4,谷崎治之,男,1959/1/16 0:00,,共,,,新,
43,2003,id10_39_03,高知県３区,当,1,84287,62.7,山本有二,男,1952/5/11 0:00,5,自,高,番町研,前,公明・保守
43,2003,id10_39_03,高知県３区,-,3,33208,24.7,川添義明,,,,民,,,新,
43,2003,id10_39_03,高知県３区,-,3,16981,12.6,本多公二,男,1947/10/25 0:00,,共,,,新,
43,2003,id11_40_01,福岡県１区,当,1,92969,54.6,松本龍,男,1951/5/17 0:00,5,民,,,前,社民
43,2003,id11_40_01,福岡県１区,-,3,53611,31.5,富永泰輔,,,,自,,,新,
43,2003,id11_40_01,福岡県１区,-,3,15940,9.4,大島久代,,,,共,,,新,
43,2003,id11_40_01,福岡県１区,-,3,4179,2.5,藤本豊,男,1951/4/6 0:00,,無,,,新,
43,2003,id11_40_01,福岡県１区,-,3,3711,2.2,伊藤育子,,,,無,,,新,
43,2003,id11_40_02,福岡県２区,当,1,104620,48.7,古賀潤一郎,,,1,民,由,,新,
43,2003,id11_40_02,福岡県２区,-,3,94565,44,山崎拓,男,1936/12/11 0:00,,自,山,近未来,前,公明・保守
43,2003,id11_40_02,福岡県２区,-,3,15626,7.3,行徳收司,,,,共,,,新,
43,2003,id11_40_03,福岡県３区,当,1,101742,48,藤田一枝,女,1949/7/20 0:00,1,民,,,新,
43,2003,id11_40_03,福岡県３区,-,3,95839,45.2,太田誠一,男,1945/10/30 0:00,,自,堀,宏池会,前,公明・保守
43,2003,id11_40_03,福岡県３区,-,3,14257,6.7,中園辰信,男,1952/1/30 0:00,,共,,,新,
43,2003,id11_40_04,福岡県４区,当,1,95469,50.8,渡辺具能,男,1941/4/7 0:00,3,自,山,近未来,前,保守
43,2003,id11_40_04,福岡県４区,比当,2,79712,42.4,楢崎欣弥,男,1943/8/19 0:00,,民,,,前,
43,2003,id11_40_04,福岡県４区,-,3,12713,6.8,新留清隆,男,1955/7/28 0:00,,共,,,新,
43,2003,id11_40_05,福岡県５区,当,1,105071,48.3,原田義昭,男,1944/10/1 0:00,4,自,山,近未来,前,保守
43,2003,id11_40_05,福岡県５区,比当,2,81166,37.3,楠田大蔵,男,1975/4/20 0:00,,民,,,新,
43,2003,id11_40_05,福岡県５区,-,3,18419,8.5,松崎百合子,,,,社,,,新,
43,2003,id11_40_05,福岡県５区,-,3,12756,5.9,河内直子,女,1953/1/4 0:00,,共,,,新,
43,2003,id11_40_06,福岡県６区,当,1,108678,48.9,古賀一成,男,1947/7/30 0:00,5,民,,,元,
43,2003,id11_40_06,福岡県６区,-,3,103616,46.7,荒巻隆三,,,,自,堀,宏池会,前,公明・保守
43,2003,id11_40_06,福岡県６区,-,3,9785,4.4,中西和也,男,1942/6/21 0:00,,共,,,新,
43,2003,id11_40_07,福岡県７区,当,1,119837,63.6,古賀誠,男,1940/8/5 0:00,8,自,堀,宏池会,前,保守
43,2003,id11_40_07,福岡県７区,-,3,49262,26.1,馬場恵美子,,,,社,,,新,民主
43,2003,id11_40_07,福岡県７区,-,3,19461,10.3,大森秀久,男,1950/12/2 0:00,,共,,,新,
43,2003,id11_40_08,福岡県８区,当,1,132646,57.7,麻生太郎,男,1940/9/20 0:00,8,自,河,志公会,前,保守
43,2003,id11_40_08,福岡県８区,-,3,75879,33,大島九州男,男,1961/6/11 0:00,,民,,,新,
43,2003,id11_40_08,福岡県８区,-,3,21272,9.3,渡辺和幸,男,1959/9/27 0:00,,共,,,新,
43,2003,id11_40_09,福岡県９区,当,1,102581,45.2,北橋健治,男,1953/3/19 0:00,5,民,,,前,
43,2003,id11_40_09,福岡県９区,比当,2,99091,43.6,三原朝彦,男,1947/5/23 0:00,,自,橋,平成研,元,公明・保守
43,2003,id11_40_09,福岡県９区,-,3,25354,11.2,井上真吾,,,,共,,,新,
43,2003,id11_40_10,福岡県１０区,当,1,91974,45.2,自見庄三郎,男,1945/11/5 0:00,7,自,山,近未来,前,保守
43,2003,id11_40_10,福岡県１０区,比当,2,79735,39.2,城井崇,男,1973/6/23 0:00,,民,,,新,
43,2003,id11_40_10,福岡県１０区,-,3,31779,15.6,仁比聡平,,,,共,,,新,
43,2003,id11_40_11,福岡県１１区,当,1,78882,42.4,武田良太,男,1968/4/1 0:00,1,無,亀,,新,
43,2003,id11_40_11,福岡県１１区,-,3,62628,33.7,山本幸三,男,1948/8/8 0:00,,自,堀,宏池会,前,保守
43,2003,id11_40_11,福岡県１１区,-,3,35591,19.1,手嶋秀昭,,,,社,,,新,民主
43,2003,id11_40_11,福岡県１１区,-,3,8790,4.7,村上勝二,男,1951/10/14 0:00,,共,,,新,
43,2003,id11_41_01,佐賀県１区,当,1,70271,46.8,原口一博,男,1959/7/2 0:00,3,民,,,前,
43,2003,id11_41_01,佐賀県１区,-,3,66446,44.3,福岡資麿,男,1973/5/9 0:00,,自,,,新,公明・保守
43,2003,id11_41_01,佐賀県１区,-,3,8315,5.5,柴田久寛,,,,社,,,新,
43,2003,id11_41_01,佐賀県１区,-,3,4977,3.3,上村泰稔,男,1965/5/4 0:00,,共,,,新,
43,2003,id11_41_02,佐賀県２区,当,1,107522,82.4,今村雅弘,男,1947/1/5 0:00,3,自,橋,平成研,前,公明・保守
43,2003,id11_41_02,佐賀県２区,-,3,22898,17.6,諸田稔,,,,共,,,新,
43,2003,id11_41_03,佐賀県３区,当,1,102859,69.7,保利耕輔,男,1934/9/23 0:00,9,自,橋,平成研,前,公明・保守
43,2003,id11_41_03,佐賀県３区,-,3,36653,24.8,藤沢裕美,,,,民,,,新,
43,2003,id11_41_03,佐賀県３区,-,3,8079,5.5,宮崎正人,,,,共,,,新,
43,2003,id11_42_01,長崎県１区,当,1,106331,50.6,高木義明,男,1945/12/22 0:00,5,民,,,前,社民
43,2003,id11_42_01,長崎県１区,-,3,90857,43.3,倉成正和,,,,自,山,近未来,元,公明・保守
43,2003,id11_42_01,長崎県１区,-,3,12797,6.1,原口敏彦,男,1961/12/9 0:00,,共,,,新,
43,2003,id11_42_02,長崎県２区,当,1,126705,65.3,久間章生,男,1940/12/4 0:00,8,自,橋,平成研,前,公明・保守
43,2003,id11_42_02,長崎県２区,-,3,50772,26.2,熊江雅子,,,,社,,,新,民主
43,2003,id11_42_02,長崎県２区,-,3,16565,8.5,石丸完治,男,1949/7/9 0:00,,共,,,新,
43,2003,id11_42_03,長崎県３区,当,1,77528,50.3,谷川弥一,男,1941/8/12 0:00,1,自,森,清和会,新,公明
43,2003,id11_42_03,長崎県３区,比当,2,71099,46.2,山田正彦,男,1942/4/8 0:00,,民,由,,前,社民
43,2003,id11_42_03,長崎県３区,-,3,5374,3.5,寺田敏之,,,,共,,,新,
43,2003,id11_42_04,長崎県４区,当,1,100767,61.6,北村誠吾,男,1947/1/29 0:00,2,自,堀,宏池会,前,公明・保守
43,2003,id11_42_04,長崎県４区,-,3,53557,32.7,今川正美,男,1947/8/7 0:00,,社,,,前,民主
43,2003,id11_42_04,長崎県４区,-,3,9284,5.7,中尾武憲,,,,共,,,新,
43,2003,id11_43_01,熊本県１区,当,1,111205,54.2,松野頼久,男,1960/9/19 0:00,2,民,,,前,
43,2003,id11_43_01,熊本県１区,-,3,80111,39.1,岩下栄一,,,,自,河,志公会,元,
43,2003,id11_43_01,熊本県１区,-,3,13769,6.7,西川悦子,,,,共,,,新,
43,2003,id11_43_02,熊本県２区,当,1,95233,52.7,林田彪,男,1944/4/4 0:00,3,自,橋,平成研,前,公明・保守
43,2003,id11_43_02,熊本県２区,比当,2,75517,41.8,松野信夫,男,1951/6/2 0:00,,民,,,新,
43,2003,id11_43_02,熊本県２区,-,3,9829,5.4,前田正治,,,,共,,,新,
43,2003,id11_43_03,熊本県３区,当,1,79500,42.5,坂本哲志,男,1950/11/6 0:00,1,無,,,新,
43,2003,id11_43_03,熊本県３区,比当,2,76469,40.9,松岡利勝,男,1945/2/25 0:00,,自,亀,志帥会,前,公明・保守
43,2003,id11_43_03,熊本県３区,-,3,26317,14.1,池崎一郎,男,1952/2/23 0:00,,民,,,新,
43,2003,id11_43_03,熊本県３区,-,3,4571,2.4,福山紘史,,,,共,,,新,
43,2003,id11_43_04,熊本県４区,当,1,137428,73.6,園田博之,男,1942/2/19 0:00,6,自,小,平成研,前,公明・保守
43,2003,id11_43_04,熊本県４区,-,3,36977,19.8,森川生朗,,,,社,,,新,
43,2003,id11_43_04,熊本県４区,-,3,12262,6.6,井芹しま子,,,,共,,,新,
43,2003,id11_43_05,熊本県５区,当,1,95321,57.8,金子恭之,男,1961/2/27 0:00,2,自,山,近未来,前,公明・保守
43,2003,id11_43_05,熊本県５区,-,3,57901,35.1,後藤英友,男,1966/9/23 0:00,,民,,,新,
43,2003,id11_43_05,熊本県５区,-,3,11580,7,川上紗智子,,,,共,,,新,
43,2003,id11_44_01,大分県１区,当,1,105628,48.6,吉良州司,男,1958/3/16 0:00,1,無,,,新,民主・社民
43,2003,id11_44_01,大分県１区,比当,2,101789,46.8,衛藤晟一,男,1947/10/1 0:00,,自,亀,志帥会,元,公明・保守
43,2003,id11_44_01,大分県１区,-,3,8646,4,堤栄三,,,,共,,,新,
43,2003,id11_44_01,大分県１区,-,3,1254,0.6,染矢誠治,男,1964/11/4 0:00,,無,,,新,
43,2003,id11_44_02,大分県２区,当,1,123434,56.2,衛藤征士郎,男,1941/4/29 0:00,7,自,森,清和会,前,公明・保守
43,2003,id11_44_02,大分県２区,-,3,85666,39,重野安正,男,1941/12/1 0:00,,社,,,前,民主
43,2003,id11_44_02,大分県２区,-,3,10590,4.8,小野勝,,,,共,,,新,
43,2003,id11_44_03,大分県３区,当,1,123798,51.3,岩屋毅,男,1957/8/24 0:00,3,自,河,志公会,前,公明・保守
43,2003,id11_44_03,大分県３区,比当,2,111180,46,横光克彦,男,1943/11/4 0:00,,社,,,前,民主
43,2003,id11_44_03,大分県３区,-,3,6521,2.7,小川勉,,,,共,,,新,
43,2003,id11_45_01,宮崎県１区,当,1,99969,52.7,中山成彬,男,1943/6/7 0:00,5,自,森,清和会,前,保守
43,2003,id11_45_01,宮崎県１区,比当,2,71616,37.8,米沢隆,男,1940/1/28 0:00,,民,,,前,
43,2003,id11_45_01,宮崎県１区,-,3,9196,4.8,小城正克,,,,無,,,新,
43,2003,id11_45_01,宮崎県１区,-,3,8865,4.7,野田章夫,,,,共,,,新,
43,2003,id11_45_02,宮崎県２区,当,1,88540,43.6,江藤拓,男,1960/7/1 0:00,1,無,亀,,新,自民（自民・追加公認）
43,2003,id11_45_02,宮崎県２区,-,3,79119,39,黒木健司,男,1953/8/7 0:00,,無,,,新,自民・公明
43,2003,id11_45_02,宮崎県２区,-,3,29585,14.6,土井裕子,,,,民,,,新,
43,2003,id11_45_02,宮崎県２区,-,3,5708,2.8,内山定雄,,,,共,,,新,
43,2003,id11_45_03,宮崎県３区,当,1,118607,63.2,古川禎久,男,1965/8/3 0:00,1,無,,,新,自民・公明（自民・追加公認）
43,2003,id11_45_03,宮崎県３区,-,3,58353,31.1,持永哲志,男,1960/7/26 0:00,,無,堀,,新,自民
43,2003,id11_45_03,宮崎県３区,-,3,10801,5.8,井福美年,男,1948/12/29 0:00,,共,,,新,
43,2003,id11_46_01,鹿児島県１区,当,1,95841,52,保岡興治,男,1939/5/11 0:00,10,自,山,近未来,前,公明・保守
43,2003,id11_46_01,鹿児島県１区,比当,2,79243,43,川内博史,男,1961/11/2 0:00,,民,,,前,社民
43,2003,id11_46_01,鹿児島県１区,-,3,9359,5.1,山口陽規,男,1953/5/22 0:00,,共,,,,
43,2003,id11_46_02,鹿児島県２区,当,1,97423,49.1,徳田虎雄,,,4,自連,,,前,
43,2003,id11_46_02,鹿児島県２区,-,3,90952,45.9,園田修光,男,1957/3/13 0:00,,自,橋,平成研,元,
43,2003,id11_46_02,鹿児島県２区,-,3,9903,5,堀拓生,,,,共,,,新,
43,2003,id11_46_03,鹿児島県３区,当,1,113743,66.9,宮路和明,男,1940/11/29 0:00,5,自,森,清和会,前,保守
43,2003,id11_46_03,鹿児島県３区,-,3,45308,26.6,大園勝司,,,,民,,,新,
43,2003,id11_46_03,鹿児島県３区,-,3,11042,6.5,村山智,,,,共,,,新,
43,2003,id11_46_04,鹿児島県４区,当,1,104843,61.5,小里貞利,,,9,自,小,平成研,前,公明・保守
43,2003,id11_46_04,鹿児島県４区,-,3,59075,34.7,浜田健一,男,1950/7/21 0:00,,社,,,元,民主
43,2003,id11_46_04,鹿児島県４区,-,3,6476,3.8,川浪隆幸,,,,共,,,新,
43,2003,id11_46_05,鹿児島県５区,当,1,100851,61.6,山中貞則,,,17,自,亀,志帥会,前,公明・保守
43,2003,id11_46_05,鹿児島県５区,-,3,51885,31.7,米正剛,男,1954/7/8 0:00,,無,,,新,
43,2003,id11_46_05,鹿児島県５区,-,3,11008,6.7,茅野博,,,,共,,,新,
43,2003,id11_47_01,沖縄県１区,当,1,58330,37,白保台一,男,1942/8/3 0:00,3,公,,,前,自民・保守
43,2003,id11_47_01,沖縄県１区,-,3,52374,33.3,下地幹郎,男,1961/8/14 0:00,,無,橋,,前,
43,2003,id11_47_01,沖縄県１区,-,3,27209,17.3,島尻昇,男,1958/6/12 0:00,,民,,,新,社民
43,2003,id11_47_01,沖縄県１区,比当,2,19528,12.4,赤嶺政賢,男,1947/12/18 0:00,,共,,,前,
43,2003,id11_47_02,沖縄県２区,当,1,74123,55.4,照屋寛徳,男,1945/7/24 0:00,1,社,,,新,民主
43,2003,id11_47_02,沖縄県２区,-,3,47759,35.7,上原吉二,,,,自,,,新,公明・保守
43,2003,id11_47_02,沖縄県２区,-,3,6560,4.9,前宮徳男,,,,共,,,新,
43,2003,id11_47_02,沖縄県２区,-,3,5297,4,金城邦男,,,,無,,,新,
43,2003,id11_47_03,沖縄県３区,当,1,62975,38.5,嘉数知賢,男,1941/6/1 0:00,3,自,森,清和会,前,公明
43,2003,id11_47_03,沖縄県３区,比当,2,58931,36,東門美津子,女,1942/11/16 0:00,,社,,,前,民主
43,2003,id11_47_03,沖縄県３区,-,3,35149,21.5,国場幸之助,男,1973/1/10 0:00,,無,,,新,保守
43,2003,id11_47_03,沖縄県３区,-,3,6581,4,猪原健,男,1976/6/26 0:00,,共,,,新,
43,2003,id11_47_04,沖縄県４区,当,1,67752,54.5,西銘恒三郎,男,1954/8/7 0:00,1,自,,,新,公明
43,2003,id11_47_04,沖縄県４区,-,3,38550,31,宮国忠広,男,1962/5/3 0:00,,民,,,新,社民
43,2003,id11_47_04,沖縄県４区,-,3,18074,14.5,宮里武志,,,,共,,,新,
44,2005,id01_01_01,北海道１区,当,1,143564,45.7,横路孝弘,男,1941/1/3 0:00,9,民,,,前,
44,2005,id01_01_01,北海道１区,-,3,128166,40.8,三品孝行,男,1966/9/8 0:00,,自,,,新,
44,2005,id01_01_01,北海道１区,-,3,25481,8.1,横山博子,女,1942/8/31 0:00,,共,,,新,
44,2005,id01_01_01,北海道１区,-,3,16698,5.3,秋元正博,男,1956/9/3 0:00,,諸,,,新,
44,2005,id01_01_02,北海道２区,当,1,129357,45.3,三井辨雄,男,1942/11/24 0:00,3,民,,,前,
44,2005,id01_01_02,北海道２区,比当,2,127031,44.5,吉川貴盛,男,1950/10/20 0:00,,自,,,元,公
44,2005,id01_01_02,北海道２区,-,3,29131,10.2,金倉昌俊,男,1974/9/21 0:00,,共,,,新,
44,2005,id01_01_03,北海道３区,当,1,138765,48.4,石崎岳,男,1955/7/9 0:00,3,自,森,清和会,前,公
44,2005,id01_01_03,北海道３区,比当,2,125445,43.7,荒井聰,男,1946/5/27 0:00,,民,,,前,
44,2005,id01_01_03,北海道３区,-,3,22581,7.9,川部竜二,男,1971/9/14 0:00,,共,,,新,
44,2005,id01_01_04,北海道４区,当,1,108023,47.2,鉢呂吉雄,男,1948/1/25 0:00,6,民,,,前,
44,2005,id01_01_04,北海道４区,-,3,100170,43.8,佐藤静雄,男,1941/10/9 0:00,,自,,,元,公
44,2005,id01_01_04,北海道４区,-,3,20766,9.1,琴坂てい子,女,1935/10/7 0:00,,共,,,新,
44,2005,id01_01_05,北海道５区,当,1,173947,54.2,町村信孝,男,1944/10/17 0:00,8,自,森,清和会,前,公
44,2005,id01_01_05,北海道５区,-,3,124547,38.8,小林千代美,女,1968/12/8 0:00,,民,,,前,
44,2005,id01_01_05,北海道５区,-,3,22521,7,山崎貴裕,男,1974/5/31 0:00,,共,,,新,
44,2005,id01_01_06,北海道６区,当,1,143860,46.7,佐々木隆博,男,1949/3/10 0:00,1,民,,,新,
44,2005,id01_01_06,北海道６区,-,3,141099,45.8,金田英行,男,1942/12/30 0:00,,自,森,清和会,前,公
44,2005,id01_01_06,北海道６区,-,3,23343,7.6,田辺八郎,男,1943/7/14 0:00,,共,,,新,
44,2005,id01_01_07,北海道７区,当,1,95473,48.3,仲野博子,女,1959/3/3 0:00,2,民,,,前,
44,2005,id01_01_07,北海道７区,-,3,86924,43.9,北村直人,男,1947/7/7 0:00,,自,堀,宏池会,前,公
44,2005,id01_01_07,北海道７区,-,3,15438,7.8,村上和繁,男,1959/11/24 0:00,,共,,,新,
44,2005,id01_01_08,北海道８区,当,1,134963,49.8,金田誠一,男,1947/9/28 0:00,5,民,,,前,
44,2005,id01_01_08,北海道８区,-,3,114141,42.1,佐藤健治,男,1957/8/14 0:00,,自,,,新,
44,2005,id01_01_08,北海道８区,-,3,21891,8.1,前川一夫,男,1947/11/3 0:00,,共,,,新,
44,2005,id01_01_09,北海道９区,当,1,150050,49.3,鳩山由紀夫,男,1947/2/11 0:00,7,民,,,前,
44,2005,id01_01_09,北海道９区,-,3,131130,43.1,岩倉博文,男,1950/1/15 0:00,,自,橋,平成研,元,公
44,2005,id01_01_09,北海道９区,-,3,23400,7.7,佐藤昭子,女,1943/4/23 0:00,,共,,,新,
44,2005,id01_01_10,北海道１０区,当,1,109422,40.9,小平忠正,男,1942/3/18 0:00,6,民,,,前,
44,2005,id01_01_10,北海道１０区,-,3,78604,29.4,山下貴史,男,1952/10/24 0:00,,無,自,,前,
44,2005,id01_01_10,北海道１０区,比当,2,62100,23.2,飯島夕雁,女,1964/5/19 0:00,,自,,,新,
44,2005,id01_01_10,北海道１０区,-,3,17617,6.6,谷建夫,男,1943/2/25 0:00,,共,,,新,
44,2005,id01_01_11,北海道１１区,当,1,107056,51.5,中川昭一,男,1953/7/19 0:00,8,自,亀,志帥会,前,公
44,2005,id01_01_11,北海道１１区,-,3,84626,40.7,石川知裕,男,1973/6/18 0:00,,民,,,新,
44,2005,id01_01_11,北海道１１区,-,3,16145,7.8,長谷部昭夫,男,1944/4/8 0:00,,共,,,新,
44,2005,id01_01_12,北海道１２区,当,1,124465,51.6,武部勤,男,1941/5/1 0:00,7,自,山,近未来,前,公
44,2005,id01_01_12,北海道１２区,比当,2,101835,42.2,松木謙公,男,1959/2/22 0:00,,民,,,前,
44,2005,id01_01_12,北海道１２区,-,3,14882,6.2,菅原誠,男,1973/7/31 0:00,,共,,,新,
44,2005,id02_02_01,青森県１区,当,1,94072,40.4,津島雄二,男,1930/1/24 0:00,11,自,橋,平成研,前,公
44,2005,id02_02_01,青森県１区,比当,2,79323,34.1,横山北斗,男,1963/10/25 0:00,,民,,,新,
44,2005,id02_02_01,青森県１区,-,3,26380,11.3,升田世喜男,男,1957/6/5 0:00,,無,,,新,
44,2005,id02_02_01,青森県１区,-,3,12636,5.4,渋谷哲一,男,1961/9/28 0:00,,無,,,新,
44,2005,id02_02_01,青森県１区,-,3,11521,4.9,仲谷良子,女,1940/7/20 0:00,,社,,,新,
44,2005,id02_02_01,青森県１区,-,3,8832,3.8,高柳博明,男,1969/11/26 0:00,,共,,,新,
44,2005,id02_02_02,青森県２区,当,1,89887,58.3,江渡聡徳,男,1955/10/12 0:00,3,自,高,番町研,前,公
44,2005,id02_02_02,青森県２区,-,3,46124,29.9,中村友信,男,1955/3/16 0:00,,民,,,新,
44,2005,id02_02_02,青森県２区,-,3,13327,8.6,木下千代治,男,1933/1/5 0:00,,社,,,新,
44,2005,id02_02_02,青森県２区,-,3,4941,3.2,市川俊光,男,1959/9/11 0:00,,共,,,新,
44,2005,id02_02_03,青森県３区,当,1,90925,53.1,大島理森,男,1946/9/6 0:00,8,自,高,番町研,前,公
44,2005,id02_02_03,青森県３区,比当,2,73846,43.1,田名部匡代,女,1969/7/10 0:00,,民,,,元,
44,2005,id02_02_03,青森県３区,-,3,6450,3.8,松橋三夫,男,1949/7/14 0:00,,共,,,新,
44,2005,id02_02_04,青森県４区,当,1,113704,55.9,木村太郎,男,1965/7/20 0:00,4,自,森,清和会,前,公
44,2005,id02_02_04,青森県４区,-,3,41489,20.4,渋谷修,男,1950/7/1 0:00,,民,,,元,
44,2005,id02_02_04,青森県４区,-,3,38027,18.7,津島恭一,男,1954/2/4 0:00,,国,自,,前,
44,2005,id02_02_04,青森県４区,-,3,10222,5,船水奐彦,男,1946/4/23 0:00,,共,,,新,
44,2005,id02_03_01,岩手県１区,当,1,95109,51.7,達増拓也,男,1964/6/10 0:00,4,民,,,前,
44,2005,id02_03_01,岩手県１区,-,3,65187,35.4,及川敦,男,1967/8/11 0:00,,自,堀,宏池会,新,公
44,2005,id02_03_01,岩手県１区,-,3,14050,7.6,細川光正,男,1949/2/6 0:00,,社,,,新,
44,2005,id02_03_01,岩手県１区,-,3,9659,5.2,神部伸也,男,1974/8/2 0:00,,共,,,新,
44,2005,id02_03_02,岩手県２区,当,1,116448,55.3,鈴木俊一,男,1953/4/13 0:00,6,自,堀,宏池会,前,公
44,2005,id02_03_02,岩手県２区,-,3,94095,44.7,畑浩治,男,1963/9/28 0:00,,民,,,新,
44,2005,id02_03_03,岩手県３区,当,1,102477,55.1,黄川田徹,男,1953/10/14 0:00,3,民,,,前,
44,2005,id02_03_03,岩手県３区,-,3,69817,37.5,橋本英教,男,1967/8/28 0:00,,自,,,新,公
44,2005,id02_03_03,岩手県３区,-,3,13816,7.4,菊池幸夫,男,1959/1/3 0:00,,共,,,新,
44,2005,id02_03_04,岩手県４区,当,1,124578,59.9,小沢一郎,男,1942/5/24 0:00,13,民,,,前,
44,2005,id02_03_04,岩手県４区,比当,2,48093,23.1,玉沢徳一郎,男,1937/12/16 0:00,,自,森,清和会,前,公
44,2005,id02_03_04,岩手県４区,-,3,23727,11.4,久保孝喜,男,1953/12/21 0:00,,社,,,新,
44,2005,id02_03_04,岩手県４区,-,3,11420,5.5,高橋綱記,男,1947/12/5 0:00,,共,,,新,
44,2005,id02_04_01,宮城県１区,当,1,117236,47.3,土井亨,男,1958/8/12 0:00,1,自,,,新,公
44,2005,id02_04_01,宮城県１区,比当,2,115264,46.5,郡和子,女,1957/3/31 0:00,,民,,,新,
44,2005,id02_04_01,宮城県１区,-,3,15470,6.2,角野達也,男,1959/1/3 0:00,,共,,,新,
44,2005,id02_04_02,宮城県２区,当,1,130257,52.8,秋葉賢也,男,1962/7/3 0:00,2,自,,,前,公
44,2005,id02_04_02,宮城県２区,-,3,98645,40,門間由記子,女,1974/10/11 0:00,,民,,,新,
44,2005,id02_04_02,宮城県２区,-,3,17906,7.3,五島平,男,1951/3/8 0:00,,共,,,新,
44,2005,id02_04_03,宮城県３区,当,1,98269,52.3,西村明宏,男,1960/7/16 0:00,2,自,森,清和会,前,公
44,2005,id02_04_03,宮城県３区,-,3,78503,41.8,橋本清仁,男,1971/5/8 0:00,,民,,,前,
44,2005,id02_04_03,宮城県３区,-,3,11256,6,高橋光二,男,1951/2/12 0:00,,共,,,新,
44,2005,id02_04_04,宮城県４区,当,1,114245,54.5,伊藤信太郎,男,1953/5/6 0:00,3,自,高,番町研,前,公
44,2005,id02_04_04,宮城県４区,-,3,78627,37.5,石山敬貴,男,1969/12/18 0:00,,民,,,新,
44,2005,id02_04_04,宮城県４区,-,3,16584,7.9,高橋卓也,男,1955/11/12 0:00,,共,,,新,
44,2005,id02_04_05,宮城県５区,当,1,78205,50.7,安住淳,男,1962/1/17 0:00,4,民,,,前,
44,2005,id02_04_05,宮城県５区,-,3,68485,44.4,斎藤正美,男,1954/12/19 0:00,,自,,,新,公
44,2005,id02_04_05,宮城県５区,-,3,7691,5,高野博,男,1943/4/19 0:00,,共,,,新,
44,2005,id02_04_06,宮城県６区,当,1,100359,63.5,小野寺五典,男,1960/5/5 0:00,3,自,堀,宏池会,前,公
44,2005,id02_04_06,宮城県６区,比当,2,49263,31.2,菅野哲雄,男,1948/10/22 0:00,,社,,,元,
44,2005,id02_04_06,宮城県６区,-,3,8354,5.3,近江寿,男,1942/5/7 0:00,,共,,,新,
44,2005,id02_05_01,秋田県１区,当,1,77135,44.4,寺田学,男,1976/9/20 0:00,2,民,,,前,
44,2005,id02_05_01,秋田県１区,比当,2,68526,39.4,二田孝治,男,1938/5/4 0:00,,自,堀,宏池会,前,公
44,2005,id02_05_01,秋田県１区,-,3,14751,8.5,石川錬治郎,男,1939/6/22 0:00,,国,,,新,
44,2005,id02_05_01,秋田県１区,-,3,13334,7.7,今川和信,男,1964/9/27 0:00,,共,,,新,
44,2005,id02_05_02,秋田県２区,当,1,80974,37.6,野呂田芳成,男,1929/10/25 0:00,8,無,自,,前,
44,2005,id02_05_02,秋田県２区,-,3,53555,24.9,小野貴樹,男,1971/5/26 0:00,,自,,,新,
44,2005,id02_05_02,秋田県２区,-,3,45020,20.9,佐々木重人,男,1969/11/23 0:00,,民,,,新,
44,2005,id02_05_02,秋田県２区,-,3,28131,13.1,山本喜代宏,男,1955/11/11 0:00,,社,,,前,
44,2005,id02_05_02,秋田県２区,-,3,7606,3.5,藤本金治,男,1946/8/20 0:00,,共,,,新,
44,2005,id02_05_03,秋田県３区,当,1,114228,41.3,御法川信英,男,1964/5/25 0:00,2,自,,,前,公
44,2005,id02_05_03,秋田県３区,-,3,82480,29.8,京野公子,女,1949/12/25 0:00,,民,,,新,
44,2005,id02_05_03,秋田県３区,-,3,79759,28.8,村岡敏英,男,1960/7/25 0:00,,無,,,新,
44,2005,id02_06_01,山形県１区,当,1,125774,56.4,遠藤利明,男,1950/1/17 0:00,4,自,小,平成研,前,公
44,2005,id02_06_01,山形県１区,-,3,86755,38.9,鹿野道彦,男,1942/1/24 0:00,,民,,,前,
44,2005,id02_06_01,山形県１区,-,3,10536,4.7,石川渉,男,1973/12/13 0:00,,共,,,新,
44,2005,id02_06_02,山形県２区,当,1,142342,54.8,遠藤武彦,男,1938/10/5 0:00,6,自,山,近未来,前,公
44,2005,id02_06_02,山形県２区,比当,2,117211,45.2,近藤洋介,男,1965/5/19 0:00,,民,,,前,
44,2005,id02_06_03,山形県３区,当,1,159486,69.6,加藤紘一,男,1939/6/17 0:00,12,自,小,平成研,前,公
44,2005,id02_06_03,山形県３区,-,3,49057,21.4,伊藤オノ一,男,1947/8/7 0:00,,社,,,新,
44,2005,id02_06_03,山形県３区,-,3,20657,9,佐藤雅之,男,1972/9/22 0:00,,共,,,新,
44,2005,id02_07_01,福島県１区,当,1,171507,56.8,亀岡偉民,男,1955/9/10 0:00,1,自,森,清和会,新,公
44,2005,id02_07_01,福島県１区,-,3,109795,36.4,石原信市郎,男,1967/1/19 0:00,,民,,,新,
44,2005,id02_07_01,福島県１区,-,3,20412,6.8,山田裕,男,1954/12/6 0:00,,共,,,新,
44,2005,id02_07_02,福島県２区,当,1,125447,52.8,根本匠,男,1951/3/7 0:00,5,自,堀,宏池会,前,公
44,2005,id02_07_02,福島県２区,-,3,100949,42.5,増子輝彦,男,1947/10/8 0:00,,民,,,前,
44,2005,id02_07_02,福島県２区,-,3,11221,4.7,佐藤克朗,男,1955/2/9 0:00,,共,,,新,
44,2005,id02_07_03,福島県３区,当,1,143850,68.6,玄葉光一郎,男,1964/5/20 0:00,5,民,,,前,
44,2005,id02_07_03,福島県３区,-,3,65996,31.4,蓮実進,男,1933/2/12 0:00,,自,森,清和会,前,公
44,2005,id02_07_04,福島県４区,当,1,91440,48.5,渡部恒三,男,1932/5/24 0:00,13,民,無会,,前,
44,2005,id02_07_04,福島県４区,比当,2,84803,45,渡部篤,男,1952/4/12 0:00,,自,橋,平成研,新,公
44,2005,id02_07_04,福島県４区,-,3,12356,6.6,原田俊広,男,1959/8/8 0:00,,共,,,新,
44,2005,id02_07_05,福島県５区,当,1,112808,47.6,吉野正芳,男,1948/8/8 0:00,3,自,森,清和会,前,公
44,2005,id02_07_05,福島県５区,比当,2,92935,39.2,吉田泉,男,1949/2/26 0:00,,民,,,前,
44,2005,id02_07_05,福島県５区,-,3,18783,7.9,吉田英策,男,1958/12/21 0:00,,共,,,新,
44,2005,id02_07_05,福島県５区,-,3,12345,5.2,鈴木工,男,1944/3/23 0:00,,国,,,新,
44,2005,id03_08_01,茨城県１区,当,1,144499,58.3,赤城徳彦,男,1959/4/18 0:00,6,自,高,番町研,前,公
44,2005,id03_08_01,茨城県１区,-,3,86999,35.1,福島伸享,男,1970/8/8 0:00,,民,,,新,
44,2005,id03_08_01,茨城県１区,-,3,16476,6.6,田谷武夫,男,1951/8/4 0:00,,共,,,新,
44,2005,id03_08_02,茨城県２区,当,1,138728,64.7,額賀福志郎,男,1944/1/11 0:00,8,自,橋,平成研,前,公
44,2005,id03_08_02,茨城県２区,-,3,65268,30.5,小林誠,男,1978/4/13 0:00,,民,,,新,
44,2005,id03_08_02,茨城県２区,-,3,10259,4.8,高原努,男,1949/12/27 0:00,,共,,,新,
44,2005,id03_08_03,茨城県３区,当,1,113977,46.8,葉梨康弘,男,1959/10/12 0:00,2,自,堀,宏池会,前,公
44,2005,id03_08_03,茨城県３区,-,3,82841,34,小泉俊明,男,1957/4/26 0:00,,民,,,前,
44,2005,id03_08_03,茨城県３区,-,3,29416,12.1,中山一生,男,1962/11/13 0:00,,無,自,,新,
44,2005,id03_08_03,茨城県３区,-,3,11859,4.9,上野高志,男,1964/9/24 0:00,,共,,,新,
44,2005,id03_08_03,茨城県３区,-,3,5344,2.2,猿田玲,女,1977/10/3 0:00,,社,,,新,
44,2005,id03_08_04,茨城県４区,当,1,122200,63.2,梶山弘志,男,1955/10/18 0:00,3,自,,,前,公
44,2005,id03_08_04,茨城県４区,-,3,59941,31,高野守,男,1959/7/22 0:00,,民,,,新,
44,2005,id03_08_04,茨城県４区,-,3,11212,5.8,川崎篤子,女,1953/1/19 0:00,,共,,,新,
44,2005,id03_08_05,茨城県５区,当,1,74753,49.4,大畠章宏,男,1947/10/5 0:00,6,民,,,前,
44,2005,id03_08_05,茨城県５区,比当,2,70098,46.3,岡部英明,男,1959/3/31 0:00,,自,森,清和会,新,
44,2005,id03_08_05,茨城県５区,-,3,6511,4.3,藤田邦良,男,1951/2/3 0:00,,共,,,新,
44,2005,id03_08_06,茨城県６区,当,1,141212,56.6,丹羽雄哉,男,1944/4/20 0:00,10,自,堀,宏池会,前,公
44,2005,id03_08_06,茨城県６区,-,3,76798,30.8,川口良治,男,1965/5/30 0:00,,民,,,新,
44,2005,id03_08_06,茨城県６区,-,3,16769,6.7,桜井よう子,女,1942/2/1 0:00,,無,,,新,
44,2005,id03_08_06,茨城県６区,-,3,14680,5.9,塚本武志,男,1943/9/24 0:00,,共,,,新,
44,2005,id03_08_07,茨城県７区,当,1,89099,42.1,中村喜四郎,男,1949/4/10 0:00,10,無,,,元,
44,2005,id03_08_07,茨城県７区,比当,2,81230,38.4,永岡桂子,女,1953/12/8 0:00,,自,,,新,公
44,2005,id03_08_07,茨城県７区,-,3,33266,15.7,五十嵐弘子,女,1944/5/3 0:00,,民,,,新,
44,2005,id03_08_07,茨城県７区,-,3,7854,3.7,稲葉修敏,男,1962/3/18 0:00,,共,,,新,
44,2005,id03_09_01,栃木県１区,当,1,141868,55.4,船田元,男,1953/11/22 0:00,9,自,橋,平成研,前,公
44,2005,id03_09_01,栃木県１区,-,3,103757,40.5,水島広子,女,1968/3/21 0:00,,民,,,前,
44,2005,id03_09_01,栃木県１区,-,3,10301,4,野村節子,女,1953/2/3 0:00,,共,,,新,
44,2005,id03_09_02,栃木県２区,当,1,99115,53.3,森山真弓,女,1927/11/7 0:00,4,自,高,番町研,前,公
44,2005,id03_09_02,栃木県２区,比当,2,86818,46.7,福田昭夫,男,1948/4/17 0:00,,民,,,新,
44,2005,id03_09_03,栃木県３区,当,1,98889,64,渡辺喜美,男,1952/3/17 0:00,4,自,,,前,公
44,2005,id03_09_03,栃木県３区,-,3,41776,27,小林隆,男,1963/1/25 0:00,,民,,,新,
44,2005,id03_09_03,栃木県３区,-,3,6346,4.1,山口睦子,女,1947/7/17 0:00,,社,,,新,
44,2005,id03_09_03,栃木県３区,-,3,5905,3.8,槙昌三,男,1943/9/13 0:00,,共,,,新,
44,2005,id03_09_03,栃木県３区,-,3,1618,1,斎藤進,男,1943/6/27 0:00,,無,,,新,
44,2005,id03_09_04,栃木県４区,当,1,140304,54.2,佐藤勉,男,1952/6/20 0:00,4,自,小,平成研,前,公
44,2005,id03_09_04,栃木県４区,比当,2,108473,41.9,山岡賢次,男,1943/4/25 0:00,,民,,,前,
44,2005,id03_09_04,栃木県４区,-,3,9900,3.8,山崎寿彦,男,1952/10/29 0:00,,共,,,新,
44,2005,id03_09_05,栃木県５区,当,1,125773,68.9,茂木敏充,男,1955/10/7 0:00,5,自,橋,平成研,前,公
44,2005,id03_09_05,栃木県５区,-,3,56680,31.1,富岡芳忠,男,1966/10/24 0:00,,民,,,新,
44,2005,id03_10_01,群馬県１区,当,1,136920,55.8,佐田玄一郎,男,1952/12/22 0:00,6,自,橋,平成研,前,公
44,2005,id03_10_01,群馬県１区,-,3,78544,32,高橋仁,男,1964/11/24 0:00,,民,,,新,
44,2005,id03_10_01,群馬県１区,-,3,18578,7.6,近藤好枝,女,1957/1/11 0:00,,共,,,新,
44,2005,id03_10_01,群馬県１区,-,3,11233,4.6,土屋富久,男,1937/5/12 0:00,,社,,,新,
44,2005,id03_10_02,群馬県２区,当,1,99919,47.3,笹川尭,男,1935/10/5 0:00,7,自,橋,平成研,前,公
44,2005,id03_10_02,群馬県２区,比当,2,98497,46.6,石関貴史,男,1972/2/18 0:00,,民,自,,新,
44,2005,id03_10_02,群馬県２区,-,3,12832,6.1,藤掛順恒,男,1946/5/24 0:00,,共,,,新,
44,2005,id03_10_03,群馬県３区,当,1,111034,58.1,谷津義男,男,1934/7/23 0:00,7,自,亀,志帥会,前,公
44,2005,id03_10_03,群馬県３区,-,3,69734,36.5,柿沼正明,男,1965/9/26 0:00,,民,,,新,
44,2005,id03_10_03,群馬県３区,-,3,10444,5.5,小菅啓司,男,1950/12/8 0:00,,共,,,新,
44,2005,id03_10_04,群馬県４区,当,1,118517,62.8,福田康夫,男,1936/7/16 0:00,6,自,森,清和会,前,公
44,2005,id03_10_04,群馬県４区,-,3,56364,29.9,中島政希,男,1953/8/13 0:00,,民,,,新,
44,2005,id03_10_04,群馬県４区,-,3,13809,7.3,酒井悦夫,男,1954/8/15 0:00,,共,,,新,
44,2005,id03_10_05,群馬県５区,当,1,144782,67.8,小渕優子,女,1973/12/11 0:00,3,自,橋,平成研,前,公
44,2005,id03_10_05,群馬県５区,-,3,52394,24.6,田島国彦,男,1969/5/27 0:00,,民,,,新,
44,2005,id03_10_05,群馬県５区,-,3,16234,7.6,福田あい子,女,1952/12/18 0:00,,共,,,新,
44,2005,id03_11_01,埼玉県１区,当,1,115262,44.2,武正公一,男,1961/3/23 0:00,3,民,,,前,
44,2005,id03_11_01,埼玉県１区,比当,2,112340,43.1,金子善次郎,男,1943/9/24 0:00,,自,二,志帥会,元,公
44,2005,id03_11_01,埼玉県１区,-,3,19319,7.4,伊藤岳,男,1960/3/6 0:00,,共,,,新,
44,2005,id03_11_01,埼玉県１区,-,3,13869,5.3,池田万佐代,女,1958/12/9 0:00,,社,,,新,
44,2005,id03_11_02,埼玉県２区,当,1,138376,51.8,新藤義孝,男,1958/1/20 0:00,3,自,橋,平成研,元,
44,2005,id03_11_02,埼玉県２区,-,3,105080,39.3,石田勝之,男,1955/1/30 0:00,,民,,,前,
44,2005,id03_11_02,埼玉県２区,-,3,23657,8.9,池田伸宏,男,1972/12/4 0:00,,共,,,新,
44,2005,id03_11_03,埼玉県３区,当,1,140010,51.3,今井宏,男,1941/7/15 0:00,4,自,堀,宏池会,前,公
44,2005,id03_11_03,埼玉県３区,比当,2,109816,40.3,細川律夫,男,1943/8/8 0:00,,民,,,前,
44,2005,id03_11_03,埼玉県３区,-,3,22912,8.4,松沢勇,男,1947/5/14 0:00,,共,,,新,
44,2005,id03_11_04,埼玉県４区,当,1,103366,48.8,早川忠孝,男,1945/9/4 0:00,2,自,森,清和会,前,公
44,2005,id03_11_04,埼玉県４区,比当,2,86229,40.7,神風英男,男,1961/10/10 0:00,,民,,,前,
44,2005,id03_11_04,埼玉県４区,-,3,22322,10.5,桜井晴子,女,1956/7/27 0:00,,共,,,新,
44,2005,id03_11_05,埼玉県５区,当,1,103014,48.7,枝野幸男,男,1964/5/31 0:00,5,民,,,前,
44,2005,id03_11_05,埼玉県５区,比当,2,91472,43.2,牧原秀樹,男,1971/6/4 0:00,,自,,,新,公
44,2005,id03_11_05,埼玉県５区,-,3,17140,8.1,松下裕,男,1945/4/7 0:00,,共,,,新,
44,2005,id03_11_06,埼玉県６区,当,1,123159,45.6,大島敦,男,1956/12/21 0:00,3,民,,,前,
44,2005,id03_11_06,埼玉県６区,比当,2,121665,45.1,中根一幸,男,1969/7/11 0:00,,自,,,新,公
44,2005,id03_11_06,埼玉県６区,-,3,25014,9.3,元山佳与子,女,1959/1/25 0:00,,共,,,新,
44,2005,id03_11_07,埼玉県７区,当,1,122274,48.8,中野清,男,1936/1/1 0:00,4,自,亀,志帥会,前,公
44,2005,id03_11_07,埼玉県７区,比当,2,106542,42.5,小宮山泰子,女,1965/4/25 0:00,,民,,,前,
44,2005,id03_11_07,埼玉県７区,-,3,21895,8.7,本山修一,男,1948/1/27 0:00,,共,,,新,
44,2005,id03_11_08,埼玉県８区,当,1,115223,52.5,柴山昌彦,男,1965/12/5 0:00,2,自,森,清和会,前,公
44,2005,id03_11_08,埼玉県８区,-,3,76354,34.8,木下厚,男,1944/8/16 0:00,,民,,,元,
44,2005,id03_11_08,埼玉県８区,比当,2,27783,12.7,塩川鉄也,男,1961/12/18 0:00,,共,,,前,
44,2005,id03_11_09,埼玉県９区,当,1,139211,53.8,大野松茂,男,1936/1/15 0:00,4,自,森,清和会,前,公
44,2005,id03_11_09,埼玉県９区,-,3,97348,37.6,五十嵐文彦,男,1948/11/2 0:00,,民,,,前,
44,2005,id03_11_09,埼玉県９区,-,3,22312,8.6,辻源巳,男,1971/9/22 0:00,,共,,,新,
44,2005,id03_11_10,埼玉県１０区,当,1,117477,55,山口泰明,男,1948/11/10 0:00,4,自,橋,平成研,前,公
44,2005,id03_11_10,埼玉県１０区,-,3,78578,36.8,松崎哲久,男,1950/4/14 0:00,,民,,,前,
44,2005,id03_11_10,埼玉県１０区,-,3,17670,8.3,梅沢永治,男,1949/2/27 0:00,,共,,,新,
44,2005,id03_11_11,埼玉県１１区,当,1,97928,40.1,新井悦二,男,1957/9/4 0:00,1,自,,,新,公
44,2005,id03_11_11,埼玉県１１区,-,3,93008,38.1,小泉龍司,男,1952/9/17 0:00,,無,自,,前,
44,2005,id03_11_11,埼玉県１１区,-,3,36119,14.8,八木昭次,男,1971/3/27 0:00,,民,,,新,
44,2005,id03_11_11,埼玉県１１区,-,3,16910,6.9,柿沼綾子,女,1952/9/26 0:00,,共,,,新,
44,2005,id03_11_12,埼玉県１２区,当,1,129783,56,小島敏男,男,1939/11/11 0:00,4,自,亀,志帥会,前,公
44,2005,id03_11_12,埼玉県１２区,-,3,84705,36.5,本多平直,男,1964/12/2 0:00,,民,,,前,
44,2005,id03_11_12,埼玉県１２区,-,3,17270,7.5,鈴木千賀子,女,1955/6/11 0:00,,共,,,新,
44,2005,id03_11_13,埼玉県１３区,当,1,124494,54.1,土屋品子,女,1952/2/9 0:00,4,自,,,前,公
44,2005,id03_11_13,埼玉県１３区,-,3,85619,37.2,武山百合子,女,1947/9/5 0:00,,民,,,前,
44,2005,id03_11_13,埼玉県１３区,-,3,19928,8.7,赤岸雅治,男,1961/3/15 0:00,,共,,,新,
44,2005,id03_11_14,埼玉県１４区,当,1,128642,53.1,三ツ林隆志,男,1953/7/5 0:00,3,自,森,清和会,前,公
44,2005,id03_11_14,埼玉県１４区,-,3,92584,38.2,中野譲,男,1967/1/7 0:00,,民,,,前,
44,2005,id03_11_14,埼玉県１４区,-,3,20964,8.7,苗村光雄,男,1956/1/14 0:00,,共,,,新,
44,2005,id03_11_15,埼玉県１５区,当,1,106961,49,田中良生,男,1963/11/11 0:00,1,自,,,新,公
44,2005,id03_11_15,埼玉県１５区,比当,2,85276,39.1,高山智司,男,1970/4/20 0:00,,民,,,前,
44,2005,id03_11_15,埼玉県１５区,-,3,22091,10.1,村主明子,女,1971/10/16 0:00,,共,,,新,
44,2005,id03_11_15,埼玉県１５区,-,3,3957,1.8,山口節生,男,1949/9/26 0:00,,無,,,新,
44,2005,id04_12_01,千葉県１区,当,1,124292,51.1,臼井日出男,男,1939/1/3 0:00,8,自,高,番町研,元,公
44,2005,id04_12_01,千葉県１区,比当,2,105459,43.4,田嶋要,男,1961/9/22 0:00,,民,,,前,
44,2005,id04_12_01,千葉県１区,-,3,13443,5.5,佐々木友樹,男,1979/8/15 0:00,,共,,,新,
44,2005,id04_12_02,千葉県２区,当,1,124261,46.9,山中アキ子,女,1945/11/6 0:00,2,自,,,元,公
44,2005,id04_12_02,千葉県２区,比当,2,112943,42.6,永田寿康,男,1969/9/2 0:00,,民,,,前,
44,2005,id04_12_02,千葉県２区,-,3,16497,6.2,佐藤健,男,1948/8/18 0:00,,共,,,新,
44,2005,id04_12_02,千葉県２区,-,3,8772,3.3,若松繁男,男,1941/3/12 0:00,,社,,,新,
44,2005,id04_12_02,千葉県２区,-,3,2401,0.9,脇本和夫,男,1942/3/1 0:00,,無,,,新,
44,2005,id04_12_03,千葉県３区,当,1,108937,53.2,松野博一,男,1962/9/13 0:00,3,自,森,清和会,前,公
44,2005,id04_12_03,千葉県３区,-,3,85707,41.9,岡島一正,男,1957/11/3 0:00,,民,,,前,
44,2005,id04_12_03,千葉県３区,-,3,9957,4.9,金野光政,男,1948/1/1 0:00,,共,,,新,
44,2005,id04_12_04,千葉県４区,当,1,129834,44.9,野田佳彦,男,1957/5/20 0:00,4,民,,,前,
44,2005,id04_12_04,千葉県４区,比当,2,128890,44.6,藤田幹雄,男,1968/10/11 0:00,,自,,,新,公
44,2005,id04_12_04,千葉県４区,-,3,24138,8.3,仁木利則,男,1952/1/4 0:00,,共,,,新,
44,2005,id04_12_04,千葉県４区,-,3,6311,2.2,永野耕士,男,1948/2/3 0:00,,無,,,新,
44,2005,id04_12_05,千葉県５区,当,1,132691,54.1,薗浦健太郎,男,1972/6/3 0:00,1,自,河,志公会,新,公
44,2005,id04_12_05,千葉県５区,-,3,94528,38.5,村越祐民,男,1974/2/13 0:00,,民,,,前,
44,2005,id04_12_05,千葉県５区,-,3,18227,7.4,師岡徹,男,1974/11/12 0:00,,共,,,新,
44,2005,id04_12_06,千葉県６区,当,1,112397,52.9,渡辺博道,男,1950/8/3 0:00,4,自,橋,平成研,前,公
44,2005,id04_12_06,千葉県６区,-,3,82636,38.9,生方幸夫,男,1947/10/31 0:00,,民,,,前,
44,2005,id04_12_06,千葉県６区,-,3,17323,8.2,高橋妙子,女,1944/1/23 0:00,,共,,,新,
44,2005,id04_12_07,千葉県７区,当,1,118801,49.1,松本和巳,男,1965/2/27 0:00,1,自,森,清和会,新,公
44,2005,id04_12_07,千葉県７区,比当,2,104630,43.2,内山晃,男,1954/3/3 0:00,,民,,,前,
44,2005,id04_12_07,千葉県７区,-,3,18658,7.7,徳増記代子,女,1953/1/5 0:00,,共,,,新,
44,2005,id04_12_08,千葉県８区,当,1,128659,51.9,桜田義孝,男,1949/12/20 0:00,4,自,橋,平成研,前,公
44,2005,id04_12_08,千葉県８区,-,3,99204,40,松崎公昭,男,1943/9/8 0:00,,民,,,前,
44,2005,id04_12_08,千葉県８区,-,3,16588,6.7,高橋敏,男,1956/12/6 0:00,,共,,,新,
44,2005,id04_12_08,千葉県８区,-,3,3614,1.5,今井洋一,男,1958/8/24 0:00,,無,,,新,
44,2005,id04_12_09,千葉県９区,当,1,140838,56.9,水野賢一,男,1966/7/21 0:00,4,自,,,前,公
44,2005,id04_12_09,千葉県９区,-,3,79514,32.1,須藤浩,男,1957/7/6 0:00,,民,,,前,
44,2005,id04_12_09,千葉県９区,-,3,16307,6.6,小倉忠平,男,1961/7/15 0:00,,共,,,新,
44,2005,id04_12_09,千葉県９区,-,3,10746,4.3,中原英雄,男,1940/5/9 0:00,,国,,,新,
44,2005,id04_12_10,千葉県１０区,当,1,128174,56.3,林幹雄,男,1947/1/3 0:00,5,自,山,近未来,前,公
44,2005,id04_12_10,千葉県１０区,-,3,89183,39.2,谷田川元,男,1963/1/17 0:00,,民,,,新,
44,2005,id04_12_10,千葉県１０区,-,3,10414,4.6,坂本弘毅,男,1944/5/13 0:00,,共,,,新,
44,2005,id04_12_11,千葉県１１区,当,1,145176,62.6,森英介,男,1948/8/31 0:00,6,自,河,志公会,前,公
44,2005,id04_12_11,千葉県１１区,-,3,70589,30.5,土屋正秀,男,1966/8/9 0:00,,民,,,新,
44,2005,id04_12_11,千葉県１１区,-,3,15968,6.9,小林周二,男,1945/1/30 0:00,,共,,,新,
44,2005,id04_12_12,千葉県１２区,当,1,143780,57.6,浜田靖一,男,1955/10/21 0:00,5,自,,,前,公
44,2005,id04_12_12,千葉県１２区,-,3,92611,37.1,青木愛,女,1965/8/18 0:00,,民,,,前,
44,2005,id04_12_12,千葉県１２区,-,3,13129,5.3,鴨志田安代,男,1955/8/17 0:00,,共,,,新,
44,2005,id04_12_13,千葉県１３区,当,1,106994,54.4,実川幸夫,男,1943/10/14 0:00,5,自,堀,宏池会,前,公
44,2005,id04_12_13,千葉県１３区,-,3,75909,38.6,若井康彦,男,1946/3/1 0:00,,民,,,前,
44,2005,id04_12_13,千葉県１３区,-,3,13756,7,井野長英,男,1972/6/9 0:00,,共,,,新,
44,2005,id04_14_01,神奈川県１区,当,1,161702,58.3,松本純,男,1950/4/11 0:00,3,自,河,志公会,前,
44,2005,id04_14_01,神奈川県１区,-,3,95601,34.4,佐藤謙一郎,男,1947/3/8 0:00,,民,,,前,
44,2005,id04_14_01,神奈川県１区,-,3,20216,7.3,高山修,男,1955/12/3 0:00,,共,,,新,
44,2005,id04_14_02,神奈川県２区,当,1,160111,58.4,菅義偉,男,1948/12/6 0:00,4,自,堀,宏池会,前,
44,2005,id04_14_02,神奈川県２区,-,3,91723,33.5,大出彰,男,1950/11/19 0:00,,民,,,前,
44,2005,id04_14_02,神奈川県２区,-,3,22284,8.1,板谷みや子,女,1943/11/23 0:00,,共,,,新,
44,2005,id04_14_03,神奈川県３区,当,1,131831,53.2,小此木八郎,男,1965/6/22 0:00,5,自,,,前,
44,2005,id04_14_03,神奈川県３区,-,3,76625,30.9,加藤尚彦,男,1937/3/31 0:00,,民,,,前,
44,2005,id04_14_03,神奈川県３区,-,3,21810,8.8,大谷務,男,1949/12/11 0:00,,共,,,新,
44,2005,id04_14_03,神奈川県３区,-,3,12537,5.1,河野敏久,男,1956/11/11 0:00,,日,,,新,自連
44,2005,id04_14_03,神奈川県３区,-,3,5007,2,山下浩一郎,男,1952/4/7 0:00,,無,,,新,
44,2005,id04_14_04,神奈川県４区,当,1,119618,52.5,林潤,男,1972/10/23 0:00,1,自,,,新,公
44,2005,id04_14_04,神奈川県４区,-,3,78326,34.4,大石尚子,女,1936/8/26 0:00,,民,,,前,
44,2005,id04_14_04,神奈川県４区,-,3,15961,7,高野良裕,男,1948/1/23 0:00,,日,,,新,自連
44,2005,id04_14_04,神奈川県４区,-,3,13774,6.1,林伸明,男,1966/3/24 0:00,,共,,,新,
44,2005,id04_14_05,神奈川県５区,当,1,151617,51.1,坂井学,男,1965/9/4 0:00,1,自,,,新,公
44,2005,id04_14_05,神奈川県５区,-,3,114816,38.7,田中慶秋,男,1938/3/6 0:00,,民,,,前,自連
44,2005,id04_14_05,神奈川県５区,-,3,30407,10.2,大森猛,男,1944/9/18 0:00,,共,,,元,
44,2005,id04_14_06,神奈川県６区,当,1,123040,49.9,上田勇,男,1958/8/5 0:00,5,公,,,前,自
44,2005,id04_14_06,神奈川県６区,-,3,102429,41.5,池田元久,男,1940/12/20 0:00,,民,,,前,
44,2005,id04_14_06,神奈川県６区,-,3,21146,8.6,佐藤清,男,1954/11/30 0:00,,共,,,新,
44,2005,id04_14_07,神奈川県７区,当,1,145371,57.1,鈴木恒夫,男,1941/2/10 0:00,6,自,河,志公会,前,
44,2005,id04_14_07,神奈川県７区,-,3,92721,36.4,首藤信彦,男,1945/4/5 0:00,,民,,,前,
44,2005,id04_14_07,神奈川県７区,-,3,16689,6.6,比嘉常一,男,1958/11/3 0:00,,共,,,新,
44,2005,id04_14_08,神奈川県８区,当,1,88098,34.8,江田憲司,男,1956/4/28 0:00,2,無,,,元,
44,2005,id04_14_08,神奈川県８区,比当,2,78860,31.2,岩國哲人,男,1936/7/11 0:00,,民,,,前,
44,2005,id04_14_08,神奈川県８区,比当,2,74399,29.4,福田峰之,男,1964/4/8 0:00,,自,,,新,公
44,2005,id04_14_08,神奈川県８区,-,3,11578,4.6,山中栄司,男,1944/6/7 0:00,,共,,,新,
44,2005,id04_14_09,神奈川県９区,当,1,86673,46.6,山内康一,男,1973/8/25 0:00,1,自,,,新,公
44,2005,id04_14_09,神奈川県９区,比当,2,82878,44.5,笠浩史,男,1965/1/3 0:00,,民,,,前,
44,2005,id04_14_09,神奈川県９区,-,3,16636,8.9,鴨下元,男,1978/3/10 0:00,,共,,,新,
44,2005,id04_14_10,神奈川県１０区,当,1,160669,56.4,田中和徳,男,1949/1/21 0:00,4,自,山,近未来,前,
44,2005,id04_14_10,神奈川県１０区,-,3,89025,31.3,計屋圭宏,男,1945/1/15 0:00,,民,,,前,
44,2005,id04_14_10,神奈川県１０区,-,3,34971,12.3,笠木隆,男,1946/9/25 0:00,,共,,,新,
44,2005,id04_14_11,神奈川県１１区,当,1,197037,73.2,小泉純一郎,男,1942/1/8 0:00,12,自,,,前,
44,2005,id04_14_11,神奈川県１１区,-,3,50551,18.8,斎藤勁,男,1945/7/10 0:00,,民,,,新,
44,2005,id04_14_11,神奈川県１１区,-,3,11377,4.2,瀬戸和弘,男,1952/6/2 0:00,,共,,,新,
44,2005,id04_14_11,神奈川県１１区,-,3,7475,2.8,天木直人,男,1947/7/19 0:00,,無,,,新,
44,2005,id04_14_11,神奈川県１１区,-,3,2874,1.1,羽柴秀吉,男,1949/10/11 0:00,,無,,,新,
44,2005,id04_14_12,神奈川県１２区,当,1,108898,46.9,桜井郁三,男,1944/4/10 0:00,3,自,河,志公会,前,
44,2005,id04_14_12,神奈川県１２区,-,3,75865,32.7,中塚一宏,男,1965/4/4 0:00,,民,,,前,
44,2005,id04_14_12,神奈川県１２区,比当,2,35133,15.1,阿部知子,女,1948/4/24 0:00,,社,,,前,自連
44,2005,id04_14_12,神奈川県１２区,-,3,12211,5.3,沼上常生,男,1958/5/12 0:00,,共,,,新,
44,2005,id04_14_13,神奈川県１３区,当,1,174361,61.1,甘利明,男,1949/8/27 0:00,8,自,山,近未来,前,
44,2005,id04_14_13,神奈川県１３区,-,3,88170,30.9,土田龍司,男,1952/5/2 0:00,,民,,,元,自連
44,2005,id04_14_13,神奈川県１３区,-,3,22907,8,近藤知昭,男,1949/2/26 0:00,,共,,,新,
44,2005,id04_14_14,神奈川県１４区,当,1,135719,50.9,赤間二郎,男,1968/3/27 0:00,1,自,,,新,公
44,2005,id04_14_14,神奈川県１４区,-,3,107608,40.4,藤井裕久,男,1932/6/24 0:00,,民,,,前,
44,2005,id04_14_14,神奈川県１４区,-,3,23064,8.7,藤原正明,男,1972/9/5 0:00,,共,,,新,
44,2005,id04_14_15,神奈川県１５区,当,1,186770,63.9,河野太郎,男,1963/1/10 0:00,4,自,河,志公会,前,
44,2005,id04_14_15,神奈川県１５区,-,3,83490,28.6,勝又恒一郎,男,1962/12/11 0:00,,民,,,新,自連
44,2005,id04_14_15,神奈川県１５区,-,3,22139,7.6,西脇拓也,男,1977/6/23 0:00,,共,,,新,
44,2005,id04_14_16,神奈川県１６区,当,1,159268,59.3,亀井善之,男,1936/4/30 0:00,9,自,山,近未来,前,
44,2005,id04_14_16,神奈川県１６区,-,3,87991,32.7,長田英知,男,1974/4/11 0:00,,民,,,新,自連
44,2005,id04_14_16,神奈川県１６区,-,3,21504,8,檜山千里,女,1963/3/19 0:00,,共,,,新,
44,2005,id04_14_17,神奈川県１７区,当,1,169825,60.7,河野洋平,男,1937/1/15 0:00,14,自,河,志公会,前,
44,2005,id04_14_17,神奈川県１７区,-,3,89901,32.1,阪口直人,男,1963/6/12 0:00,,民,,,新,
44,2005,id04_14_17,神奈川県１７区,-,3,20117,7.2,鈴木新三郎,男,1946/12/27 0:00,,共,,,新,
44,2005,id04_14_18,神奈川県１８区,当,1,111787,53.7,山際大志郎,男,1968/9/12 0:00,2,自,山,近未来,前,
44,2005,id04_14_18,神奈川県１８区,-,3,77877,37.4,樋高剛,男,1965/11/24 0:00,,民,,,前,自連
44,2005,id04_14_18,神奈川県１８区,-,3,18345,8.8,宗田裕之,男,1958/10/30 0:00,,共,,,新,
44,2005,id04_19_01,山梨県１区,当,1,70281,47.5,小沢鋭仁,男,1954/5/31 0:00,5,民,,,前,
44,2005,id04_19_01,山梨県１区,比当,2,65426,44.2,赤池誠章,男,1961/7/19 0:00,,自,,,新,
44,2005,id04_19_01,山梨県１区,-,3,12173,8.2,遠藤昭子,女,1951/10/6 0:00,,共,,,新,
44,2005,id04_19_02,山梨県２区,当,1,63758,38,堀内光雄,男,1930/1/1 0:00,10,無,自,,前,
44,2005,id04_19_02,山梨県２区,比当,2,62821,37.5,長崎幸太郎,男,1968/8/18 0:00,,自,,,新,
44,2005,id04_19_02,山梨県２区,-,3,33827,20.2,坂口岳洋,男,1971/2/18 0:00,,民,,,新,
44,2005,id04_19_02,山梨県２区,-,3,7216,4.3,渡辺正好,男,1958/10/21 0:00,,共,,,新,
44,2005,id04_19_03,山梨県３区,当,1,63659,36,保坂武,男,1945/2/1 0:00,3,無,自,,前,
44,2005,id04_19_03,山梨県３区,比当,2,61716,34.9,後藤斎,男,1957/7/22 0:00,,民,,,元,
44,2005,id04_19_03,山梨県３区,比当,2,51318,29,小野次郎,男,1953/8/7 0:00,,自,,,新,
44,2005,id05_13_01,東京都１区,当,1,149894,54.6,与謝野馨,男,1938/8/22 0:00,9,自,,,前,公
44,2005,id05_13_01,東京都１区,-,3,101396,36.9,海江田万里,男,1949/2/26 0:00,,民,,,前,
44,2005,id05_13_01,東京都１区,-,3,21794,7.9,堀江泰信,男,1954/4/7 0:00,,共,,,新,
44,2005,id05_13_01,東京都１区,-,3,1557,0.6,又吉光雄,男,1944/2/5 0:00,,諸,,,新,
44,2005,id05_13_02,東京都２区,当,1,127889,50.9,深谷隆司,男,1935/9/29 0:00,9,自,山,近未来,元,公
44,2005,id05_13_02,東京都２区,-,3,98335,39.2,中山義活,男,1945/2/13 0:00,,民,,,前,
44,2005,id05_13_02,東京都２区,-,3,24848,9.9,中島束,男,1944/1/20 0:00,,共,,,新,
44,2005,id05_13_03,東京都３区,当,1,151989,50.7,石原宏高,男,1964/6/19 0:00,1,自,,,新,
44,2005,id05_13_03,東京都３区,比当,2,123999,41.4,松原仁,男,1956/7/31 0:00,,民,,,前,
44,2005,id05_13_03,東京都３区,-,3,23611,7.9,後藤均,男,1961/4/10 0:00,,共,,,新,
44,2005,id05_13_04,東京都４区,当,1,119812,46.7,平将明,男,1967/2/21 0:00,1,自,,,新,公
44,2005,id05_13_04,東京都４区,-,3,86354,33.7,宇佐美登,男,1967/2/16 0:00,,民,,,前,
44,2005,id05_13_04,東京都４区,-,3,25077,9.8,佐藤文則,男,1953/2/21 0:00,,共,,,新,
44,2005,id05_13_04,東京都４区,-,3,19955,7.8,中西一善,男,1964/4/19 0:00,,無,自,,元,
44,2005,id05_13_04,東京都４区,-,3,5313,2.1,佐藤博己,男,1949/4/25 0:00,,無,,,新,
44,2005,id05_13_05,東京都５区,当,1,150667,53.4,小杉隆,男,1935/9/25 0:00,8,自,山,近未来,前,公
44,2005,id05_13_05,東京都５区,-,3,109618,38.8,手塚仁雄,男,1966/9/14 0:00,,民,,,前,
44,2005,id05_13_05,東京都５区,-,3,22107,7.8,星見定子,女,1957/9/8 0:00,,共,,,新,
44,2005,id05_13_06,東京都６区,当,1,136750,46.3,越智隆雄,男,1964/2/27 0:00,1,自,森,清和会,新,公
44,2005,id05_13_06,東京都６区,比当,2,130283,44.1,小宮山洋子,女,1948/9/17 0:00,,民,,,前,
44,2005,id05_13_06,東京都６区,-,3,28252,9.6,田中美代子,女,1947/2/16 0:00,,共,,,新,
44,2005,id05_13_07,東京都７区,当,1,131464,48.9,松本文明,男,1949/3/25 0:00,1,自,森,清和会,新,公
44,2005,id05_13_07,東京都７区,比当,2,113221,42.1,長妻昭,男,1960/6/14 0:00,,民,,,前,
44,2005,id05_13_07,東京都７区,-,3,24110,9,太田宜興,男,1976/2/17 0:00,,共,,,新,
44,2005,id05_13_08,東京都８区,当,1,161966,57.3,石原伸晃,男,1957/4/19 0:00,6,自,,,前,
44,2005,id05_13_08,東京都８区,-,3,94074,33.3,鈴木盛夫,男,1966/6/16 0:00,,民,,,新,
44,2005,id05_13_08,東京都８区,-,3,26819,9.5,沢田俊史,男,1951/3/11 0:00,,共,,,新,
44,2005,id05_13_09,東京都９区,当,1,153309,53.9,菅原一秀,男,1962/1/7 0:00,2,自,,,前,公
44,2005,id05_13_09,東京都９区,-,3,87890,30.9,川島智太郎,男,1964/3/20 0:00,,民,,,新,
44,2005,id05_13_09,東京都９区,-,3,28493,10,望月康子,女,1956/7/21 0:00,,共,,,新,
44,2005,id05_13_09,東京都９区,-,3,14952,5.3,中川直人,男,1957/3/5 0:00,,社,,,新,
44,2005,id05_13_10,東京都１０区,当,1,109764,50,小池百合子,女,1952/7/15 0:00,5,自,森,清和会,前,公
44,2005,id05_13_10,東京都１０区,-,3,50536,23,鮫島宗明,男,1943/12/9 0:00,,民,,,前,
44,2005,id05_13_10,東京都１０区,-,3,41089,18.7,小林興起,男,1944/1/1 0:00,,日,自,,前,
44,2005,id05_13_10,東京都１０区,-,3,17929,8.2,山本敏江,女,1949/1/23 0:00,,共,,,新,
44,2005,id05_13_11,東京都１１区,当,1,148099,55,下村博文,男,1954/5/23 0:00,4,自,森,清和会,前,公
44,2005,id05_13_11,東京都１１区,-,3,85832,31.9,渡辺浩一郎,男,1944/5/31 0:00,,民,,,元,
44,2005,id05_13_11,東京都１１区,-,3,35233,13.1,徳留道信,男,1952/6/6 0:00,,共,,,新,
44,2005,id05_13_12,東京都１２区,当,1,109636,43.2,太田昭宏,男,1945/10/6 0:00,5,公,,,前,自
44,2005,id05_13_12,東京都１２区,-,3,73943,29.1,藤田幸久,男,1950/4/19 0:00,,民,,,前,
44,2005,id05_13_12,東京都１２区,-,3,44279,17.4,八代英太,男,1937/6/2 0:00,,無,自,,前,
44,2005,id05_13_12,東京都１２区,-,3,26068,10.3,野々山研,男,1963/5/27 0:00,,共,,,新,
44,2005,id05_13_13,東京都１３区,当,1,129586,53.8,鴨下一郎,男,1949/1/16 0:00,5,自,橋,平成研,前,公
44,2005,id05_13_13,東京都１３区,-,3,80378,33.4,城島正光,男,1947/1/1 0:00,,民,,,前,
44,2005,id05_13_13,東京都１３区,-,3,30806,12.8,田村智子,女,1965/7/4 0:00,,共,,,新,
44,2005,id05_13_14,東京都１４区,当,1,118771,55.4,松島みどり,女,1956/7/15 0:00,3,自,森,清和会,前,公
44,2005,id05_13_14,東京都１４区,-,3,69108,32.2,井上和雄,男,1952/4/24 0:00,,民,,,前,
44,2005,id05_13_14,東京都１４区,-,3,22131,10.3,伊藤文雄,男,1943/12/22 0:00,,共,,,新,
44,2005,id05_13_14,東京都１４区,-,3,4478,2.1,前田真司,男,1975/12/22 0:00,,無,,,新,
44,2005,id05_13_15,東京都１５区,当,1,123021,54.4,木村勉,男,1939/8/15 0:00,3,自,山,近未来,前,公
44,2005,id05_13_15,東京都１５区,-,3,79621,35.2,東祥三,男,1951/5/1 0:00,,民,,,元,
44,2005,id05_13_15,東京都１５区,-,3,23659,10.5,吉田年男,男,1948/2/15 0:00,,共,,,新,
44,2005,id05_13_16,東京都１６区,当,1,145439,57,島村宜伸,男,1934/3/27 0:00,9,自,亀,志帥会,前,公
44,2005,id05_13_16,東京都１６区,-,3,84564,33.1,中津川博郷,男,1949/4/12 0:00,,民,,,前,
44,2005,id05_13_16,東京都１６区,-,3,25328,9.9,安部安則,男,1956/4/1 0:00,,共,,,新,
44,2005,id05_13_17,東京都１７区,当,1,161324,63,平沢勝栄,男,1945/9/4 0:00,4,自,山,近未来,前,
44,2005,id05_13_17,東京都１７区,-,3,67300,26.3,錦織淳,男,1945/7/30 0:00,,民,,,元,
44,2005,id05_13_17,東京都１７区,-,3,27597,10.8,小島佐知子,女,1943/11/12 0:00,,共,,,新,
44,2005,id05_13_18,東京都１８区,当,1,126716,47.4,菅直人,男,1946/10/10 0:00,9,民,,,前,
44,2005,id05_13_18,東京都１８区,比当,2,118879,44.5,土屋正忠,男,1942/1/13 0:00,,自,,,新,公
44,2005,id05_13_18,東京都１８区,-,3,21542,8.1,宮本徹,男,1972/1/22 0:00,,共,,,新,
44,2005,id05_13_19,東京都１９区,当,1,138596,46.3,松本洋平,男,1973/8/31 0:00,1,自,,,新,公
44,2005,id05_13_19,東京都１９区,比当,2,133180,44.5,末松義規,男,1956/12/5 0:00,,民,,,前,
44,2005,id05_13_19,東京都１９区,-,3,27811,9.3,清水明男,男,1951/6/22 0:00,,共,,,新,
44,2005,id05_13_20,東京都２０区,当,1,112634,44.5,木原誠二,男,1970/6/8 0:00,1,自,,,新,公
44,2005,id05_13_20,東京都２０区,比当,2,107916,42.7,加藤公一,男,1964/4/6 0:00,,民,,,前,
44,2005,id05_13_20,東京都２０区,-,3,32299,12.8,池田真理子,女,1954/10/28 0:00,,共,,,新,
44,2005,id05_13_21,東京都２１区,当,1,109310,46.1,小川友一,男,1946/2/27 0:00,1,自,,,新,公
44,2005,id05_13_21,東京都２１区,比当,2,98749,41.6,長島昭久,男,1962/2/17 0:00,,民,,,前,
44,2005,id05_13_21,東京都２１区,-,3,25483,10.7,田川豊,男,1968/10/19 0:00,,共,,,新,
44,2005,id05_13_21,東京都２１区,-,3,3739,1.6,十河豊,男,1943/8/17 0:00,,無,,,新,
44,2005,id05_13_22,東京都２２区,当,1,150404,52.1,伊藤達也,男,1961/7/6 0:00,5,自,橋,平成研,前,公
44,2005,id05_13_22,東京都２２区,-,3,107417,37.2,山花郁夫,男,1967/1/18 0:00,,民,,,前,
44,2005,id05_13_22,東京都２２区,-,3,28356,9.8,若林義春,男,1950/7/26 0:00,,共,,,新,
44,2005,id05_13_22,東京都２２区,-,3,2483,0.9,山下万葉,男,1980/8/29 0:00,,無,,,新,
44,2005,id05_13_23,東京都２３区,当,1,162351,54.7,伊藤公介,男,1941/10/23 0:00,9,自,森,清和会,前,公
44,2005,id05_13_23,東京都２３区,-,3,107136,36.1,石毛エイ子,女,1938/8/12 0:00,,民,,,前,
44,2005,id05_13_23,東京都２３区,-,3,27232,9.2,室谷友英,男,1949/6/8 0:00,,共,,,新,
44,2005,id05_13_24,東京都２４区,当,1,150552,53.2,萩生田光一,男,1963/8/31 0:00,2,自,森,清和会,前,公
44,2005,id05_13_24,東京都２４区,-,3,106459,37.6,阿久津幸彦,男,1956/6/26 0:00,,民,,,前,
44,2005,id05_13_24,東京都２４区,-,3,26233,9.3,長谷川暁,男,1972/6/29 0:00,,共,,,新,
44,2005,id05_13_25,東京都２５区,当,1,113800,57,井上信治,男,1969/10/7 0:00,2,自,,,前,公
44,2005,id05_13_25,東京都２５区,-,3,66008,33,島田久,男,1935/3/21 0:00,,民,,,前,
44,2005,id05_13_25,東京都２５区,-,3,19954,10,鈴木拓也,男,1970/2/22 0:00,,共,,,新,
44,2005,id06_15_01,新潟県１区,当,1,136391,49.7,西村智奈美,女,1967/1/13 0:00,2,民,,,前,
44,2005,id06_15_01,新潟県１区,比当,2,117652,42.8,吉田六左エ門,男,1939/12/15 0:00,,自,,,元,公
44,2005,id06_15_01,新潟県１区,-,3,20541,7.5,川俣幸雄,男,1955/4/8 0:00,,共,,,新,
44,2005,id06_15_02,新潟県２区,当,1,113916,49.7,近藤基彦,男,1954/2/15 0:00,3,自,堀,宏池会,前,公
44,2005,id06_15_02,新潟県２区,比当,2,101637,44.3,鷲尾英一郎,男,1977/1/3 0:00,,民,,,新,
44,2005,id06_15_02,新潟県２区,-,3,13727,6,細井良雄,男,1949/4/2 0:00,,共,,,新,
44,2005,id06_15_03,新潟県３区,当,1,111695,50.1,稲葉大和,男,1943/11/12 0:00,5,自,山,近未来,前,公
44,2005,id06_15_03,新潟県３区,-,3,73114,32.8,宮崎増次,男,1950/12/14 0:00,,社,,,新,
44,2005,id06_15_03,新潟県３区,-,3,23845,10.7,鈴木泰,男,1960/5/14 0:00,,国,民,,新,
44,2005,id06_15_03,新潟県３区,-,3,14132,6.3,田中真一,男,1962/3/8 0:00,,共,,,新,
44,2005,id06_15_04,新潟県４区,当,1,114843,50.5,菊田真紀子,女,1969/10/24 0:00,2,民,,,前,
44,2005,id06_15_04,新潟県４区,-,3,93971,41.3,栗原洋志,男,1970/9/15 0:00,,自,,,新,公
44,2005,id06_15_04,新潟県４区,-,3,18503,8.1,武藤元美,女,1957/1/1 0:00,,共,,,新,
44,2005,id06_15_05,新潟県５区,当,1,105484,51.2,田中真紀子,女,1944/1/14 0:00,5,無,,,前,
44,2005,id06_15_05,新潟県５区,-,3,82993,40.3,米山隆一,男,1967/9/8 0:00,,自,,,新,公
44,2005,id06_15_05,新潟県５区,-,3,17693,8.6,斎藤実,男,1957/11/9 0:00,,共,,,新,
44,2005,id06_15_06,新潟県６区,当,1,114081,50.2,筒井信隆,男,1944/11/10 0:00,4,民,,,前,
44,2005,id06_15_06,新潟県６区,比当,2,102187,44.9,高鳥修一,男,1960/9/29 0:00,,自,森,清和会,新,公
44,2005,id06_15_06,新潟県６区,-,3,11138,4.9,武田勝利,男,1964/1/2 0:00,,共,,,新,
44,2005,id06_16_01,富山県１区,当,1,88840,52.3,長勢甚遠,男,1943/10/3 0:00,6,自,森,清和会,前,公
44,2005,id06_16_01,富山県１区,比当,2,71072,41.8,村井宗明,男,1973/5/30 0:00,,民,,,前,
44,2005,id06_16_01,富山県１区,-,3,9919,5.8,山田哲男,男,1947/10/20 0:00,,共,,,新,
44,2005,id06_16_02,富山県２区,当,1,101830,57.5,宮腰光寛,男,1950/12/21 0:00,4,自,堀,宏池会,前,公
44,2005,id06_16_02,富山県２区,-,3,54701,30.9,西尾政英,男,1961/6/5 0:00,,民,,,新,
44,2005,id06_16_02,富山県２区,-,3,13272,7.5,秋原伸行,男,1940/11/4 0:00,,社,,,新,
44,2005,id06_16_02,富山県２区,-,3,7320,4.1,平崎功,男,1956/4/25 0:00,,共,,,新,
44,2005,id06_16_03,富山県３区,当,1,120083,41.3,綿貫民輔,男,1927/4/30 0:00,13,国,自,,前,
44,2005,id06_16_03,富山県３区,比当,2,100586,34.6,萩山教厳,男,1932/3/20 0:00,,自,亀,志帥会,前,
44,2005,id06_16_03,富山県３区,-,3,47735,16.4,向井英二,男,1945/12/2 0:00,,民,,,新,
44,2005,id06_16_03,富山県３区,-,3,15163,5.2,窪田正人,男,1947/4/10 0:00,,社,,,新,
44,2005,id06_16_03,富山県３区,-,3,7244,2.5,坂本洋史,男,1970/7/24 0:00,,共,,,新,
44,2005,id06_17_01,石川県１区,当,1,129142,53.7,馳浩,男,1961/5/5 0:00,3,自,森,清和会,前,公
44,2005,id06_17_01,石川県１区,-,3,99397,41.4,奥田建,男,1959/1/16 0:00,,民,,,前,
44,2005,id06_17_01,石川県１区,-,3,11802,4.9,佐藤正幸,男,1967/12/13 0:00,,共,,,新,
44,2005,id06_17_02,石川県２区,当,1,129785,57.6,森喜朗,男,1937/7/14 0:00,13,自,森,清和会,前,公
44,2005,id06_17_02,石川県２区,-,3,83905,37.3,一川保夫,男,1942/2/6 0:00,,民,,,前,
44,2005,id06_17_02,石川県２区,-,3,11515,5.1,西村祐士,男,1954/10/1 0:00,,共,,,新,
44,2005,id06_17_03,石川県３区,当,1,116215,60,北村茂男,男,1945/11/8 0:00,1,自,,,新,公
44,2005,id06_17_03,石川県３区,-,3,77463,40,桑原豊,男,1945/10/14 0:00,,民,,,元,
44,2005,id06_18_01,福井県１区,当,1,51242,33.4,稲田朋美,女,1959/2/20 0:00,1,自,,,新,
44,2005,id06_18_01,福井県１区,比当,2,50869,33.2,笹木竜三,男,1956/11/27 0:00,,民,,,元,
44,2005,id06_18_01,福井県１区,-,3,45332,29.5,松宮勲,男,1944/5/28 0:00,,無,自,,前,
44,2005,id06_18_01,福井県１区,-,3,5988,3.9,金元幸枝,女,1958/3/20 0:00,,共,,,新,
44,2005,id06_18_02,福井県２区,当,1,96245,62.6,山本拓,男,1952/7/7 0:00,4,自,森,清和会,前,公
44,2005,id06_18_02,福井県２区,-,3,57504,37.4,若泉征三,男,1945/8/5 0:00,,民,,,前,
44,2005,id06_18_03,福井県３区,当,1,93451,60.8,高木毅,男,1956/1/16 0:00,3,自,森,清和会,前,公
44,2005,id06_18_03,福井県３区,-,3,60193,39.2,玉村和夫,男,1950/8/12 0:00,,民,,,新,
44,2005,id06_20_01,長野県１区,当,1,140831,47.4,小坂憲次,男,1946/3/12 0:00,6,自,橋,平成研,前,公
44,2005,id06_20_01,長野県１区,比当,2,121185,40.8,篠原孝,男,1948/7/17 0:00,,民,,,前,
44,2005,id06_20_01,長野県１区,-,3,34869,11.7,中野早苗,女,1948/5/9 0:00,,共,,,新,
44,2005,id06_20_02,長野県２区,当,1,124973,46.7,下条みつ,男,1955/12/29 0:00,2,民,,,前,
44,2005,id06_20_02,長野県２区,-,3,86735,32.4,関谷理記,男,1968/8/16 0:00,,自,,,新,公
44,2005,id06_20_02,長野県２区,-,3,30991,11.6,山口わか子,女,1934/12/10 0:00,,社,,,元,
44,2005,id06_20_02,長野県２区,-,3,17081,6.4,岸野正明,男,1966/8/6 0:00,,共,,,新,
44,2005,id06_20_02,長野県２区,-,3,7591,2.8,東城日出子,女,1971/6/9 0:00,,無,,,新,
44,2005,id06_20_03,長野県３区,当,1,143728,51.1,羽田孜,男,1935/8/24 0:00,13,民,,,前,
44,2005,id06_20_03,長野県３区,-,3,102889,36.6,岩崎忠夫,男,1942/12/8 0:00,,自,橋,平成研,前,公
44,2005,id06_20_03,長野県３区,-,3,34669,12.3,岩谷昇介,男,1953/10/17 0:00,,共,,,新,
44,2005,id06_20_04,長野県４区,当,1,87859,49.7,後藤茂之,男,1955/12/9 0:00,3,自,,,前,公
44,2005,id06_20_04,長野県４区,-,3,66503,37.6,堀込征雄,男,1942/2/5 0:00,,民,,,前,
44,2005,id06_20_04,長野県４区,-,3,22349,12.6,上田秀昭,男,1954/7/3 0:00,,共,,,新,
44,2005,id06_20_05,長野県５区,当,1,120025,54.8,宮下一郎,男,1958/8/1 0:00,2,自,森,清和会,前,公
44,2005,id06_20_05,長野県５区,-,3,72505,33.1,加藤学,男,1968/12/17 0:00,,民,,,新,
44,2005,id06_20_05,長野県５区,-,3,26363,12,三沢好夫,男,1944/2/29 0:00,,共,,,新,
44,2005,id07_21_01,岐阜県１区,当,1,96985,42.8,野田聖子,女,1960/9/3 0:00,5,無,自,,前,
44,2005,id07_21_01,岐阜県１区,比当,2,81189,35.8,佐藤ゆかり,女,1961/8/19 0:00,,自,,,新,
44,2005,id07_21_01,岐阜県１区,-,3,38349,16.9,柴橋正直,男,1979/7/3 0:00,,民,,,新,
44,2005,id07_21_01,岐阜県１区,-,3,9970,4.4,小川理,男,1952/10/29 0:00,,共,,,新,
44,2005,id07_21_02,岐阜県２区,当,1,130953,61.8,棚橋泰文,男,1963/2/11 0:00,4,自,橋,平成研,前,公
44,2005,id07_21_02,岐阜県２区,-,3,66823,31.5,大石里奈,女,1976/12/17 0:00,,民,,,新,
44,2005,id07_21_02,岐阜県２区,-,3,14224,6.7,高木光弘,男,1959/8/16 0:00,,共,,,新,
44,2005,id07_21_03,岐阜県３区,当,1,137562,49.3,武藤容治,男,1955/10/18 0:00,1,自,,,新,公
44,2005,id07_21_03,岐阜県３区,比当,2,120598,43.2,園田康博,男,1967/6/9 0:00,,民,,,前,
44,2005,id07_21_03,岐阜県３区,-,3,21091,7.6,山田一枝,女,1940/5/15 0:00,,共,,,新,
44,2005,id07_21_04,岐阜県４区,当,1,126921,46.3,金子一義,男,1942/12/20 0:00,7,自,堀,宏池会,前,公
44,2005,id07_21_04,岐阜県４区,-,3,98419,35.9,藤井孝男,男,1943/3/14 0:00,,無,自,,前,
44,2005,id07_21_04,岐阜県４区,-,3,39165,14.3,熊谷正慶,男,1973/9/11 0:00,,民,,,新,
44,2005,id07_21_04,岐阜県４区,-,3,9412,3.4,籠山佐敏,男,1952/5/12 0:00,,共,,,新,
44,2005,id07_21_05,岐阜県５区,当,1,88874,42,古屋圭司,男,1952/11/1 0:00,6,無,自,,前,
44,2005,id07_21_05,岐阜県５区,-,3,55432,26.2,和仁隆明,男,1975/5/1 0:00,,自,,,新,
44,2005,id07_21_05,岐阜県５区,-,3,52976,25.1,阿知波吉信,男,1963/6/21 0:00,,民,,,新,
44,2005,id07_21_05,岐阜県５区,-,3,14143,6.7,井上諭,男,1967/10/12 0:00,,共,,,新,
44,2005,id07_22_01,静岡県１区,当,1,99702,39.5,上川陽子,女,1953/3/1 0:00,3,自,堀,宏池会,前,公
44,2005,id07_22_01,静岡県１区,-,3,69111,27.4,田辺信宏,男,1961/8/20 0:00,,無,,,新,
44,2005,id07_22_01,静岡県１区,-,3,67560,26.8,牧野聖修,男,1945/5/4 0:00,,民,,,前,
44,2005,id07_22_01,静岡県１区,-,3,16077,6.4,池野元章,男,1960/5/23 0:00,,共,,,新,
44,2005,id07_22_02,静岡県２区,当,1,155019,56.7,原田令嗣,男,1952/2/2 0:00,2,自,小,平成研,前,公
44,2005,id07_22_02,静岡県２区,-,3,118564,43.3,津川祥吾,男,1972/1/25 0:00,,民,,,前,
44,2005,id07_22_03,静岡県３区,当,1,153500,61.3,柳沢伯夫,男,1935/8/18 0:00,8,自,堀,宏池会,前,
44,2005,id07_22_03,静岡県３区,-,3,79075,31.6,平島広志,男,1969/1/2 0:00,,民,,,新,
44,2005,id07_22_03,静岡県３区,-,3,17902,7.1,平松雅人,男,1954/10/14 0:00,,共,,,新,
44,2005,id07_22_04,静岡県４区,当,1,116045,54.4,望月義夫,男,1947/5/2 0:00,4,自,堀,宏池会,前,公
44,2005,id07_22_04,静岡県４区,比当,2,97330,45.6,田村謙治,男,1968/3/19 0:00,,民,,,前,
44,2005,id07_22_05,静岡県５区,当,1,148002,48.8,細野豪志,男,1971/8/21 0:00,3,民,,,前,
44,2005,id07_22_05,静岡県５区,比当,2,141387,46.6,斉藤斗志二,男,1944/12/27 0:00,,自,橋,平成研,前,公
44,2005,id07_22_05,静岡県５区,-,3,13936,4.6,作山夕貴,女,1972/7/5 0:00,,共,,,新,
44,2005,id07_22_06,静岡県６区,当,1,154542,52.6,渡辺周,男,1961/12/11 0:00,4,民,,,前,
44,2005,id07_22_06,静岡県６区,比当,2,121089,41.2,倉田雅年,男,1939/7/10 0:00,,自,橋,平成研,前,
44,2005,id07_22_06,静岡県６区,-,3,18346,6.2,鈴木和彦,男,1943/7/28 0:00,,共,,,新,
44,2005,id07_22_07,静岡県７区,当,1,85168,36.8,片山さつき,女,1959/5/9 0:00,1,自,,,新,公
44,2005,id07_22_07,静岡県７区,-,3,84420,36.4,城内実,男,1965/4/19 0:00,,無,自,,前,
44,2005,id07_22_07,静岡県７区,-,3,62039,26.8,阿部卓也,男,1966/10/16 0:00,,民,,,新,
44,2005,id07_22_08,静岡県８区,当,1,128456,53.1,塩谷立,男,1950/2/18 0:00,5,自,森,清和会,前,公
44,2005,id07_22_08,静岡県８区,-,3,101801,42.1,鈴木康友,男,1957/8/23 0:00,,民,,,前,
44,2005,id07_22_08,静岡県８区,-,3,11576,4.8,落合勝二,男,1944/8/3 0:00,,共,,,新,
44,2005,id07_23_01,愛知県１区,当,1,105449,50,河村たかし,男,1948/11/3 0:00,5,民,,,前,
44,2005,id07_23_01,愛知県１区,比当,2,82486,39.1,篠田陽介,男,1973/3/23 0:00,,自,,,新,公
44,2005,id07_23_01,愛知県１区,-,3,15585,7.4,木村恵美,女,1950/8/7 0:00,,共,,,新,
44,2005,id07_23_01,愛知県１区,-,3,7560,3.6,小林正和,男,1949/4/2 0:00,,社,,,新,
44,2005,id07_23_02,愛知県２区,当,1,116884,52,古川元久,男,1965/12/6 0:00,4,民,,,前,
44,2005,id07_23_02,愛知県２区,-,3,87804,39.1,岡田裕二,男,1978/6/25 0:00,,自,,,新,公
44,2005,id07_23_02,愛知県２区,-,3,20077,8.9,斉藤愛子,女,1955/9/10 0:00,,共,,,新,
44,2005,id07_23_03,愛知県３区,当,1,110799,49,近藤昭一,男,1958/5/26 0:00,4,民,,,前,
44,2005,id07_23_03,愛知県３区,比当,2,86426,38.2,馬渡龍治,男,1957/7/26 0:00,,自,,,新,公
44,2005,id07_23_03,愛知県３区,-,3,20425,9,石川寿,男,1965/6/11 0:00,,共,,,新,
44,2005,id07_23_03,愛知県３区,-,3,8500,3.8,藤本栄,男,1960/9/11 0:00,,無,,,新,
44,2005,id07_23_04,愛知県４区,当,1,95844,43.7,牧義夫,男,1958/1/14 0:00,3,民,,,前,
44,2005,id07_23_04,愛知県４区,比当,2,87824,40.1,藤野真紀子,女,1949/9/15 0:00,,自,,,新,公
44,2005,id07_23_04,愛知県４区,-,3,30622,14,瀬古由起子,女,1947/8/24 0:00,,共,,,元,
44,2005,id07_23_04,愛知県４区,-,3,4791,2.2,佐々木賢治,男,1949/2/7 0:00,,無,,,新,
44,2005,id07_23_05,愛知県５区,当,1,117017,48.3,木村隆秀,男,1955/8/10 0:00,4,自,橋,平成研,前,公
44,2005,id07_23_05,愛知県５区,比当,2,107645,44.4,赤松広隆,男,1948/5/3 0:00,,民,,,前,
44,2005,id07_23_05,愛知県５区,-,3,17523,7.2,河江明美,女,1965/5/10 0:00,,共,,,新,
44,2005,id07_23_06,愛知県６区,当,1,126670,48,丹羽秀樹,男,1972/12/20 0:00,1,自,高,番町研,新,公
44,2005,id07_23_06,愛知県６区,比当,2,113467,43,前田雄吉,男,1960/1/8 0:00,,民,,,前,
44,2005,id07_23_06,愛知県６区,-,3,23576,8.9,柳沢けさ美,女,1950/3/19 0:00,,共,,,新,
44,2005,id07_23_07,愛知県７区,当,1,134535,50,鈴木淳司,男,1958/4/7 0:00,2,自,森,清和会,前,公
44,2005,id07_23_07,愛知県７区,-,3,111654,41.5,小林憲司,男,1964/7/4 0:00,,民,,,前,
44,2005,id07_23_07,愛知県７区,-,3,22902,8.5,坂林卓美,男,1962/5/11 0:00,,共,,,新,
44,2005,id07_23_08,愛知県８区,当,1,123280,45.9,伊藤忠彦,男,1964/7/11 0:00,1,自,,,新,公
44,2005,id07_23_08,愛知県８区,比当,2,115200,42.9,伴野豊,男,1961/1/1 0:00,,民,,,前,
44,2005,id07_23_08,愛知県８区,-,3,15943,5.9,森田裕介,男,1963/5/7 0:00,,日,,,新,
44,2005,id07_23_08,愛知県８区,-,3,14362,5.3,神谷暢,男,1941/5/8 0:00,,共,,,新,
44,2005,id07_23_09,愛知県９区,当,1,130771,47.7,海部俊樹,男,1931/1/2 0:00,16,自,二,志帥会,前,公
44,2005,id07_23_09,愛知県９区,比当,2,110809,40.4,岡本充功,男,1971/6/18 0:00,,民,,,前,
44,2005,id07_23_09,愛知県９区,-,3,17489,6.4,松崎省三,男,1946/8/3 0:00,,共,,,新,
44,2005,id07_23_09,愛知県９区,-,3,15314,5.6,井桁亮,男,1969/9/1 0:00,,国,,,新,
44,2005,id07_23_10,愛知県１０区,当,1,140622,52.7,江崎鉄磨,男,1943/9/17 0:00,4,自,二,志帥会,前,公
44,2005,id07_23_10,愛知県１０区,-,3,104827,39.3,杉本和巳,男,1960/9/17 0:00,,民,,,新,
44,2005,id07_23_10,愛知県１０区,-,3,21350,8,石田保,男,1938/4/28 0:00,,共,,,新,
44,2005,id07_23_11,愛知県１１区,当,1,132730,52.3,古本伸一郎,男,1965/3/11 0:00,2,民,,,前,
44,2005,id07_23_11,愛知県１１区,比当,2,105631,41.6,土井真樹,男,1960/7/17 0:00,,自,,,新,公
44,2005,id07_23_11,愛知県１１区,-,3,15468,6.1,本村伸子,女,1972/10/20 0:00,,共,,,新,
44,2005,id07_23_12,愛知県１２区,当,1,159256,52.6,杉浦正健,男,1934/7/26 0:00,6,自,森,清和会,前,公
44,2005,id07_23_12,愛知県１２区,-,3,128681,42.5,中根康浩,男,1962/8/17 0:00,,民,,,前,
44,2005,id07_23_12,愛知県１２区,-,3,14706,4.9,萩原昇,男,1951/1/23 0:00,,共,,,新,
44,2005,id07_23_13,愛知県１３区,当,1,139022,53.1,大村秀章,男,1960/3/9 0:00,4,自,橋,平成研,前,公
44,2005,id07_23_13,愛知県１３区,-,3,109593,41.8,島聡,男,1958/4/25 0:00,,民,,,前,
44,2005,id07_23_13,愛知県１３区,-,3,13311,5.1,中村健,男,1947/3/16 0:00,,共,,,新,
44,2005,id07_23_14,愛知県１４区,当,1,97382,52.2,鈴木克昌,男,1943/11/14 0:00,2,民,,,前,
44,2005,id07_23_14,愛知県１４区,比当,2,78561,42.1,杉田元司,男,1951/7/28 0:00,,自,,,新,公
44,2005,id07_23_14,愛知県１４区,-,3,10713,5.7,栗谷建一郎,男,1949/3/26 0:00,,共,,,新,
44,2005,id07_23_15,愛知県１５区,当,1,122904,56.4,山本明彦,男,1947/4/1 0:00,3,自,森,清和会,前,公
44,2005,id07_23_15,愛知県１５区,-,3,74932,34.4,森本和義,男,1966/6/16 0:00,,民,,,新,
44,2005,id07_23_15,愛知県１５区,-,3,20219,9.3,斎藤啓,男,1971/8/10 0:00,,共,,,新,
44,2005,id07_24_01,三重県１区,当,1,112023,50.5,川崎二郎,男,1947/11/15 0:00,8,自,小,平成研,前,公
44,2005,id07_24_01,三重県１区,比当,2,95560,43.1,中井洽,男,1942/6/10 0:00,,民,,,前,
44,2005,id07_24_01,三重県１区,-,3,14236,6.4,岡野恵美,女,1952/5/6 0:00,,共,,,新,
44,2005,id07_24_02,三重県２区,当,1,117134,55.7,中川正春,男,1950/6/10 0:00,4,民,,,前,
44,2005,id07_24_02,三重県２区,-,3,81202,38.6,小林正人,男,1967/1/26 0:00,,自,,,新,公
44,2005,id07_24_02,三重県２区,-,3,11901,5.7,中野武史,男,1974/6/14 0:00,,共,,,新,
44,2005,id07_24_03,三重県３区,当,1,140954,60.1,岡田克也,男,1953/7/14 0:00,6,民,,,前,
44,2005,id07_24_03,三重県３区,比当,2,81719,34.8,平田耕一,男,1948/11/9 0:00,,自,橋,平成研,前,公
44,2005,id07_24_03,三重県３区,-,3,11895,5.1,星野律子,女,1951/6/4 0:00,,共,,,新,
44,2005,id07_24_04,三重県４区,当,1,91832,53.8,田村憲久,男,1964/12/15 0:00,4,自,橋,平成研,前,公
44,2005,id07_24_04,三重県４区,比当,2,78821,46.2,森本哲生,男,1949/9/29 0:00,,民,,,新,
44,2005,id07_24_05,三重県５区,当,1,117768,55.9,三ツ矢憲生,男,1950/12/13 0:00,2,自,,,前,公
44,2005,id07_24_05,三重県５区,-,3,83737,39.8,金子洋一,男,1962/6/28 0:00,,民,,,新,
44,2005,id07_24_05,三重県５区,-,3,9003,4.3,谷中三好,男,1960/5/1 0:00,,共,,,新,
44,2005,id08_25_01,滋賀県１区,当,1,94671,46.1,上野賢一郎,男,1965/8/3 0:00,1,自,,,新,公
44,2005,id08_25_01,滋賀県１区,比当,2,89503,43.6,川端達夫,男,1945/1/24 0:00,,民,,,前,
44,2005,id08_25_01,滋賀県１区,-,3,21111,10.3,川内卓,男,1955/11/24 0:00,,共,,,新,
44,2005,id08_25_02,滋賀県２区,当,1,67481,38.5,田島一成,男,1962/6/15 0:00,2,民,,,前,
44,2005,id08_25_02,滋賀県２区,比当,2,54067,30.8,藤井勇治,男,1950/2/27 0:00,,自,,,新,
44,2005,id08_25_02,滋賀県２区,-,3,43416,24.8,小西理,男,1958/8/22 0:00,,無,自,,前,
44,2005,id08_25_02,滋賀県２区,-,3,10413,5.9,丸岡和世,女,1951/1/8 0:00,,共,,,新,
44,2005,id08_25_03,滋賀県３区,当,1,74272,46.8,三日月大造,男,1971/5/24 0:00,2,民,,,前,
44,2005,id08_25_03,滋賀県３区,比当,2,74006,46.7,宇野治,男,1947/9/2 0:00,,自,亀,志帥会,前,公
44,2005,id08_25_03,滋賀県３区,-,3,10325,6.5,稲森善稔,男,1946/2/5 0:00,,共,,,新,
44,2005,id08_25_04,滋賀県４区,当,1,98748,50.2,岩永峯一,男,1941/9/5 0:00,4,自,堀,宏池会,前,公
44,2005,id08_25_04,滋賀県４区,比当,2,80216,40.8,奥村展三,男,1944/8/10 0:00,,民,,,前,
44,2005,id08_25_04,滋賀県４区,-,3,17801,9,坪田五久男,男,1959/4/1 0:00,,共,,,新,
44,2005,id08_26_01,京都府１区,当,1,112848,47.7,伊吹文明,男,1938/1/9 0:00,8,自,亀,志帥会,前,公
44,2005,id08_26_01,京都府１区,-,3,68563,29,玉置一弥,男,1944/7/8 0:00,,民,,,前,
44,2005,id08_26_01,京都府１区,比当,2,55097,23.3,穀田恵二,男,1947/1/11 0:00,,共,,,前,
44,2005,id08_26_02,京都府２区,当,1,73795,42.8,前原誠司,男,1962/4/30 0:00,5,民,,,前,
44,2005,id08_26_02,京都府２区,比当,2,69330,40.2,山本朋広,男,1975/6/20 0:00,,自,,,新,公
44,2005,id08_26_02,京都府２区,-,3,29348,17,原俊史,男,1967/6/16 0:00,,共,,,新,
44,2005,id08_26_03,京都府３区,当,1,92249,42.7,泉健太,男,1974/7/29 0:00,2,民,,,前,
44,2005,id08_26_03,京都府３区,比当,2,91429,42.3,清水鴻一郎,男,1946/3/5 0:00,,自,,,新,公
44,2005,id08_26_03,京都府３区,-,3,32251,14.9,石村和子,女,1949/12/21 0:00,,共,,,新,
44,2005,id08_26_04,京都府４区,当,1,75192,29,中川泰宏,男,1951/9/19 0:00,1,自,,,新,
44,2005,id08_26_04,京都府４区,-,3,75036,28.9,田中英夫,男,1944/3/19 0:00,,無,自,,前,
44,2005,id08_26_04,京都府４区,比当,2,73550,28.3,北神圭朗,男,1967/2/1 0:00,,民,,,新,
44,2005,id08_26_04,京都府４区,-,3,35705,13.8,成宮真理子,女,1969/9/28 0:00,,共,,,新,
44,2005,id08_26_05,京都府５区,当,1,107792,58.9,谷垣禎一,男,1945/3/7 0:00,9,自,小,平成研,前,公
44,2005,id08_26_05,京都府５区,-,3,49895,27.2,小林哲也,男,1970/9/1 0:00,,民,,,新,
44,2005,id08_26_05,京都府５区,-,3,25467,13.9,吉田早由美,女,1950/11/21 0:00,,共,,,新,
44,2005,id08_26_06,京都府６区,当,1,133708,45.5,山井和則,男,1962/1/6 0:00,3,民,,,前,
44,2005,id08_26_06,京都府６区,比当,2,122969,41.8,井沢京子,女,1962/10/16 0:00,,自,,,新,公
44,2005,id08_26_06,京都府６区,-,3,37181,12.7,矢口雅章,男,1967/6/18 0:00,,共,,,新,
44,2005,id08_27_01,大阪府１区,当,1,116956,54.5,中馬弘毅,男,1936/10/8 0:00,9,自,河,志公会,前,公
44,2005,id08_27_01,大阪府１区,-,3,72512,33.8,熊田篤嗣,男,1971/3/3 0:00,,民,,,新,
44,2005,id08_27_01,大阪府１区,-,3,25156,11.7,丸岡博司,男,1951/1/30 0:00,,共,,,新,
44,2005,id08_27_02,大阪府２区,当,1,73953,32.8,川条志嘉,女,1970/1/25 0:00,1,自,民,,新,
44,2005,id08_27_02,大阪府２区,-,3,71423,31.7,左藤章,男,1951/7/12 0:00,,無,自,,前,
44,2005,id08_27_02,大阪府２区,-,3,52945,23.5,萩原仁,男,1967/9/12 0:00,,民,,,新,
44,2005,id08_27_02,大阪府２区,-,3,27300,12.1,吉永朋之,男,1945/2/13 0:00,,共,,,新,
44,2005,id08_27_03,大阪府３区,当,1,119226,49.4,田端正広,男,1940/1/4 0:00,5,公,,,前,自
44,2005,id08_27_03,大阪府３区,-,3,85177,35.3,辻恵,男,1948/6/12 0:00,,民,,,前,
44,2005,id08_27_03,大阪府３区,-,3,37040,15.3,安達義孝,男,1954/12/28 0:00,,共,,,新,
44,2005,id08_27_04,大阪府４区,当,1,132072,52.3,中山泰秀,男,1970/10/14 0:00,2,自,森,清和会,前,公
44,2005,id08_27_04,大阪府４区,-,3,91756,36.3,吉田治,男,1962/3/16 0:00,,民,,,前,
44,2005,id08_27_04,大阪府４区,-,3,28931,11.4,長谷川良雄,男,1950/4/29 0:00,,共,,,新,
44,2005,id08_27_05,大阪府５区,当,1,118574,47.7,谷口隆義,男,1949/4/18 0:00,5,公,,,前,自
44,2005,id08_27_05,大阪府５区,-,3,87002,35,稲見哲男,男,1948/7/20 0:00,,民,,,前,
44,2005,id08_27_05,大阪府５区,-,3,43189,17.4,山下芳生,男,1960/2/27 0:00,,共,,,新,
44,2005,id08_27_06,大阪府６区,当,1,127157,52.7,福島豊,男,1958/1/4 0:00,5,公,,,前,自
44,2005,id08_27_06,大阪府６区,-,3,84562,35,村上史好,男,1952/6/10 0:00,,民,,,新,
44,2005,id08_27_06,大阪府６区,-,3,29543,12.2,井口淳治,男,1964/6/17 0:00,,共,,,新,
44,2005,id08_27_07,大阪府７区,当,1,98151,43.4,渡嘉敷奈緒美,女,1962/7/16 0:00,1,自,,,新,
44,2005,id08_27_07,大阪府７区,比当,2,84373,37.3,藤村修,男,1949/11/3 0:00,,民,,,前,
44,2005,id08_27_07,大阪府７区,-,3,27573,12.2,有木茂,男,1947/2/8 0:00,,共,,,新,
44,2005,id08_27_07,大阪府７区,-,3,16256,7.2,山口克也,男,1963/12/1 0:00,,無,,,新,
44,2005,id08_27_08,大阪府８区,当,1,103120,49.6,大塚高司,男,1964/9/11 0:00,1,自,,,新,公
44,2005,id08_27_08,大阪府８区,-,3,82290,39.6,中野寛成,男,1940/11/26 0:00,,民,,,前,
44,2005,id08_27_08,大阪府８区,-,3,22448,10.8,斉宮澄江,女,1956/11/26 0:00,,共,,,新,
44,2005,id08_27_09,大阪府９区,当,1,142243,50.5,西田猛,男,1955/8/5 0:00,3,自,森,清和会,前,公
44,2005,id08_27_09,大阪府９区,-,3,111809,39.7,大谷信盛,男,1962/12/4 0:00,,民,,,前,
44,2005,id08_27_09,大阪府９区,-,3,27347,9.7,榎並憲治,男,1952/4/21 0:00,,共,,,新,
44,2005,id08_27_10,大阪府１０区,当,1,83607,38.4,松浪健太,男,1971/8/17 0:00,2,自,亀,志帥会,元,公
44,2005,id08_27_10,大阪府１０区,比当,2,68614,31.5,辻元清美,女,1960/4/28 0:00,,社,,,元,
44,2005,id08_27_10,大阪府１０区,-,3,52703,24.2,肥田美代子,女,1941/3/1 0:00,,民,,,前,
44,2005,id08_27_10,大阪府１０区,-,3,12703,5.8,浅沼和仁,男,1961/5/26 0:00,,共,,,新,
44,2005,id08_27_11,大阪府１１区,当,1,121328,48.1,平野博文,男,1949/3/19 0:00,4,民,,,前,
44,2005,id08_27_11,大阪府１１区,比当,2,98613,39.1,井脇ノブ子,女,1946/2/11 0:00,,自,,,新,公
44,2005,id08_27_11,大阪府１１区,-,3,32230,12.8,山下京子,女,1954/2/28 0:00,,共,,,新,
44,2005,id08_27_12,大阪府１２区,当,1,108903,49.6,北川知克,男,1951/11/8 0:00,3,自,高,番町研,前,公
44,2005,id08_27_12,大阪府１２区,-,3,87091,39.7,樽床伸二,男,1959/8/6 0:00,,民,,,前,
44,2005,id08_27_12,大阪府１２区,-,3,23595,10.7,太田久美子,女,1954/11/7 0:00,,共,,,新,
44,2005,id08_27_13,大阪府１３区,当,1,141141,58.1,西野陽,男,1940/1/15 0:00,4,自,堀,宏池会,前,公
44,2005,id08_27_13,大阪府１３区,-,3,60791,25,富家孝,男,1947/3/31 0:00,,民,,,新,
44,2005,id08_27_13,大阪府１３区,比当,2,41017,16.9,吉井英勝,男,1942/12/19 0:00,,共,,,前,
44,2005,id08_27_14,大阪府１４区,当,1,151852,54.9,谷畑孝,男,1947/1/10 0:00,4,自,森,清和会,前,公
44,2005,id08_27_14,大阪府１４区,-,3,89142,32.2,長尾敬,男,1962/11/29 0:00,,民,,,新,
44,2005,id08_27_14,大阪府１４区,-,3,35560,12.9,野沢倫昭,男,1948/2/15 0:00,,共,,,新,
44,2005,id08_27_15,大阪府１５区,当,1,144663,55.8,竹本直一,男,1940/11/23 0:00,4,自,堀,宏池会,前,公
44,2005,id08_27_15,大阪府１５区,-,3,82844,31.9,堺井裕貴,女,1968/1/17 0:00,,民,,,新,
44,2005,id08_27_15,大阪府１５区,-,3,31810,12.3,中野好博,男,1943/2/11 0:00,,共,,,新,
44,2005,id08_27_16,大阪府１６区,当,1,99919,51.5,北側一雄,男,1953/3/2 0:00,6,公,,,前,自
44,2005,id08_27_16,大阪府１６区,-,3,70048,36.1,樽井良和,男,1967/8/8 0:00,,民,,,前,
44,2005,id08_27_16,大阪府１６区,-,3,24212,12.5,稲月直江,女,1974/3/11 0:00,,共,,,新,
44,2005,id08_27_17,大阪府１７区,当,1,90765,43.3,岡下信子,女,1939/6/28 0:00,2,自,橋,平成研,元,公
44,2005,id08_27_17,大阪府１７区,比当,2,89276,42.6,西村真悟,男,1948/7/7 0:00,,民,,,前,
44,2005,id08_27_17,大阪府１７区,-,3,29732,14.2,真鍋穣,男,1951/9/30 0:00,,共,,,新,
44,2005,id08_27_18,大阪府１８区,当,1,139616,52.9,中山太郎,男,1924/8/27 0:00,7,自,,,前,公
44,2005,id08_27_18,大阪府１８区,-,3,93402,35.4,中川治,男,1951/2/10 0:00,,民,,,前,
44,2005,id08_27_18,大阪府１８区,-,3,30912,11.7,大塚康樹,男,1967/10/11 0:00,,共,,,新,
44,2005,id08_27_19,大阪府１９区,当,1,91918,48.3,長安豊,男,1968/9/5 0:00,2,民,,,前,
44,2005,id08_27_19,大阪府１９区,比当,2,82437,43.3,松浪健四郎,男,1946/10/14 0:00,,自,二,志帥会,元,公
44,2005,id08_27_19,大阪府１９区,-,3,15855,8.3,和気豊,男,1941/3/10 0:00,,共,,,新,
44,2005,id08_28_01,兵庫県１区,当,1,95746,43,盛山正仁,男,1953/12/14 0:00,1,自,,,新,公
44,2005,id08_28_01,兵庫県１区,-,3,65386,29.3,石井一,男,1934/8/17 0:00,,民,,,前,
44,2005,id08_28_01,兵庫県１区,-,3,21844,9.8,原和美,女,1950/1/1 0:00,,無,,,新,
44,2005,id08_28_01,兵庫県１区,-,3,21402,9.6,味口俊之,男,1969/10/20 0:00,,共,,,新,
44,2005,id08_28_01,兵庫県１区,-,3,16074,7.2,砂田圭佑,男,1933/11/21 0:00,,無,自,,前,
44,2005,id08_28_01,兵庫県１区,-,3,2392,1.1,岩元伸市,男,1933/12/23 0:00,,無,,,新,
44,2005,id08_28_02,兵庫県２区,当,1,106056,48.1,赤羽一嘉,男,1958/5/7 0:00,5,公,,,前,自
44,2005,id08_28_02,兵庫県２区,-,3,83380,37.8,泉房穂,男,1963/8/19 0:00,,民,,,前,
44,2005,id08_28_02,兵庫県２区,-,3,31155,14.1,平松順子,女,1949/10/11 0:00,,共,,,新,
44,2005,id08_28_03,兵庫県３区,当,1,92556,45.3,関芳弘,男,1965/6/7 0:00,1,自,,,新,公
44,2005,id08_28_03,兵庫県３区,比当,2,87182,42.7,土肥隆一,男,1939/2/11 0:00,,民,,,前,
44,2005,id08_28_03,兵庫県３区,-,3,24655,12.1,今井正子,女,1952/8/2 0:00,,共,,,新,
44,2005,id08_28_04,兵庫県４区,当,1,150580,56,井上喜一,男,1932/5/24 0:00,7,自,二,志帥会,前,公
44,2005,id08_28_04,兵庫県４区,-,3,97074,36.1,高橋昭一,男,1964/6/24 0:00,,民,,,新,
44,2005,id08_28_04,兵庫県４区,-,3,21202,7.9,永井修,男,1941/2/1 0:00,,共,,,新,
44,2005,id08_28_05,兵庫県５区,当,1,118063,45.3,谷公一,男,1952/1/28 0:00,2,自,亀,志帥会,前,公
44,2005,id08_28_05,兵庫県５区,-,3,87977,33.8,梶原康弘,男,1956/10/14 0:00,,民,,,前,
44,2005,id08_28_05,兵庫県５区,-,3,36842,14.1,日村豊彦,男,1952/10/31 0:00,,無,,,新,
44,2005,id08_28_05,兵庫県５区,-,3,17717,6.8,平山和志,男,1953/11/21 0:00,,共,,,新,
44,2005,id08_28_06,兵庫県６区,当,1,112265,36.4,木挽司,男,1958/10/18 0:00,1,自,,,新,公
44,2005,id08_28_06,兵庫県６区,比当,2,102055,33.1,市村浩一郎,男,1964/7/16 0:00,,民,,,前,
44,2005,id08_28_06,兵庫県６区,-,3,47534,15.4,阪上善秀,男,1947/8/4 0:00,,無,自,,元,
44,2005,id08_28_06,兵庫県６区,-,3,28875,9.4,中川智子,女,1947/9/28 0:00,,社,,,元,
44,2005,id08_28_06,兵庫県６区,-,3,17696,5.7,大塚寿夫,男,1939/1/28 0:00,,共,,,新,
44,2005,id08_28_07,兵庫県７区,当,1,145851,50.2,大前繁雄,男,1942/6/28 0:00,2,自,山,近未来,前,公
44,2005,id08_28_07,兵庫県７区,-,3,96003,33.1,石井登志郎,男,1971/5/29 0:00,,民,,,新,
44,2005,id08_28_07,兵庫県７区,-,3,26145,9,坂本洋子,女,1962/7/13 0:00,,社,,,新,
44,2005,id08_28_07,兵庫県７区,-,3,22304,7.7,礒見恵子,女,1957/2/12 0:00,,共,,,新,
44,2005,id08_28_08,兵庫県８区,当,1,109957,46.3,冬柴鉄三,男,1936/6/29 0:00,7,公,,,前,自
44,2005,id08_28_08,兵庫県８区,-,3,83288,35.1,室井邦彦,男,1947/4/10 0:00,,民,,,前,
44,2005,id08_28_08,兵庫県８区,-,3,29986,12.6,庄本悦子,女,1954/8/16 0:00,,共,,,新,
44,2005,id08_28_08,兵庫県８区,-,3,14019,5.9,植田至紀,男,1965/12/7 0:00,,社,,,元,
44,2005,id08_28_09,兵庫県９区,当,1,136605,58.3,西村康稔,男,1962/10/15 0:00,2,自,森,清和会,前,公
44,2005,id08_28_09,兵庫県９区,-,3,61617,26.3,畠中光成,男,1972/6/30 0:00,,民,,,新,
44,2005,id08_28_09,兵庫県９区,-,3,21647,9.2,宮本一三,男,1931/9/7 0:00,,日,自,,元,
44,2005,id08_28_09,兵庫県９区,-,3,14539,6.2,大椙鉄夫,男,1948/4/9 0:00,,共,,,新,
44,2005,id08_28_10,兵庫県１０区,当,1,112870,51.4,渡海紀三朗,男,1948/2/11 0:00,6,自,山,近未来,前,公
44,2005,id08_28_10,兵庫県１０区,-,3,90640,41.2,岡田康裕,男,1975/7/13 0:00,,民,,,新,
44,2005,id08_28_10,兵庫県１０区,-,3,16235,7.4,星原幸代,女,1942/6/22 0:00,,共,,,新,
44,2005,id08_28_11,兵庫県１１区,当,1,113401,47.5,戸井田徹,男,1951/11/25 0:00,2,自,橋,平成研,元,公
44,2005,id08_28_11,兵庫県１１区,比当,2,110966,46.5,松本剛明,男,1959/4/25 0:00,,民,,,前,
44,2005,id08_28_11,兵庫県１１区,-,3,14441,6,竹内典昭,男,1975/1/14 0:00,,共,,,新,
44,2005,id08_28_12,兵庫県１２区,当,1,115731,50.1,河本三郎,男,1950/9/7 0:00,3,自,高,番町研,前,公
44,2005,id08_28_12,兵庫県１２区,比当,2,106566,46.2,山口壮,男,1954/10/3 0:00,,民,,,元,
44,2005,id08_28_12,兵庫県１２区,-,3,8480,3.7,太田清幸,男,1955/6/10 0:00,,共,,,新,
44,2005,id08_29_01,奈良県１区,当,1,73062,37.2,馬淵澄夫,男,1960/8/23 0:00,2,民,,,前,
44,2005,id08_29_01,奈良県１区,比当,2,66215,33.7,鍵田忠兵衛,男,1957/8/6 0:00,,自,,,新,
44,2005,id08_29_01,奈良県１区,-,3,41914,21.4,森岡正宏,男,1943/1/29 0:00,,無,自,,前,
44,2005,id08_29_01,奈良県１区,-,3,15071,7.7,細野歩,男,1957/5/5 0:00,,共,,,新,
44,2005,id08_29_02,奈良県２区,当,1,92096,44.5,高市早苗,女,1961/3/7 0:00,4,自,森,清和会,元,公
44,2005,id08_29_02,奈良県２区,-,3,72074,34.8,中村哲治,男,1971/7/24 0:00,,民,,,前,
44,2005,id08_29_02,奈良県２区,比当,2,29995,14.5,滝実,男,1938/9/15 0:00,,日,自,,前,
44,2005,id08_29_02,奈良県２区,-,3,12657,6.1,中野明美,女,1948/3/14 0:00,,共,,,新,
44,2005,id08_29_03,奈良県３区,当,1,104572,52.9,奥野信亮,男,1944/3/5 0:00,2,自,森,清和会,前,公
44,2005,id08_29_03,奈良県３区,-,3,75034,38,吉川政重,男,1963/10/12 0:00,,民,,,新,
44,2005,id08_29_03,奈良県３区,-,3,18096,9.2,正木敦,男,1971/7/22 0:00,,共,,,新,
44,2005,id08_29_04,奈良県４区,当,1,107014,55.5,田野瀬良太郎,男,1943/10/31 0:00,5,自,山,近未来,前,公
44,2005,id08_29_04,奈良県４区,-,3,76031,39.5,森下豊,男,1958/4/3 0:00,,民,,,新,
44,2005,id08_29_04,奈良県４区,-,3,9624,5,青木光治,男,1959/5/12 0:00,,共,,,新,
44,2005,id08_30_01,和歌山県１区,当,1,100868,51,谷本龍哉,男,1966/10/26 0:00,3,自,森,清和会,前,公
44,2005,id08_30_01,和歌山県１区,-,3,78621,39.7,岸本周平,男,1956/7/12 0:00,,民,,,新,
44,2005,id08_30_01,和歌山県１区,-,3,18418,9.3,下角力,男,1953/1/6 0:00,,共,,,新,
44,2005,id08_30_02,和歌山県２区,当,1,88915,54.1,石田真敏,男,1952/4/11 0:00,3,自,山,近未来,前,公
44,2005,id08_30_02,和歌山県２区,-,3,62499,38,岸本健,男,1970/8/3 0:00,,民,,,前,
44,2005,id08_30_02,和歌山県２区,-,3,13027,7.9,下村雅洋,男,1955/1/16 0:00,,共,,,新,
44,2005,id08_30_03,和歌山県３区,当,1,145735,66.4,二階俊博,男,1939/2/17 0:00,8,自,二,志帥会,前,公
44,2005,id08_30_03,和歌山県３区,-,3,53532,24.4,真鍋晃篤,男,1971/4/13 0:00,,民,,,新,
44,2005,id08_30_03,和歌山県３区,-,3,20140,9.2,上田稔,男,1947/2/1 0:00,,共,,,新,
44,2005,id09_31_01,鳥取県１区,当,1,106805,59.2,石破茂,男,1957/2/4 0:00,7,自,橋,平成研,前,公
44,2005,id09_31_01,鳥取県１区,-,3,48092,26.7,早川周作,男,1976/12/17 0:00,,民,,,新,
44,2005,id09_31_01,鳥取県１区,-,3,14271,7.9,田中清一,男,1953/8/11 0:00,,社,,,新,
44,2005,id09_31_01,鳥取県１区,-,3,11105,6.2,塚田成幸,男,1964/2/6 0:00,,共,,,新,
44,2005,id09_31_02,鳥取県２区,当,1,64132,37.4,赤沢亮正,男,1960/12/18 0:00,1,自,,,新,公
44,2005,id09_31_02,鳥取県２区,-,3,58909,34.4,川上義博,男,1950/10/26 0:00,,無,自,,前,
44,2005,id09_31_02,鳥取県２区,-,3,41533,24.2,山内功,男,1954/10/16 0:00,,民,,,前,
44,2005,id09_31_02,鳥取県２区,-,3,6711,3.9,鷲見節夫,男,1944/10/9 0:00,,共,,,新,
44,2005,id09_32_01,島根県１区,当,1,125401,60.5,細田博之,男,1944/4/5 0:00,6,自,森,清和会,前,公
44,2005,id09_32_01,島根県１区,-,3,59334,28.6,濱口和久,男,1968/10/14 0:00,,民,,,新,
44,2005,id09_32_01,島根県１区,-,3,12786,6.2,上代善雄,男,1954/7/24 0:00,,共,,,新,
44,2005,id09_32_01,島根県１区,-,3,9675,4.7,加納克己,男,1943/11/6 0:00,,社,,,新,
44,2005,id09_32_02,島根県２区,当,1,127118,51.9,竹下亘,男,1946/11/3 0:00,3,自,橋,平成研,前,公
44,2005,id09_32_02,島根県２区,比当,2,72098,29.4,亀井久興,男,1939/11/8 0:00,,国,自,,前,
44,2005,id09_32_02,島根県２区,-,3,34999,14.3,小室寿明,男,1960/9/18 0:00,,民,,,新,
44,2005,id09_32_02,島根県２区,-,3,10704,4.4,向瀬慎一,男,1971/1/12 0:00,,共,,,新,
44,2005,id09_33_01,岡山県１区,当,1,127294,60.8,逢沢一郎,男,1954/6/10 0:00,7,自,小,平成研,前,公
44,2005,id09_33_01,岡山県１区,-,3,61357,29.3,菅源太郎,男,1972/10/30 0:00,,民,,,新,
44,2005,id09_33_01,岡山県１区,-,3,12068,5.8,植本完治,男,1959/4/3 0:00,,共,,,新,
44,2005,id09_33_01,岡山県１区,-,3,8560,4.1,福島捷美,男,1938/8/21 0:00,,社,,,新,
44,2005,id09_33_02,岡山県２区,当,1,88277,46.9,津村啓介,男,1971/10/27 0:00,2,民,,,前,
44,2005,id09_33_02,岡山県２区,比当,2,86035,45.7,萩原誠司,男,1956/4/28 0:00,,自,,,新,公
44,2005,id09_33_02,岡山県２区,-,3,13999,7.4,尾崎宏子,女,1956/9/16 0:00,,共,,,新,
44,2005,id09_33_03,岡山県３区,当,1,99931,49,平沼赳夫,男,1939/8/3 0:00,9,無,自,,前,
44,2005,id09_33_03,岡山県３区,比当,2,59303,29.1,阿部俊子,女,1959/5/19 0:00,,自,,,新,公
44,2005,id09_33_03,岡山県３区,-,3,36356,17.8,中村徹夫,男,1955/3/8 0:00,,民,,,新,
44,2005,id09_33_03,岡山県３区,-,3,8466,4.1,中嶋義晴,男,1941/6/14 0:00,,共,,,新,
44,2005,id09_33_04,岡山県４区,当,1,102370,47.4,柚木道義,男,1972/5/28 0:00,1,民,,,新,
44,2005,id09_33_04,岡山県４区,比当,2,96356,44.6,橋本岳,男,1974/2/5 0:00,,自,,,新,公
44,2005,id09_33_04,岡山県４区,-,3,17094,7.9,東毅,男,1976/3/31 0:00,,共,,,新,
44,2005,id09_33_05,岡山県５区,当,1,114981,59.6,村田吉隆,男,1944/7/30 0:00,6,自,堀,宏池会,前,公
44,2005,id09_33_05,岡山県５区,-,3,67569,35,花咲宏基,男,1966/8/14 0:00,,民,,,新,
44,2005,id09_33_05,岡山県５区,-,3,10517,5.4,堀良道,男,1948/9/2 0:00,,共,,,新,
44,2005,id09_34_01,広島県１区,当,1,107239,57.3,岸田文雄,男,1957/7/29 0:00,5,自,堀,宏池会,前,公
44,2005,id09_34_01,広島県１区,-,3,58946,31.5,菅川洋,男,1968/10/19 0:00,,民,,,新,
44,2005,id09_34_01,広島県１区,-,3,10698,5.7,長妻亮,男,1977/2/23 0:00,,共,,,新,
44,2005,id09_34_01,広島県１区,-,3,10313,5.5,上村好輝,男,1960/4/16 0:00,,社,,,新,
44,2005,id09_34_02,広島県２区,当,1,129462,50.8,平口洋,男,1948/8/1 0:00,1,自,,,新,公
44,2005,id09_34_02,広島県２区,比当,2,112435,44.1,松本大輔,男,1971/8/5 0:00,,民,,,前,
44,2005,id09_34_02,広島県２区,-,3,13047,5.1,高見篤己,男,1952/4/16 0:00,,共,,,新,
44,2005,id09_34_03,広島県３区,当,1,94017,42.1,河井克行,男,1963/3/11 0:00,3,自,橋,平成研,前,公
44,2005,id09_34_03,広島県３区,-,3,59576,26.7,橋本博明,男,1970/7/22 0:00,,民,,,新,
44,2005,id09_34_03,広島県３区,-,3,31792,14.2,石橋良三,男,1948/1/2 0:00,,無,,,新,
44,2005,id09_34_03,広島県３区,-,3,26269,11.8,金子哲夫,男,1948/7/18 0:00,,社,,,元,
44,2005,id09_34_03,広島県３区,-,3,9892,4.4,大西理,男,1966/2/8 0:00,,共,,,新,
44,2005,id09_34_03,広島県３区,-,3,1824,0.8,二見順子,女,1943/8/16 0:00,,無,,,新,
44,2005,id09_34_04,広島県４区,当,1,110046,58.5,中川秀直,男,1944/2/2 0:00,9,自,森,清和会,前,公
44,2005,id09_34_04,広島県４区,-,3,67921,36.1,空本誠喜,男,1964/3/11 0:00,,民,,,新,
44,2005,id09_34_04,広島県４区,-,3,10270,5.5,中石仁,男,1962/11/25 0:00,,共,,,新,
44,2005,id09_34_05,広島県５区,当,1,97383,49.6,寺田稔,男,1958/1/24 0:00,2,自,堀,宏池会,前,公
44,2005,id09_34_05,広島県５区,比当,2,91121,46.4,三谷光男,男,1959/6/16 0:00,,民,,,新,
44,2005,id09_34_05,広島県５区,-,3,7765,4,角谷進,男,1946/10/11 0:00,,共,,,新,
44,2005,id09_34_06,広島県６区,当,1,110979,41.5,亀井静香,男,1936/11/1 0:00,10,国,自,,前,
44,2005,id09_34_06,広島県６区,-,3,84433,31.6,堀江貴文,男,1972/10/29 0:00,,無,,,新,
44,2005,id09_34_06,広島県６区,-,3,68365,25.6,佐藤公治,男,1959/7/28 0:00,,民,,,前,
44,2005,id09_34_06,広島県６区,-,3,3433,1.3,伊藤洋二,男,1978/4/17 0:00,,無,,,新,
44,2005,id09_34_07,広島県７区,当,1,122465,50.8,宮沢洋一,男,1950/4/21 0:00,3,自,堀,宏池会,前,公
44,2005,id09_34_07,広島県７区,-,3,104009,43.2,和田隆志,男,1963/7/18 0:00,,民,,,前,
44,2005,id09_34_07,広島県７区,-,3,14444,6,森川美紀恵,女,1950/1/24 0:00,,共,,,新,
44,2005,id09_35_01,山口県１区,当,1,148912,63.8,高村正彦,男,1942/3/15 0:00,9,自,高,番町研,前,公
44,2005,id09_35_01,山口県１区,-,3,64309,27.6,北角嘉幸,男,1963/5/28 0:00,,民,,,新,
44,2005,id09_35_01,山口県１区,-,3,20059,8.6,三村真千代,女,1946/5/6 0:00,,共,,,新,
44,2005,id09_35_02,山口県２区,当,1,104322,47.1,福田良彦,男,1970/6/14 0:00,1,自,,,新,公
44,2005,id09_35_02,山口県２区,比当,2,103734,46.8,平岡秀夫,男,1954/1/14 0:00,,民,,,前,
44,2005,id09_35_02,山口県２区,-,3,13499,6.1,山中良二,男,1959/1/17 0:00,,共,,,新,
44,2005,id09_35_03,山口県３区,当,1,118412,62.2,河村建夫,男,1942/11/10 0:00,6,自,亀,志帥会,前,公
44,2005,id09_35_03,山口県３区,-,3,55815,29.3,三浦昇,男,1970/7/5 0:00,,民,,,新,
44,2005,id09_35_03,山口県３区,-,3,16124,8.5,五島博,男,1956/1/27 0:00,,共,,,新,
44,2005,id09_35_04,山口県４区,当,1,137701,73.6,安倍晋三,男,1954/9/21 0:00,5,自,森,清和会,前,公
44,2005,id09_35_04,山口県４区,-,3,36847,19.7,加藤隆,男,1949/8/4 0:00,,民,,,新,
44,2005,id09_35_04,山口県４区,-,3,12499,6.7,木佐木大助,男,1955/2/9 0:00,,共,,,新,
44,2005,id10_36_01,徳島県１区,当,1,68026,51.3,仙谷由人,男,1946/1/15 0:00,5,民,,,前,
44,2005,id10_36_01,徳島県１区,比当,2,54843,41.3,岡本芳郎,男,1943/10/5 0:00,,自,橋,平成研,前,公
44,2005,id10_36_01,徳島県１区,-,3,9769,7.4,上村秀明,男,1959/1/1 0:00,,共,,,新,
44,2005,id10_36_02,徳島県２区,当,1,62582,39.5,山口俊一,男,1950/2/28 0:00,6,無,自,,前,
44,2005,id10_36_02,徳島県２区,-,3,47199,29.8,高井美穂,女,1971/11/30 0:00,,民,,,前,
44,2005,id10_36_02,徳島県２区,比当,2,43695,27.6,七条明,男,1951/8/1 0:00,,自,高,番町研,前,公
44,2005,id10_36_02,徳島県２区,-,3,4767,3,山本千代子,女,1949/1/2 0:00,,共,,,新,
44,2005,id10_36_03,徳島県３区,当,1,88581,57.3,後藤田正純,男,1969/8/5 0:00,3,自,橋,平成研,前,公
44,2005,id10_36_03,徳島県３区,-,3,60063,38.8,仁木博文,男,1966/5/23 0:00,,民,,,新,
44,2005,id10_36_03,徳島県３区,-,3,6017,3.9,青木利男,男,1944/7/10 0:00,,共,,,新,
44,2005,id10_37_01,香川県１区,当,1,103592,50.9,平井卓也,男,1958/1/25 0:00,3,自,堀,宏池会,前,公
44,2005,id10_37_01,香川県１区,比当,2,91461,44.9,小川淳也,男,1971/4/18 0:00,,民,,,新,
44,2005,id10_37_01,香川県１区,-,3,8432,4.1,松原昭夫,男,1956/3/16 0:00,,共,,,新,
44,2005,id10_37_02,香川県２区,当,1,100794,55.9,木村義雄,男,1948/4/17 0:00,7,自,山,近未来,前,公
44,2005,id10_37_02,香川県２区,-,3,70177,38.9,玉木雄一郎,男,1969/5/1 0:00,,民,,,新,
44,2005,id10_37_02,香川県２区,-,3,9382,5.2,河村整,男,1959/6/6 0:00,,共,,,新,
44,2005,id10_37_03,香川県３区,当,1,107726,66.9,大野功統,男,1935/10/16 0:00,7,自,山,近未来,前,公
44,2005,id10_37_03,香川県３区,-,3,39177,24.3,奥田研二,男,1945/6/11 0:00,,社,,,新,
44,2005,id10_37_03,香川県３区,-,3,14086,8.7,近石美智子,女,1948/1/9 0:00,,共,,,新,
44,2005,id10_38_01,愛媛県１区,当,1,138068,60.4,塩崎恭久,男,1950/11/7 0:00,4,自,堀,宏池会,前,
44,2005,id10_38_01,愛媛県１区,-,3,59985,26.3,玉井彰,男,1953/5/17 0:00,,民,,,新,
44,2005,id10_38_01,愛媛県１区,-,3,14380,6.3,野口仁,男,1947/7/5 0:00,,社,,,新,
44,2005,id10_38_01,愛媛県１区,-,3,12788,5.6,田中克彦,男,1967/4/22 0:00,,共,,,新,
44,2005,id10_38_01,愛媛県１区,-,3,3277,1.4,岡靖,男,1939/4/25 0:00,,無,,,新,
44,2005,id10_38_02,愛媛県２区,当,1,115297,59.2,村上誠一郎,男,1952/5/11 0:00,7,自,高,番町研,前,
44,2005,id10_38_02,愛媛県２区,-,3,64874,33.3,斉藤政光,男,1969/1/10 0:00,,民,,,新,
44,2005,id10_38_02,愛媛県２区,-,3,14553,7.5,越智啓治,男,1971/10/14 0:00,,共,,,新,
44,2005,id10_38_03,愛媛県３区,当,1,92245,54.5,小野晋也,男,1955/4/28 0:00,5,自,森,清和会,前,
44,2005,id10_38_03,愛媛県３区,-,3,60937,36,高橋剛,男,1942/4/1 0:00,,民,,,新,
44,2005,id10_38_03,愛媛県３区,-,3,16224,9.6,一色一正,男,1950/1/3 0:00,,共,,,新,
44,2005,id10_38_04,愛媛県４区,当,1,115501,63.1,山本公一,男,1947/9/4 0:00,5,自,小,平成研,前,
44,2005,id10_38_04,愛媛県４区,-,3,52824,28.9,浜口金也,男,1954/2/26 0:00,,民,,,新,
44,2005,id10_38_04,愛媛県４区,-,3,14654,8,山本弘志,男,1956/3/1 0:00,,共,,,新,
44,2005,id10_39_01,高知県１区,当,1,53754,42.7,福井照,男,1953/12/14 0:00,3,自,堀,宏池会,前,公
44,2005,id10_39_01,高知県１区,比当,2,49704,39.5,五島正規,男,1939/3/5 0:00,,民,,,前,
44,2005,id10_39_01,高知県１区,-,3,22369,17.8,春名ナオ章,男,1959/4/16 0:00,,共,,,元,
44,2005,id10_39_02,高知県２区,当,1,70010,51.1,中谷元,男,1957/10/14 0:00,6,自,小,平成研,前,公
44,2005,id10_39_02,高知県２区,-,3,44890,32.8,田村久美子,女,1959/3/27 0:00,,民,,,新,
44,2005,id10_39_02,高知県２区,-,3,22014,16.1,谷崎治之,男,1959/1/16 0:00,,共,,,新,
44,2005,id10_39_03,高知県３区,当,1,74072,50.1,山本有二,男,1952/5/11 0:00,6,自,高,番町研,前,公
44,2005,id10_39_03,高知県３区,-,3,53718,36.3,中山知意,女,1978/5/6 0:00,,民,,,新,
44,2005,id10_39_03,高知県３区,-,3,20090,13.6,本多公二,男,1947/10/25 0:00,,共,,,新,
44,2005,id11_40_01,福岡県１区,当,1,99939,47.3,松本龍,男,1951/5/17 0:00,6,民,,,前,
44,2005,id11_40_01,福岡県１区,比当,2,92891,43.9,遠藤宣彦,男,1963/6/5 0:00,,自,,,新,
44,2005,id11_40_01,福岡県１区,-,3,18611,8.8,橋本英一,男,1947/10/26 0:00,,共,,,新,
44,2005,id11_40_02,福岡県２区,当,1,136702,52.4,山崎拓,男,1936/12/11 0:00,12,自,山,近未来,前,公
44,2005,id11_40_02,福岡県２区,-,3,96963,37.1,平田正源,男,1967/9/19 0:00,,民,,,新,
44,2005,id11_40_02,福岡県２区,-,3,12852,4.9,山田博敏,男,1962/1/2 0:00,,共,,,新,
44,2005,id11_40_02,福岡県２区,-,3,11771,4.5,西村健志郎,男,1959/8/12 0:00,,社,,,新,
44,2005,id11_40_02,福岡県２区,-,3,2821,1.1,藤本豊,男,1951/4/6 0:00,,無,,,新,
44,2005,id11_40_03,福岡県３区,当,1,139428,54.1,太田誠一,男,1945/10/30 0:00,8,自,堀,宏池会,元,公
44,2005,id11_40_03,福岡県３区,-,3,104734,40.6,藤田一枝,女,1949/7/20 0:00,,民,,,前,
44,2005,id11_40_03,福岡県３区,-,3,13723,5.3,中園辰信,男,1952/1/30 0:00,,共,,,新,
44,2005,id11_40_04,福岡県４区,当,1,114613,53.1,渡辺具能,男,1941/4/7 0:00,4,自,山,近未来,前,公
44,2005,id11_40_04,福岡県４区,-,3,85658,39.7,楢崎欣弥,男,1943/8/19 0:00,,民,,,前,
44,2005,id11_40_04,福岡県４区,-,3,15542,7.2,新留清隆,男,1955/7/28 0:00,,共,,,新,
44,2005,id11_40_05,福岡県５区,当,1,139178,53.3,原田義昭,男,1944/10/1 0:00,5,自,山,近未来,前,公
44,2005,id11_40_05,福岡県５区,-,3,104550,40,楠田大蔵,男,1975/4/20 0:00,,民,,,前,
44,2005,id11_40_05,福岡県５区,-,3,17560,6.7,河内直子,女,1953/1/4 0:00,,共,,,新,
44,2005,id11_40_06,福岡県６区,当,1,131946,52.1,鳩山邦夫,男,1948/9/13 0:00,10,自,,,前,公
44,2005,id11_40_06,福岡県６区,比当,2,109826,43.3,古賀一成,男,1947/7/30 0:00,,民,,,前,
44,2005,id11_40_06,福岡県６区,-,3,11623,4.6,中西和也,男,1942/6/21 0:00,,共,,,新,
44,2005,id11_40_07,福岡県７区,当,1,112420,54.1,古賀誠,男,1940/8/5 0:00,9,自,堀,宏池会,前,
44,2005,id11_40_07,福岡県７区,-,3,75524,36.3,中屋大介,男,1978/2/3 0:00,,民,,,新,
44,2005,id11_40_07,福岡県７区,-,3,19847,9.6,大森秀久,男,1950/12/2 0:00,,共,,,新,
44,2005,id11_40_08,福岡県８区,当,1,145229,56.9,麻生太郎,男,1940/9/20 0:00,9,自,河,志公会,前,
44,2005,id11_40_08,福岡県８区,-,3,87856,34.4,大島九州男,男,1961/6/11 0:00,,民,,,新,
44,2005,id11_40_08,福岡県８区,-,3,22176,8.7,渡辺和幸,男,1959/9/27 0:00,,共,,,新,
44,2005,id11_40_09,福岡県９区,当,1,121465,47.6,三原朝彦,男,1947/5/23 0:00,5,自,橋,平成研,前,公
44,2005,id11_40_09,福岡県９区,比当,2,106738,41.9,北橋健治,男,1953/3/19 0:00,,民,,,前,
44,2005,id11_40_09,福岡県９区,-,3,26791,10.5,真島省三,男,1963/1/12 0:00,,共,,,新,
44,2005,id11_40_10,福岡県１０区,当,1,97748,38.4,西川京子,女,1945/10/2 0:00,3,自,亀,志帥会,前,
44,2005,id11_40_10,福岡県１０区,-,3,65129,25.6,自見庄三郎,男,1945/11/5 0:00,,無,自,,前,
44,2005,id11_40_10,福岡県１０区,-,3,60662,23.8,城井崇,男,1973/6/23 0:00,,民,,,前,
44,2005,id11_40_10,福岡県１０区,-,3,21140,8.3,田村貴昭,男,1961/4/30 0:00,,共,,,新,
44,2005,id11_40_10,福岡県１０区,-,3,10191,4,小島潤一郎,男,1971/2/28 0:00,,社,,,新,
44,2005,id11_40_11,福岡県１１区,当,1,78757,39.5,武田良太,男,1968/4/1 0:00,2,無,自,,前,
44,2005,id11_40_11,福岡県１１区,比当,2,78308,39.3,山本幸三,男,1948/8/8 0:00,,自,堀,宏池会,元,
44,2005,id11_40_11,福岡県１１区,-,3,32231,16.2,稲富修二,男,1970/8/26 0:00,,民,,,新,
44,2005,id11_40_11,福岡県１１区,-,3,10075,5.1,村上勝二,男,1951/10/14 0:00,,共,,,新,
44,2005,id11_41_01,佐賀県１区,当,1,84643,50.3,福岡資麿,男,1973/5/9 0:00,1,自,,,新,公
44,2005,id11_41_01,佐賀県１区,比当,2,75449,44.9,原口一博,男,1959/7/2 0:00,,民,,,前,
44,2005,id11_41_01,佐賀県１区,-,3,8029,4.8,武藤明美,女,1947/9/27 0:00,,共,,,新,
44,2005,id11_41_02,佐賀県２区,当,1,66995,42.1,今村雅弘,男,1947/1/5 0:00,4,無,自,,前,
44,2005,id11_41_02,佐賀県２区,比当,2,51299,32.2,大串博志,男,1965/8/31 0:00,,民,,,新,
44,2005,id11_41_02,佐賀県２区,-,3,35039,22,土開千昭,男,1972/7/6 0:00,,自,,,新,
44,2005,id11_41_02,佐賀県２区,-,3,5900,3.7,石丸泰男,男,1941/3/29 0:00,,共,,,新,
44,2005,id11_41_03,佐賀県３区,当,1,87485,54,保利耕輔,男,1934/9/23 0:00,10,無,自,,前,
44,2005,id11_41_03,佐賀県３区,比当,2,48992,30.3,広津素子,女,1953/5/16 0:00,,自,,,新,
44,2005,id11_41_03,佐賀県３区,-,3,17433,10.8,柳瀬映二,男,1954/5/11 0:00,,社,,,新,
44,2005,id11_41_03,佐賀県３区,-,3,7966,4.9,船津賢次,男,1946/8/19 0:00,,共,,,新,
44,2005,id11_42_01,長崎県１区,当,1,110518,48.3,高木義明,男,1945/12/22 0:00,6,民,,,前,
44,2005,id11_42_01,長崎県１区,比当,2,101981,44.6,冨岡勉,男,1948/7/4 0:00,,自,,,新,公
44,2005,id11_42_01,長崎県１区,-,3,16341,7.1,原口敏彦,男,1961/12/9 0:00,,共,,,新,
44,2005,id11_42_02,長崎県２区,当,1,123234,54.8,久間章生,男,1940/12/4 0:00,9,自,橋,平成研,前,公
44,2005,id11_42_02,長崎県２区,-,3,88472,39.4,大久保潔重,男,1966/3/12 0:00,,民,,,新,
44,2005,id11_42_02,長崎県２区,-,3,13088,5.8,渕瀬栄子,女,1956/4/3 0:00,,共,,,新,
44,2005,id11_42_03,長崎県３区,当,1,83992,53,谷川弥一,男,1941/8/12 0:00,2,自,森,清和会,前,公
44,2005,id11_42_03,長崎県３区,比当,2,74384,47,山田正彦,男,1942/4/8 0:00,,民,,,前,
44,2005,id11_42_04,長崎県４区,当,1,97174,50.7,北村誠吾,男,1947/1/29 0:00,3,自,堀,宏池会,前,公
44,2005,id11_42_04,長崎県４区,-,3,67088,35,宮島大典,男,1963/6/6 0:00,,民,自,,元,
44,2005,id11_42_04,長崎県４区,-,3,27240,14.2,今川正美,男,1947/8/7 0:00,,社,,,元,
44,2005,id11_43_01,熊本県１区,当,1,112500,47.9,松野頼久,男,1960/9/19 0:00,3,民,,,前,
44,2005,id11_43_01,熊本県１区,比当,2,110072,46.9,木原稔,男,1969/8/12 0:00,,自,,,新,公
44,2005,id11_43_01,熊本県１区,-,3,12110,5.2,那須円,男,1975/6/18 0:00,,共,,,新,
44,2005,id11_43_02,熊本県２区,当,1,112549,55.8,野田毅,男,1941/10/3 0:00,12,自,山,近未来,前,公
44,2005,id11_43_02,熊本県２区,-,3,79793,39.5,松野信夫,男,1951/6/2 0:00,,民,,,前,
44,2005,id11_43_02,熊本県２区,-,3,9432,4.7,上野哲夫,男,1954/6/4 0:00,,共,,,新,
44,2005,id11_43_03,熊本県３区,当,1,86688,43.7,松岡利勝,男,1945/2/25 0:00,6,自,亀,志帥会,前,公
44,2005,id11_43_03,熊本県３区,-,3,78796,39.7,坂本哲志,男,1950/11/6 0:00,,無,,,前,
44,2005,id11_43_03,熊本県３区,-,3,32808,16.5,中川浩一郎,男,1960/11/11 0:00,,民,,,新,
44,2005,id11_43_04,熊本県４区,当,1,136380,68.3,園田博之,男,1942/2/19 0:00,7,自,小,平成研,前,公
44,2005,id11_43_04,熊本県４区,-,3,63169,31.7,松本基督,男,1955/11/17 0:00,,民,,,新,
44,2005,id11_43_05,熊本県５区,当,1,105690,61.6,金子恭之,男,1961/2/27 0:00,3,自,山,近未来,前,公
44,2005,id11_43_05,熊本県５区,-,3,65914,38.4,後藤英友,男,1966/9/23 0:00,,民,,,新,
44,2005,id11_44_01,大分県１区,当,1,94594,39.3,吉良州司,男,1958/3/16 0:00,2,民,,,前,
44,2005,id11_44_01,大分県１区,-,3,90667,37.6,衛藤晟一,男,1947/10/1 0:00,,無,自,,前,
44,2005,id11_44_01,大分県１区,比当,2,46205,19.2,佐藤錬,男,1951/7/15 0:00,,自,森,清和会,前,
44,2005,id11_44_01,大分県１区,-,3,9396,3.9,河野広子,女,1952/9/9 0:00,,共,,,新,
44,2005,id11_44_02,大分県２区,当,1,116837,51.5,衛藤征士郎,男,1941/4/29 0:00,8,自,森,清和会,前,公
44,2005,id11_44_02,大分県２区,比当,2,95017,41.9,重野安正,男,1941/12/1 0:00,,社,,,元,
44,2005,id11_44_02,大分県２区,-,3,14957,6.6,山下魁,男,1976/12/27 0:00,,共,,,新,
44,2005,id11_44_03,大分県３区,当,1,127656,53.1,岩屋毅,男,1957/8/24 0:00,4,自,河,志公会,前,公
44,2005,id11_44_03,大分県３区,比当,2,112833,46.9,横光克彦,男,1943/11/4 0:00,,民,社,,前,
44,2005,id11_45_01,宮崎県１区,当,1,121355,56.9,中山成彬,男,1943/6/7 0:00,6,自,森,清和会,前,公
44,2005,id11_45_01,宮崎県１区,-,3,56890,26.7,米沢隆,男,1940/1/28 0:00,,民,,,前,
44,2005,id11_45_01,宮崎県１区,-,3,26297,12.3,鳥飼謙二,男,1947/12/1 0:00,,社,,,新,
44,2005,id11_45_01,宮崎県１区,-,3,8735,4.1,前屋敷恵美,女,1950/2/4 0:00,,共,,,新,
44,2005,id11_45_02,宮崎県２区,当,1,101809,47.2,江藤拓,男,1960/7/1 0:00,2,無,自,,前,
44,2005,id11_45_02,宮崎県２区,-,3,61979,28.8,上杉光弘,男,1942/4/12 0:00,,自,橋,平成研,新,
44,2005,id11_45_02,宮崎県２区,-,3,51764,24,黒木健司,男,1953/8/7 0:00,,民,,,新,
44,2005,id11_45_03,宮崎県３区,当,1,102816,49.6,古川禎久,男,1965/8/3 0:00,2,無,自,,前,
44,2005,id11_45_03,宮崎県３区,-,3,82204,39.6,持永哲志,男,1960/7/26 0:00,,自,堀,宏池会,新,公
44,2005,id11_45_03,宮崎県３区,-,3,22352,10.8,外山斎,男,1976/4/23 0:00,,民,,,新,
44,2005,id11_46_01,鹿児島県１区,当,1,112437,53.5,保岡興治,男,1939/5/11 0:00,11,自,山,近未来,前,公
44,2005,id11_46_01,鹿児島県１区,比当,2,88284,42,川内博史,男,1961/11/2 0:00,,民,,,前,
44,2005,id11_46_01,鹿児島県１区,-,3,9525,4.5,桂田美智子,女,1953/6/12 0:00,,共,,,新,
44,2005,id11_46_02,鹿児島県２区,当,1,87737,42.9,徳田毅,男,1971/5/30 0:00,1,無,,,新,民
44,2005,id11_46_02,鹿児島県２区,-,3,71858,35.1,園田修光,男,1957/3/13 0:00,,自,橋,平成研,元,
44,2005,id11_46_02,鹿児島県２区,-,3,44853,21.9,打越明司,男,1958/4/11 0:00,,無,,,新,
44,2005,id11_46_03,鹿児島県３区,当,1,92291,47.9,宮路和明,男,1940/11/29 0:00,6,自,森,清和会,前,
44,2005,id11_46_03,鹿児島県３区,-,3,68808,35.7,松下忠洋,男,1939/2/9 0:00,,無,自,,前,
44,2005,id11_46_03,鹿児島県３区,-,3,31429,16.3,野間健,男,1958/10/8 0:00,,民,,,新,
44,2005,id11_46_04,鹿児島県４区,当,1,110258,59,小里泰弘,男,1958/9/29 0:00,1,自,小,平成研,新,公
44,2005,id11_46_04,鹿児島県４区,-,3,69921,37.4,浜田健一,男,1950/7/21 0:00,,民,社,,元,
44,2005,id11_46_04,鹿児島県４区,-,3,6635,3.6,米重均,男,1953/8/30 0:00,,共,,,新,
44,2005,id11_46_05,鹿児島県５区,当,1,110457,62.6,森山裕,男,1945/4/8 0:00,2,無,自,,前,
44,2005,id11_46_05,鹿児島県５区,-,3,55808,31.6,米正剛,男,1954/7/8 0:00,,自,,,新,
44,2005,id11_46_05,鹿児島県５区,-,3,10242,5.8,柴立俊明,男,1949/4/10 0:00,,共,,,新,
44,2005,id11_47_01,沖縄県１区,当,1,72384,43.8,下地幹郎,男,1961/8/14 0:00,3,無,自,,元,民
44,2005,id11_47_01,沖縄県１区,-,3,67540,40.8,白保台一,男,1942/8/3 0:00,,公,,,前,自
44,2005,id11_47_01,沖縄県１区,比当,2,23123,14,赤嶺政賢,男,1947/12/18 0:00,,共,,,前,
44,2005,id11_47_01,沖縄県１区,-,3,2307,1.4,上原秀之,男,1973/9/11 0:00,,無,,,新,
44,2005,id11_47_02,沖縄県２区,当,1,71861,46.7,照屋寛徳,男,1945/7/24 0:00,2,社,,,前,
44,2005,id11_47_02,沖縄県２区,比当,2,60540,39.3,安次富修,男,1956/2/20 0:00,,自,,,新,公
44,2005,id11_47_02,沖縄県２区,-,3,14617,9.5,島尻昇,男,1958/6/12 0:00,,無,民,,新,
44,2005,id11_47_02,沖縄県２区,-,3,6875,4.5,西平守伸,男,1950/8/4 0:00,,共,,,新,
44,2005,id11_47_03,沖縄県３区,当,1,72407,42.5,嘉数知賢,男,1941/6/1 0:00,4,自,森,清和会,前,公
44,2005,id11_47_03,沖縄県３区,-,3,51074,30,東門美津子,女,1942/11/16 0:00,,社,,,前,
44,2005,id11_47_03,沖縄県３区,-,3,40819,24,玉城デニー,男,1959/10/13 0:00,,民,,,新,
44,2005,id11_47_03,沖縄県３区,-,3,6043,3.5,猪原健,男,1976/6/26 0:00,,共,,,新,
44,2005,id11_47_04,沖縄県４区,当,1,68419,49,西銘恒三郎,男,1954/8/7 0:00,2,自,橋,平成研,前,公
44,2005,id11_47_04,沖縄県４区,-,3,41532,29.8,宮国忠広,男,1962/5/3 0:00,,民,,,新,
44,2005,id11_47_04,沖縄県４区,-,3,15068,10.8,真栄里保,男,1956/8/8 0:00,,共,,,新,
44,2005,id11_47_04,沖縄県４区,-,3,14491,10.4,金城浩,男,1948/5/21 0:00,,国,自連,,新,自連
45,2009,id01_01_01,北海道１区,当,1,183216,54.3,横路孝弘,男,1941/1/3 0:00,10,民,,,前,国
45,2009,id01_01_01,北海道１区,-,3,124343,36.8,長谷川岳,男,1971/2/16 0:00,,自,,,新,公
45,2009,id01_01_01,北海道１区,-,3,25803,7.6,松井秀明,男,1968/12/11 0:00,,共,,,新,
45,2009,id01_01_01,北海道１区,-,3,4083,1.2,高元和枝,女,1950/7/13 0:00,,諸,,,新,
45,2009,id01_01_02,北海道２区,当,1,165267,54.2,三井辨雄,男,1942/11/24 0:00,4,民,,,前,国
45,2009,id01_01_02,北海道２区,-,3,93870,30.8,吉川貴盛,男,1950/10/20 0:00,,自,津,平成研,前,公
45,2009,id01_01_02,北海道２区,-,3,27580,9,岡千陽,女,1963/6/26 0:00,,共,,,新,
45,2009,id01_01_02,北海道２区,-,3,14311,4.7,本田由美,女,1978/7/4 0:00,,社,,,新,
45,2009,id01_01_02,北海道２区,-,3,3782,1.2,山本志美,女,1966/9/26 0:00,,諸,,,新,
45,2009,id01_01_03,北海道３区,当,1,186081,60.9,荒井聰,男,1946/5/27 0:00,5,民,,,元,国
45,2009,id01_01_03,北海道３区,-,3,112844,36.9,石崎岳,男,1955/7/9 0:00,,自,町,清和会,前,公
45,2009,id01_01_03,北海道３区,-,3,6723,2.2,森山佳則,男,1966/12/17 0:00,,諸,,,新,
45,2009,id01_01_04,北海道４区,当,1,149697,65.5,鉢呂吉雄,男,1948/1/25 0:00,7,民,,,前,国
45,2009,id01_01_04,北海道４区,-,3,75029,32.8,宮本融,男,1965/7/28 0:00,,自,,,新,公
45,2009,id01_01_04,北海道４区,-,3,3923,1.7,鶴見俊蔵,男,1954/8/25 0:00,,諸,,,新,
45,2009,id01_01_05,北海道５区,当,1,182952,53.8,小林千代美,女,1968/12/8 0:00,2,民,,,元,国
45,2009,id01_01_05,北海道５区,比当,2,151448,44.6,町村信孝,男,1944/10/17 0:00,,自,町,清和会,前,公
45,2009,id01_01_05,北海道５区,-,3,5380,1.6,畑野泰紀,男,1967/2/28 0:00,,諸,,,新,
45,2009,id01_01_06,北海道６区,当,1,175879,55.4,佐々木隆博,男,1949/3/10 0:00,2,民,,,前,国
45,2009,id01_01_06,北海道６区,-,3,119964,37.8,今津寛,男,1946/9/30 0:00,,自,津,平成研,前,公
45,2009,id01_01_06,北海道６区,-,3,17884,5.6,荻生和敏,男,1949/11/19 0:00,,共,,,新,
45,2009,id01_01_06,北海道６区,-,3,3554,1.1,武田慎一,男,1966/12/31 0:00,,諸,,,新,
45,2009,id01_01_07,北海道７区,当,1,100150,49.7,伊東良孝,男,1948/11/24 0:00,1,自,,,新,公
45,2009,id01_01_07,北海道７区,比当,2,99236,49.2,仲野博子,女,1959/3/3 0:00,,民,,,前,国
45,2009,id01_01_07,北海道７区,-,3,2131,1.1,金成幸子,女,1959/4/14 0:00,,諸,,,新,
45,2009,id01_01_08,北海道８区,当,1,171114,62.6,逢坂誠二,男,1959/4/24 0:00,2,民,,,前,国
45,2009,id01_01_08,北海道８区,-,3,58046,21.2,福島啓史郎,男,1946/3/31 0:00,,自,,,新,
45,2009,id01_01_08,北海道８区,-,3,40090,14.7,佐藤健治,男,1957/8/14 0:00,,無,自,,新,
45,2009,id01_01_08,北海道８区,-,3,4075,1.5,西野晃,男,1977/1/26 0:00,,諸,,,新,
45,2009,id01_01_09,北海道９区,当,1,201461,66.4,鳩山由紀夫,男,1947/2/11 0:00,8,民,,,前,国
45,2009,id01_01_09,北海道９区,-,3,79116,26.1,川畑悟,男,1971/4/22 0:00,,自,,,新,公
45,2009,id01_01_09,北海道９区,-,3,20286,6.7,佐藤昭子,女,1943/4/23 0:00,,共,,,新,
45,2009,id01_01_09,北海道９区,-,3,2735,0.9,里村英一,男,1960/8/16 0:00,,諸,,,新,
45,2009,id01_01_10,北海道１０区,当,1,159473,62.6,小平忠正,男,1942/3/18 0:00,7,民,,,前,国
45,2009,id01_01_10,北海道１０区,-,3,89287,35,飯島夕雁,女,1964/5/19 0:00,,自,,,前,公
45,2009,id01_01_10,北海道１０区,-,3,6114,2.4,大林誠,男,1972/12/16 0:00,,諸,,,新,
45,2009,id01_01_11,北海道１１区,当,1,118655,54,石川知裕,男,1973/6/18 0:00,2,民,,,前,国
45,2009,id01_01_11,北海道１１区,-,3,89818,40.9,中川昭一,男,1953/7/19 0:00,,自,伊,志帥会,前,公
45,2009,id01_01_11,北海道１１区,-,3,11140,5.1,渡辺紫,女,1948/9/11 0:00,,共,,,新,
45,2009,id01_01_12,北海道１２区,当,1,127166,52.4,松木謙公,男,1959/2/22 0:00,3,民,,,前,国
45,2009,id01_01_12,北海道１２区,比当,2,112690,46.4,武部勤,男,1941/5/1 0:00,,自,山,近未来,前,公
45,2009,id01_01_12,北海道１２区,-,3,2763,1.1,笠松長麿,男,1953/4/29 0:00,,諸,,,新,
45,2009,id02_02_01,青森県１区,当,1,101290,44.5,横山北斗,男,1963/10/25 0:00,2,民,,,前,国
45,2009,id02_02_01,青森県１区,-,3,68910,30.3,津島淳,男,1966/10/18 0:00,,無,,,新,公・自民県連
45,2009,id02_02_01,青森県１区,-,3,35283,15.5,升田世喜男,男,1957/6/5 0:00,,無,,,新,
45,2009,id02_02_01,青森県１区,-,3,12847,5.6,渡辺英彦,男,1940/8/2 0:00,,社,,,新,
45,2009,id02_02_01,青森県１区,-,3,7976,3.5,吉俣洋,男,1974/1/6 0:00,,共,,,新,
45,2009,id02_02_01,青森県１区,-,3,1483,0.7,上田一博,男,1950/1/24 0:00,,諸,,,新,
45,2009,id02_02_02,青森県２区,当,1,86654,54,江渡聡徳,男,1955/10/12 0:00,4,自,高,番町研,前,公
45,2009,id02_02_02,青森県２区,比当,2,64334,40.1,中野渡詔子,女,1970/12/11 0:00,,民,,,新,国
45,2009,id02_02_02,青森県２区,-,3,7164,4.5,熊谷ヒサ子,女,1947/11/9 0:00,,無,,,新,
45,2009,id02_02_02,青森県２区,-,3,2288,1.4,森光淨,男,1950/2/24 0:00,,諸,,,新,
45,2009,id02_02_03,青森県３区,当,1,90176,49.5,大島理森,男,1946/9/6 0:00,9,自,高,番町研,前,公
45,2009,id02_02_03,青森県３区,比当,2,89809,49.3,田名部匡代,女,1969/7/10 0:00,,民,,,前,国
45,2009,id02_02_03,青森県３区,-,3,2249,1.2,中西修二,男,1947/3/20 0:00,,諸,,,新,
45,2009,id02_02_04,青森県４区,当,1,112563,52.6,木村太郎,男,1965/7/20 0:00,5,自,町,清和会,前,公
45,2009,id02_02_04,青森県４区,比当,2,97747,45.7,津島恭一,男,1954/2/4 0:00,,民,国,,元,国
45,2009,id02_02_04,青森県４区,-,3,3719,1.7,石田昭弘,男,1958/10/22 0:00,,諸,,,新,
45,2009,id02_03_01,岩手県１区,当,1,116425,60.2,階猛,男,1966/10/7 0:00,2,民,,,前,国
45,2009,id02_03_01,岩手県１区,-,3,50585,26.2,高橋比奈子,女,1958/1/19 0:00,,自,,,新,公
45,2009,id02_03_01,岩手県１区,-,3,13048,6.8,伊沢昌弘,男,1947/6/14 0:00,,社,,,新,
45,2009,id02_03_01,岩手県１区,-,3,12187,6.3,吉田恭子,女,1981/2/5 0:00,,共,,,新,
45,2009,id02_03_01,岩手県１区,-,3,1047,0.5,森憲作,男,1956/10/23 0:00,,諸,,,新,
45,2009,id02_03_02,岩手県２区,当,1,115080,54.2,畑浩治,男,1963/9/28 0:00,1,民,,,新,国
45,2009,id02_03_02,岩手県２区,-,3,94566,44.6,鈴木俊一,男,1953/4/13 0:00,,自,古,宏池会,前,公
45,2009,id02_03_02,岩手県２区,-,3,2581,1.2,工藤哲子,女,1963/5/11 0:00,,諸,,,新,
45,2009,id02_03_03,岩手県３区,当,1,122746,67,黄川田徹,男,1953/10/14 0:00,4,民,,,前,国
45,2009,id02_03_03,岩手県３区,-,3,57674,31.5,橋本英教,男,1967/8/28 0:00,,自,,,新,公
45,2009,id02_03_03,岩手県３区,-,3,2811,1.5,阿部忠臣,男,1974/7/5 0:00,,諸,,,新,
45,2009,id02_03_04,岩手県４区,当,1,133978,62.6,小沢一郎,男,1942/5/24 0:00,14,民,,,前,国
45,2009,id02_03_04,岩手県４区,-,3,41690,19.5,高橋嘉信,男,1953/9/5 0:00,,自,,,元,公
45,2009,id02_03_04,岩手県４区,-,3,28925,13.5,小原宣良,男,1943/10/16 0:00,,社,,,新,
45,2009,id02_03_04,岩手県４区,-,3,8288,3.9,瀬川貞清,男,1950/2/18 0:00,,共,,,新,
45,2009,id02_03_04,岩手県４区,-,3,1280,0.6,安永陽,男,1948/1/20 0:00,,諸,,,新,
45,2009,id02_04_01,宮城県１区,当,1,149980,58.5,郡和子,女,1957/3/31 0:00,2,民,,,前,国
45,2009,id02_04_01,宮城県１区,-,3,87401,34.1,土井亨,男,1958/8/12 0:00,,自,町,清和会,前,公
45,2009,id02_04_01,宮城県１区,-,3,14547,5.7,角野達也,男,1959/1/3 0:00,,共,,,新,
45,2009,id02_04_01,宮城県１区,-,3,2987,1.2,矢島卓臣,男,1983/2/6 0:00,,無,,,新,
45,2009,id02_04_01,宮城県１区,-,3,1344,0.5,遠田敬一,男,1951/7/1 0:00,,諸,,,新,
45,2009,id02_04_02,宮城県２区,当,1,158041,58.8,斎藤恭紀,男,1969/2/22 0:00,1,民,,,新,国
45,2009,id02_04_02,宮城県２区,-,3,98517,36.7,中野正志,男,1948/2/29 0:00,,自,町,清和会,前,公
45,2009,id02_04_02,宮城県２区,-,3,9912,3.7,佐藤豊,男,1953/2/8 0:00,,無,,,新,
45,2009,id02_04_02,宮城県２区,-,3,2086,0.8,安部公人,男,1967/8/23 0:00,,諸,,,新,
45,2009,id02_04_03,宮城県３区,当,1,108718,55,橋本清仁,男,1971/5/8 0:00,2,民,,,元,国
45,2009,id02_04_03,宮城県３区,-,3,85897,43.5,西村明宏,男,1960/7/16 0:00,,自,町,清和会,前,公
45,2009,id02_04_03,宮城県３区,-,3,2895,1.5,小林睦明,男,1970/11/8 0:00,,諸,,,新,
45,2009,id02_04_04,宮城県４区,当,1,119926,52.9,石山敬貴,男,1969/12/18 0:00,1,民,,,新,国
45,2009,id02_04_04,宮城県４区,-,3,92610,40.8,伊藤信太郎,男,1953/5/6 0:00,,自,高,番町研,前,公
45,2009,id02_04_04,宮城県４区,-,3,11881,5.2,加藤幹夫,男,1963/12/10 0:00,,共,,,新,
45,2009,id02_04_04,宮城県４区,-,3,2424,1.1,村上善昭,男,1972/11/24 0:00,,諸,,,新,
45,2009,id02_04_05,宮城県５区,当,1,89484,58.6,安住淳,男,1962/1/17 0:00,5,民,,,前,国
45,2009,id02_04_05,宮城県５区,-,3,63303,41.4,斎藤正美,男,1954/12/19 0:00,,自,,,新,公
45,2009,id02_04_06,宮城県６区,当,1,100832,63.7,小野寺五典,男,1960/5/5 0:00,4,自,古,宏池会,前,公
45,2009,id02_04_06,宮城県６区,-,3,54133,34.2,菅野哲雄,男,1948/10/22 0:00,,社,,,前,国
45,2009,id02_04_06,宮城県６区,-,3,3346,2.1,氏家次男,男,1948/7/17 0:00,,諸,,,新,
45,2009,id02_05_01,秋田県１区,当,1,93097,51.9,寺田学,男,1976/9/20 0:00,3,民,,,前,社・国
45,2009,id02_05_01,秋田県１区,-,3,61752,34.4,二田孝治,男,1938/5/4 0:00,,自,古,宏池会,前,公
45,2009,id02_05_01,秋田県１区,-,3,15830,8.8,鈴木知,男,1976/12/12 0:00,,共,,,新,
45,2009,id02_05_01,秋田県１区,-,3,7353,4.1,藤井陽光,男,1948/1/2 0:00,,無,,,新,
45,2009,id02_05_01,秋田県１区,-,3,1472,0.8,鶴田裕貴博,男,1958/11/3 0:00,,諸,,,新,
45,2009,id02_05_02,秋田県２区,当,1,93951,42.7,川口博,男,1947/8/4 0:00,1,無,,,新,
45,2009,id02_05_02,秋田県２区,比当,2,92600,42,金田勝年,男,1949/10/4 0:00,,自,,,新,公
45,2009,id02_05_02,秋田県２区,-,3,23719,10.8,山本喜代宏,男,1955/11/11 0:00,,社,,,元,民
45,2009,id02_05_02,秋田県２区,-,3,8645,3.9,佐々木重人,男,1969/11/23 0:00,,み,民,,新,
45,2009,id02_05_02,秋田県２区,-,3,1342,0.6,藤原純一,男,1950/11/1 0:00,,諸,,,新,
45,2009,id02_05_03,秋田県３区,当,1,101777,37.4,京野公子,女,1949/12/25 0:00,1,民,,,新,社・国
45,2009,id02_05_03,秋田県３区,-,3,90575,33.3,御法川信英,男,1964/5/25 0:00,,自,,,前,
45,2009,id02_05_03,秋田県３区,-,3,76787,28.2,村岡敏英,男,1960/7/25 0:00,,無,,,新,
45,2009,id02_05_03,秋田県３区,-,3,2847,1,西本篤,男,1970/4/6 0:00,,諸,,,新,
45,2009,id02_06_01,山形県１区,当,1,106202,46.2,鹿野道彦,男,1942/1/24 0:00,11,民,,,元,社・国
45,2009,id02_06_01,山形県１区,比当,2,104911,45.7,遠藤利明,男,1950/1/17 0:00,,自,古,宏池会,前,公
45,2009,id02_06_01,山形県１区,-,3,11419,5,伊藤香織,女,1981/12/11 0:00,,無,,,新,
45,2009,id02_06_01,山形県１区,-,3,6021,2.6,佐藤雅之,男,1972/9/22 0:00,,共,,,新,
45,2009,id02_06_01,山形県１区,-,3,1149,0.5,森大吾郎,男,1974/6/1 0:00,,諸,,,新,
45,2009,id02_06_02,山形県２区,当,1,166287,65.5,近藤洋介,男,1965/5/19 0:00,3,民,,,前,社・国
45,2009,id02_06_02,山形県２区,-,3,80995,31.9,鈴木啓功,男,1966/9/8 0:00,,自,,,新,公
45,2009,id02_06_02,山形県２区,-,3,6459,2.5,後藤克彦,男,1965/7/20 0:00,,諸,,,新,
45,2009,id02_06_03,山形県３区,当,1,130502,56.9,加藤紘一,男,1939/6/17 0:00,13,自,,,前,公
45,2009,id02_06_03,山形県３区,比当,2,80362,35,吉泉秀男,男,1948/7/28 0:00,,社,,,新,民・国
45,2009,id02_06_03,山形県３区,-,3,13789,6,長谷川剛,男,1978/4/6 0:00,,共,,,新,
45,2009,id02_06_03,山形県３区,-,3,4880,2.1,城取良太,男,1977/5/15 0:00,,諸,,,新,
45,2009,id02_07_01,福島県１区,当,1,156060,50,石原洋三郎,男,1973/3/22 0:00,1,民,,,新,国
45,2009,id02_07_01,福島県１区,-,3,136526,43.8,亀岡偉民,男,1955/9/10 0:00,,自,町,清和会,前,公
45,2009,id02_07_01,福島県１区,-,3,15879,5.1,山田裕,男,1954/12/6 0:00,,共,,,新,
45,2009,id02_07_01,福島県１区,-,3,3492,1.1,大橋一之,男,1968/9/11 0:00,,諸,,,新,
45,2009,id02_07_02,福島県２区,当,1,131306,53.5,太田和美,女,1979/8/28 0:00,2,民,,,前,国
45,2009,id02_07_02,福島県２区,-,3,111596,45.5,根本匠,男,1951/3/7 0:00,,自,古,宏池会,前,公・改
45,2009,id02_07_02,福島県２区,-,3,2397,1,酒井秀光,男,1967/9/28 0:00,,諸,,,新,
45,2009,id02_07_03,福島県３区,当,1,159826,73.8,玄葉光一郎,男,1964/5/20 0:00,6,民,,,前,国
45,2009,id02_07_03,福島県３区,比当,2,56858,26.2,吉野正芳,男,1948/8/8 0:00,,自,町,清和会,前,公・改
45,2009,id02_07_04,福島県４区,当,1,91695,49.4,渡部恒三,男,1932/5/24 0:00,14,民,,,前,国
45,2009,id02_07_04,福島県４区,-,3,49349,26.6,渡部篤,男,1952/4/12 0:00,,自,津,平成研,前,公
45,2009,id02_07_04,福島県４区,-,3,42824,23.1,小熊慎司,男,1968/6/16 0:00,,み,自,,新,
45,2009,id02_07_04,福島県４区,-,3,1735,0.9,鈴木規雄,男,1953/7/10 0:00,,諸,,,新,
45,2009,id02_07_05,福島県５区,当,1,135692,59,吉田泉,男,1949/2/26 0:00,3,民,,,前,国
45,2009,id02_07_05,福島県５区,-,3,88968,38.7,坂本剛二,男,1944/11/2 0:00,,自,町,清和会,前,公・改
45,2009,id02_07_05,福島県５区,-,3,5150,2.2,石渡剛,男,1969/2/2 0:00,,諸,,,新,
45,2009,id03_08_01,茨城県１区,当,1,151165,57.1,福島伸享,男,1970/8/8 0:00,1,民,,,新,国
45,2009,id03_08_01,茨城県１区,-,3,92528,35,赤城徳彦,男,1959/4/18 0:00,,自,高,番町研,前,公
45,2009,id03_08_01,茨城県１区,-,3,15776,6,田谷武夫,男,1951/8/4 0:00,,共,,,新,
45,2009,id03_08_01,茨城県１区,-,3,5267,2,金沢光司,男,1975/4/23 0:00,,諸,,,新,
45,2009,id03_08_02,茨城県２区,当,1,114455,49.1,石津政雄,男,1947/3/10 0:00,1,民,,,新,国
45,2009,id03_08_02,茨城県２区,比当,2,111674,47.9,額賀福志郎,男,1944/1/11 0:00,,自,津,平成研,前,公
45,2009,id03_08_02,茨城県２区,-,3,7125,3.1,中村幸樹,男,1964/1/9 0:00,,諸,,,新,
45,2009,id03_08_03,茨城県３区,当,1,146983,57.1,小泉俊明,男,1957/4/26 0:00,3,民,,,元,国
45,2009,id03_08_03,茨城県３区,-,3,103228,40.1,葉梨康弘,男,1959/10/12 0:00,,自,古,宏池会,前,公
45,2009,id03_08_03,茨城県３区,-,3,7026,2.7,宮本春樹,男,1958/4/22 0:00,,諸,,,新,
45,2009,id03_08_04,茨城県４区,当,1,104236,50.7,梶山弘志,男,1955/10/18 0:00,4,自,,,前,公
45,2009,id03_08_04,茨城県４区,比当,2,97256,47.3,高野守,男,1959/7/22 0:00,,民,,,新,国
45,2009,id03_08_04,茨城県４区,-,3,3968,1.9,中村伸丈,男,1966/9/3 0:00,,諸,,,新,
45,2009,id03_08_05,茨城県５区,当,1,91855,61.3,大畠章宏,男,1947/10/5 0:00,7,民,,,前,国
45,2009,id03_08_05,茨城県５区,-,3,54541,36.4,岡部英明,男,1959/3/31 0:00,,自,町,清和会,前,
45,2009,id03_08_05,茨城県５区,-,3,3513,2.3,野口航太,男,1976/8/11 0:00,,諸,,,新,
45,2009,id03_08_06,茨城県６区,当,1,147865,54.3,大泉博子,女,1950/1/20 0:00,1,民,,,新,国
45,2009,id03_08_06,茨城県６区,-,3,114204,42,丹羽雄哉,男,1944/4/20 0:00,,自,古,宏池会,前,公
45,2009,id03_08_06,茨城県６区,-,3,10082,3.7,鈴木俊博,男,1974/1/24 0:00,,諸,,,新,
45,2009,id03_08_07,茨城県７区,当,1,78999,37,中村喜四郎,男,1949/4/10 0:00,11,無,,,前,
45,2009,id03_08_07,茨城県７区,比当,2,67331,31.5,柳田和己,男,1950/3/30 0:00,,民,,,新,
45,2009,id03_08_07,茨城県７区,比当,2,64180,30.1,永岡桂子,女,1953/12/8 0:00,,自,麻,志公会,前,
45,2009,id03_08_07,茨城県７区,-,3,3062,1.4,杉浦昭,男,1949/8/27 0:00,,諸,,,新,
45,2009,id03_09_01,栃木県１区,当,1,145702,54,石森久嗣,男,1962/5/3 0:00,1,民,,,新,国
45,2009,id03_09_01,栃木県１区,-,3,111455,41.3,船田元,男,1953/11/22 0:00,,自,津,平成研,前,公
45,2009,id03_09_01,栃木県１区,-,3,8883,3.3,小池一徳,男,1961/1/19 0:00,,共,,,新,
45,2009,id03_09_01,栃木県１区,-,3,3836,1.4,河内宏之,男,1950/8/28 0:00,,諸,,,新,
45,2009,id03_09_02,栃木県２区,当,1,115046,62.9,福田昭夫,男,1948/4/17 0:00,2,民,,,前,国
45,2009,id03_09_02,栃木県２区,-,3,65222,35.7,西川公也,男,1942/12/26 0:00,,自,伊,志帥会,前,公
45,2009,id03_09_02,栃木県２区,-,3,2526,1.4,坂下邦文,男,1947/3/2 0:00,,諸,,,新,
45,2009,id03_09_03,栃木県３区,当,1,142482,95.3,渡辺喜美,男,1952/3/17 0:00,5,み,自,,前,
45,2009,id03_09_03,栃木県３区,-,3,7024,4.7,斎藤克巳,男,1955/10/11 0:00,,諸,,,新,
45,2009,id03_09_04,栃木県４区,当,1,139878,51.5,山岡賢次,男,1943/4/25 0:00,5,民,,,前,国
45,2009,id03_09_04,栃木県４区,比当,2,109287,40.2,佐藤勉,男,1952/6/20 0:00,,自,古,宏池会,前,公
45,2009,id03_09_04,栃木県４区,-,3,20176,7.4,植竹哲也,男,1969/12/26 0:00,,無,,,新,
45,2009,id03_09_04,栃木県４区,-,3,2505,0.9,関沢知尋,男,1973/9/14 0:00,,諸,,,新,
45,2009,id03_09_05,栃木県５区,当,1,101383,51.7,茂木敏充,男,1955/10/7 0:00,6,自,津,平成研,前,公
45,2009,id03_09_05,栃木県５区,比当,2,92592,47.2,富岡芳忠,男,1966/10/24 0:00,,民,,,新,国
45,2009,id03_09_05,栃木県５区,-,3,2226,1.1,森兼光,男,1958/11/19 0:00,,諸,,,新,
45,2009,id03_10_01,群馬県１区,当,1,122711,48,宮崎岳志,男,1970/2/14 0:00,1,民,,,新,国
45,2009,id03_10_01,群馬県１区,-,3,109846,43,尾身幸次,男,1932/12/14 0:00,,自,町,清和会,前,公
45,2009,id03_10_01,群馬県１区,-,3,15783,6.2,酒井宏明,男,1965/10/3 0:00,,共,,,新,
45,2009,id03_10_01,群馬県１区,-,3,5505,2.2,山田晶,男,1951/12/19 0:00,,無,,,新,
45,2009,id03_10_01,群馬県１区,-,3,1795,0.7,滝崎明彦,男,1964/7/21 0:00,,諸,,,新,
45,2009,id03_10_02,群馬県２区,当,1,114622,51.9,石関貴史,男,1972/2/18 0:00,2,民,,,前,国
45,2009,id03_10_02,群馬県２区,-,3,90962,41.2,笹川尭,男,1935/10/5 0:00,,自,津,平成研,前,公
45,2009,id03_10_02,群馬県２区,-,3,12885,5.8,矢島笑鯉子,女,1976/1/4 0:00,,無,,,新,
45,2009,id03_10_02,群馬県２区,-,3,2487,1.1,蜂須豊,男,1964/8/30 0:00,,諸,,,新,
45,2009,id03_10_03,群馬県３区,当,1,109173,54,柿沼正明,男,1965/9/26 0:00,1,民,,,新,国
45,2009,id03_10_03,群馬県３区,-,3,89436,44.2,谷津義男,男,1934/7/23 0:00,,自,伊,志帥会,前,公
45,2009,id03_10_03,群馬県３区,-,3,3586,1.8,石見泰介,男,1962/8/25 0:00,,諸,,,新,
45,2009,id03_10_04,群馬県４区,当,1,103852,51.9,福田康夫,男,1936/7/16 0:00,7,自,,,前,公
45,2009,id03_10_04,群馬県４区,比当,2,91904,45.9,三宅雪子,女,1965/3/5 0:00,,民,,,新,国
45,2009,id03_10_04,群馬県４区,-,3,4315,2.2,森田貴行,男,1971/8/2 0:00,,諸,,,新,
45,2009,id03_10_05,群馬県５区,当,1,152708,71,小渕優子,女,1973/12/11 0:00,4,自,津,平成研,前,公
45,2009,id03_10_05,群馬県５区,-,3,53048,24.7,土屋富久,男,1937/5/12 0:00,,社,,,新,
45,2009,id03_10_05,群馬県５区,-,3,9406,4.4,生方秀幸,男,1972/1/4 0:00,,諸,,,新,
45,2009,id03_11_01,埼玉県１区,当,1,163973,60.9,武正公一,男,1961/3/23 0:00,4,民,,,前,国
45,2009,id03_11_01,埼玉県１区,-,3,77988,29,金子善次郎,男,1943/9/24 0:00,,自,二,志帥会,前,公
45,2009,id03_11_01,埼玉県１区,-,3,23623,8.8,伊藤岳,男,1960/3/6 0:00,,共,,,新,
45,2009,id03_11_01,埼玉県１区,-,3,3615,1.3,内海浩唯,男,1961/1/8 0:00,,諸,,,新,
45,2009,id03_11_02,埼玉県２区,当,1,140892,50,石田勝之,男,1955/1/30 0:00,4,民,,,元,国
45,2009,id03_11_02,埼玉県２区,比当,2,112920,40.1,新藤義孝,男,1958/1/20 0:00,,自,津,平成研,前,公
45,2009,id03_11_02,埼玉県２区,-,3,23357,8.3,村岡正嗣,男,1952/1/12 0:00,,共,,,新,
45,2009,id03_11_02,埼玉県２区,-,3,4484,1.6,鈴木豪,男,1979/2/20 0:00,,諸,,,新,
45,2009,id03_11_03,埼玉県３区,当,1,167432,60,細川律夫,男,1943/8/8 0:00,7,民,,,前,国
45,2009,id03_11_03,埼玉県３区,-,3,103369,37.1,今井宏,男,1941/7/15 0:00,,自,古,宏池会,前,公
45,2009,id03_11_03,埼玉県３区,-,3,8194,2.9,飯田剛,男,1959/7/13 0:00,,諸,,,新,
45,2009,id03_11_04,埼玉県４区,当,1,121137,54.2,神風英男,男,1961/10/10 0:00,3,民,,,前,国
45,2009,id03_11_04,埼玉県４区,-,3,74889,33.5,早川忠孝,男,1945/9/4 0:00,,自,町,清和会,前,公
45,2009,id03_11_04,埼玉県４区,-,3,23966,10.7,桜井晴子,女,1956/7/27 0:00,,共,,,新,
45,2009,id03_11_04,埼玉県４区,-,3,3311,1.5,水野武光,男,1958/4/13 0:00,,諸,,,新,
45,2009,id03_11_05,埼玉県５区,当,1,130920,59.2,枝野幸男,男,1964/5/31 0:00,6,民,,,前,国
45,2009,id03_11_05,埼玉県５区,-,3,85139,38.5,牧原秀樹,男,1971/6/4 0:00,,自,,,前,公
45,2009,id03_11_05,埼玉県５区,-,3,5274,2.4,佐々木正子,女,1954/8/1 0:00,,諸,,,新,
45,2009,id03_11_06,埼玉県６区,当,1,186993,67.6,大島敦,男,1956/12/21 0:00,4,民,,,前,国
45,2009,id03_11_06,埼玉県６区,-,3,84654,30.6,中根一幸,男,1969/7/11 0:00,,自,町,清和会,前,
45,2009,id03_11_06,埼玉県６区,-,3,5119,1.8,院田浩利,男,1967/6/8 0:00,,諸,,,新,
45,2009,id03_11_07,埼玉県７区,当,1,142556,54.9,小宮山泰子,女,1965/4/25 0:00,3,民,,,前,国
45,2009,id03_11_07,埼玉県７区,-,3,89627,34.5,中野清,男,1936/1/1 0:00,,自,伊,志帥会,前,公
45,2009,id03_11_07,埼玉県７区,-,3,21983,8.5,長沼チネ,女,1950/1/29 0:00,,共,,,新,
45,2009,id03_11_07,埼玉県７区,-,3,2740,1.1,山田将之,男,1972/1/13 0:00,,無,,,新,
45,2009,id03_11_07,埼玉県７区,-,3,2569,1,野沢永光,男,1979/8/5 0:00,,諸,,,新,
45,2009,id03_11_08,埼玉県８区,当,1,114657,49.1,小野塚勝俊,男,1972/5/5 0:00,1,民,,,新,国
45,2009,id03_11_08,埼玉県８区,比当,2,91376,39.1,柴山昌彦,男,1965/12/5 0:00,,自,町,清和会,前,公
45,2009,id03_11_08,埼玉県８区,比当,2,24918,10.7,塩川鉄也,男,1961/12/18 0:00,,共,,,前,
45,2009,id03_11_08,埼玉県８区,-,3,2676,1.1,桜沢正顕,男,1969/7/18 0:00,,諸,,,新,
45,2009,id03_11_09,埼玉県９区,当,1,151057,56.7,五十嵐文彦,男,1948/11/2 0:00,4,民,,,元,国
45,2009,id03_11_09,埼玉県９区,-,3,109918,41.2,大塚拓,男,1973/6/14 0:00,,自,町,清和会,前,公
45,2009,id03_11_09,埼玉県９区,-,3,5506,2.1,各務正人,男,1957/9/16 0:00,,諸,,,新,
45,2009,id03_11_10,埼玉県１０区,当,1,123089,55.1,松崎哲久,男,1950/4/14 0:00,2,民,,,元,国
45,2009,id03_11_10,埼玉県１０区,-,3,94779,42.5,山口泰明,男,1948/11/10 0:00,,自,津,平成研,前,公
45,2009,id03_11_10,埼玉県１０区,-,3,5402,2.4,町田貴志,男,1969/4/25 0:00,,諸,,,新,
45,2009,id03_11_11,埼玉県１１区,当,1,171000,70.7,小泉龍司,男,1952/9/17 0:00,3,無,,,元,
45,2009,id03_11_11,埼玉県１１区,-,3,62034,25.6,新井悦二,男,1957/9/4 0:00,,自,町,清和会,前,
45,2009,id03_11_11,埼玉県１１区,-,3,8948,3.7,黒田嘉寛,男,1955/2/23 0:00,,諸,,,新,
45,2009,id03_11_12,埼玉県１２区,当,1,138727,57.2,本多平直,男,1964/12/2 0:00,2,民,,,元,国
45,2009,id03_11_12,埼玉県１２区,-,3,99256,40.9,小島敏男,男,1939/11/11 0:00,,自,伊,志帥会,前,公
45,2009,id03_11_12,埼玉県１２区,-,3,4752,2,清水鉄男,男,1954/7/22 0:00,,諸,,,新,
45,2009,id03_11_13,埼玉県１３区,当,1,121840,51.5,森岡洋一郎,男,1975/1/10 0:00,1,民,,,新,
45,2009,id03_11_13,埼玉県１３区,-,3,85457,36.1,土屋品子,女,1952/2/9 0:00,,自,,,前,公
45,2009,id03_11_13,埼玉県１３区,-,3,13699,5.8,日森文尋,男,1948/12/3 0:00,,社,,,前,
45,2009,id03_11_13,埼玉県１３区,-,3,12612,5.3,武山百合子,女,1947/9/5 0:00,,無,民,,元,
45,2009,id03_11_13,埼玉県１３区,-,3,3087,1.3,鈴木こず恵,女,1968/11/29 0:00,,諸,,,新,
45,2009,id03_11_14,埼玉県１４区,当,1,146148,57.2,中野譲,男,1967/1/7 0:00,2,民,,,元,国
45,2009,id03_11_14,埼玉県１４区,-,3,100474,39.3,三ツ林隆志,男,1953/7/5 0:00,,自,町,清和会,前,公
45,2009,id03_11_14,埼玉県１４区,-,3,8993,3.5,谷井美穂,女,1962/11/2 0:00,,諸,,,新,
45,2009,id03_11_15,埼玉県１５区,当,1,120751,52.1,高山智司,男,1970/4/20 0:00,3,民,,,前,
45,2009,id03_11_15,埼玉県１５区,-,3,85826,37.1,田中良生,男,1963/11/11 0:00,,自,,,前,公
45,2009,id03_11_15,埼玉県１５区,-,3,22168,9.6,村主明子,女,1971/10/16 0:00,,共,,,新,
45,2009,id03_11_15,埼玉県１５区,-,3,2903,1.3,石井安,男,1961/1/16 0:00,,諸,,,新,
45,2009,id04_12_01,千葉県１区,当,1,142694,56.7,田嶋要,男,1961/9/22 0:00,3,民,,,前,国
45,2009,id04_12_01,千葉県１区,-,3,94820,37.7,臼井正一,男,1975/1/8 0:00,,自,,,新,公
45,2009,id04_12_01,千葉県１区,-,3,12540,5,安喰武夫,男,1958/8/27 0:00,,共,,,新,
45,2009,id04_12_01,千葉県１区,-,3,1644,0.7,階一喜,男,1964/4/16 0:00,,諸,,,新,
45,2009,id04_12_02,千葉県２区,当,1,153745,57.1,黒田雄,男,1959/3/22 0:00,1,民,,,新,国
45,2009,id04_12_02,千葉県２区,-,3,89311,33.2,山中アキ子,女,1945/11/6 0:00,,自,,,前,公
45,2009,id04_12_02,千葉県２区,-,3,22052,8.2,小倉忠平,男,1961/7/15 0:00,,共,,,新,
45,2009,id04_12_02,千葉県２区,-,3,4174,1.6,矢代智康,男,1973/10/24 0:00,,諸,,,新,
45,2009,id04_12_03,千葉県３区,当,1,112035,55.5,岡島一正,男,1957/11/3 0:00,2,民,,,元,国
45,2009,id04_12_03,千葉県３区,比当,2,85777,42.5,松野博一,男,1962/9/13 0:00,,自,町,清和会,前,公
45,2009,id04_12_03,千葉県３区,-,3,4210,2.1,古川裕三,男,1982/6/17 0:00,,諸,,,新,
45,2009,id04_12_04,千葉県４区,当,1,162153,53.6,野田佳彦,男,1957/5/20 0:00,5,民,,,前,国
45,2009,id04_12_04,千葉県４区,-,3,85425,28.3,藤田幹雄,男,1968/10/11 0:00,,自,,,前,公
45,2009,id04_12_04,千葉県４区,-,3,28280,9.4,野屋敷いとこ,女,1951/5/13 0:00,,み,,,新,
45,2009,id04_12_04,千葉県４区,-,3,23050,7.6,斉藤和子,女,1974/9/29 0:00,,共,,,新,
45,2009,id04_12_04,千葉県４区,-,3,3403,1.1,山中宏一郎,男,1968/2/1 0:00,,諸,,,新,
45,2009,id04_12_05,千葉県５区,当,1,127588,49.8,村越祐民,男,1974/2/13 0:00,2,民,,,元,国
45,2009,id04_12_05,千葉県５区,-,3,83422,32.5,薗浦健太郎,男,1972/6/3 0:00,,自,麻,志公会,前,公
45,2009,id04_12_05,千葉県５区,-,3,42379,16.5,田中甲,男,1957/1/8 0:00,,み,,,元,
45,2009,id04_12_05,千葉県５区,-,3,3045,1.2,佐高芳行,男,1969/8/20 0:00,,諸,,,新,
45,2009,id04_12_06,千葉県６区,当,1,108270,49.4,生方幸夫,男,1947/10/31 0:00,4,民,,,元,国
45,2009,id04_12_06,千葉県６区,-,3,72401,33,渡辺博道,男,1950/8/3 0:00,,自,津,平成研,前,公
45,2009,id04_12_06,千葉県６区,-,3,15063,6.9,小平由紀,女,1962/2/22 0:00,,み,,,新,
45,2009,id04_12_06,千葉県６区,-,3,12427,5.7,山崎温之,男,1952/6/11 0:00,,共,,,新,
45,2009,id04_12_06,千葉県６区,-,3,9204,4.2,松本和巳,男,1965/2/27 0:00,,無,自,,元,
45,2009,id04_12_06,千葉県６区,-,3,1857,0.8,三島佳代子,女,1959/3/8 0:00,,諸,,,新,
45,2009,id04_12_07,千葉県７区,当,1,125647,49.1,内山晃,男,1954/3/3 0:00,3,民,,,前,国
45,2009,id04_12_07,千葉県７区,比当,2,104262,40.7,斎藤健,男,1959/6/14 0:00,,自,,,新,公
45,2009,id04_12_07,千葉県７区,-,3,23086,9,上田恵子,女,1967/8/28 0:00,,社,,,新,
45,2009,id04_12_07,千葉県７区,-,3,3140,1.2,牧野正彦,男,1955/8/23 0:00,,諸,,,新,
45,2009,id04_12_08,千葉県８区,当,1,138923,53.6,松崎公昭,男,1943/9/8 0:00,4,民,,,元,国
45,2009,id04_12_08,千葉県８区,-,3,97007,37.4,桜田義孝,男,1949/12/20 0:00,,自,津,平成研,前,公
45,2009,id04_12_08,千葉県８区,-,3,19378,7.5,加藤英雄,男,1953/4/12 0:00,,共,,,新,
45,2009,id04_12_08,千葉県８区,-,3,4052,1.6,森泰子,女,1949/9/25 0:00,,諸,,,新,
45,2009,id04_12_09,千葉県９区,当,1,136932,54.5,奥野総一郎,男,1964/7/15 0:00,1,民,,,新,国
45,2009,id04_12_09,千葉県９区,-,3,101734,40.5,水野賢一,男,1966/7/21 0:00,,自,,,前,公
45,2009,id04_12_09,千葉県９区,-,3,7651,3,波田野辰雄,男,1940/8/9 0:00,,無,,,新,
45,2009,id04_12_09,千葉県９区,-,3,4707,1.9,伊藤純子,女,1954/4/22 0:00,,諸,,,新,
45,2009,id04_12_10,千葉県１０区,当,1,118564,51.7,谷田川元,男,1963/1/17 0:00,1,民,,,新,国
45,2009,id04_12_10,千葉県１０区,比当,2,107745,47,林幹雄,男,1947/1/3 0:00,,自,山,近未来,前,公
45,2009,id04_12_10,千葉県１０区,-,3,3158,1.4,金井貴雄,男,1970/12/26 0:00,,諸,,,新,
45,2009,id04_12_11,千葉県１１区,当,1,116937,49.7,森英介,男,1948/8/31 0:00,7,自,麻,志公会,前,公
45,2009,id04_12_11,千葉県１１区,比当,2,112707,47.9,金子健一,男,1957/11/2 0:00,,民,,,新,国
45,2009,id04_12_11,千葉県１１区,-,3,5489,2.3,久我司,男,1972/11/22 0:00,,諸,,,新,
45,2009,id04_12_12,千葉県１２区,当,1,134298,53.1,浜田靖一,男,1955/10/21 0:00,6,自,,,前,公
45,2009,id04_12_12,千葉県１２区,比当,2,114921,45.4,中後淳,男,1970/1/12 0:00,,民,自,,新,国
45,2009,id04_12_12,千葉県１２区,-,3,3687,1.5,田辺丈太郎,男,1980/8/23 0:00,,諸,,,新,
45,2009,id04_12_13,千葉県１３区,当,1,118062,57,若井康彦,男,1946/3/1 0:00,2,民,,,元,国
45,2009,id04_12_13,千葉県１３区,-,3,80573,38.9,実川幸夫,男,1943/10/14 0:00,,自,古,宏池会,前,公
45,2009,id04_12_13,千葉県１３区,-,3,4293,2.1,石井裕朗,男,1967/1/9 0:00,,諸,,,新,
45,2009,id04_12_13,千葉県１３区,-,3,4127,2,橘謙造,男,1949/1/30 0:00,,無,,,新,
45,2009,id04_14_01,神奈川県１区,当,1,135211,48.1,中林美恵子,女,1960/9/24 0:00,1,民,,,新,国
45,2009,id04_14_01,神奈川県１区,比当,2,117840,41.9,松本純,男,1950/4/11 0:00,,自,麻,志公会,前,公
45,2009,id04_14_01,神奈川県１区,-,3,18898,6.7,香西亮子,女,1974/3/19 0:00,,共,,,新,
45,2009,id04_14_01,神奈川県１区,-,3,9229,3.3,山本誠一,男,1971/10/1 0:00,,無,,,新,
45,2009,id04_14_02,神奈川県２区,当,1,132270,46.5,菅義偉,男,1948/12/6 0:00,5,自,古,宏池会,前,公
45,2009,id04_14_02,神奈川県２区,比当,2,131722,46.3,三村和也,男,1975/9/9 0:00,,民,,,新,国
45,2009,id04_14_02,神奈川県２区,-,3,20366,7.2,高山修,男,1955/12/3 0:00,,共,,,新,
45,2009,id04_14_03,神奈川県３区,当,1,125856,48.5,岡本英子,女,1964/9/19 0:00,1,民,,,新,国
45,2009,id04_14_03,神奈川県３区,-,3,89588,34.5,小此木八郎,男,1965/6/22 0:00,,自,,,前,公
45,2009,id04_14_03,神奈川県３区,-,3,20407,7.9,加藤正法,男,1968/9/4 0:00,,み,,,新,
45,2009,id04_14_03,神奈川県３区,-,3,19419,7.5,古谷靖彦,男,1971/10/14 0:00,,共,,,新,
45,2009,id04_14_03,神奈川県３区,-,3,2279,0.9,山下浩一郎,男,1952/4/7 0:00,,無,,,新,
45,2009,id04_14_03,神奈川県３区,-,3,2206,0.8,徳島正浩,男,1965/7/22 0:00,,諸,,,新,
45,2009,id04_14_04,神奈川県４区,当,1,89082,38,長島一由,男,1967/1/18 0:00,1,民,,,新,国
45,2009,id04_14_04,神奈川県４区,比当,2,70728,30.1,浅尾慶一郎,男,1964/2/11 0:00,,み,民,,新,
45,2009,id04_14_04,神奈川県４区,-,3,64006,27.3,林潤,男,1972/10/23 0:00,,自,古,宏池会,前,公
45,2009,id04_14_04,神奈川県４区,-,3,7270,3.1,伊藤航平,男,1982/8/2 0:00,,無,,,新,
45,2009,id04_14_04,神奈川県４区,-,3,3505,1.5,小原真理,女,1959/12/4 0:00,,諸,,,新,
45,2009,id04_14_05,神奈川県５区,当,1,156328,50.9,田中慶秋,男,1938/3/6 0:00,6,民,,,元,国
45,2009,id04_14_05,神奈川県５区,-,3,116468,37.9,坂井学,男,1965/9/4 0:00,,自,,,前,公
45,2009,id04_14_05,神奈川県５区,-,3,29657,9.7,岩崎広,男,1946/11/7 0:00,,共,,,新,
45,2009,id04_14_05,神奈川県５区,-,3,4448,1.4,門守隆,男,1968/9/8 0:00,,諸,,,新,
45,2009,id04_14_06,神奈川県６区,当,1,132192,51.8,池田元久,男,1940/12/20 0:00,6,民,,,前,国
45,2009,id04_14_06,神奈川県６区,-,3,94941,37.2,上田勇,男,1958/8/5 0:00,,公,,,前,自・改
45,2009,id04_14_06,神奈川県６区,-,3,22464,8.8,藤井美登里,女,1955/9/10 0:00,,共,,,新,
45,2009,id04_14_06,神奈川県６区,-,3,5790,2.3,寺島博也,男,1961/9/24 0:00,,諸,,,新,
45,2009,id04_14_07,神奈川県７区,当,1,157070,57.2,首藤信彦,男,1945/4/5 0:00,3,民,,,元,国
45,2009,id04_14_07,神奈川県７区,-,3,109844,40,鈴木馨祐,男,1977/2/9 0:00,,自,麻,志公会,前,公
45,2009,id04_14_07,神奈川県７区,-,3,7731,2.8,石井諭,男,1960/6/18 0:00,,諸,,,新,
45,2009,id04_14_08,神奈川県８区,当,1,128753,49.1,江田憲司,男,1956/4/28 0:00,3,み,,,前,
45,2009,id04_14_08,神奈川県８区,比当,2,74544,28.4,山崎誠,男,1962/11/22 0:00,,民,,,新,国
45,2009,id04_14_08,神奈川県８区,-,3,54480,20.8,福田峰之,男,1964/4/8 0:00,,自,山,近未来,前,公
45,2009,id04_14_08,神奈川県８区,-,3,4246,1.6,小島祐行,男,1970/6/5 0:00,,諸,,,新,
45,2009,id04_14_09,神奈川県９区,当,1,127219,63.5,笠浩史,男,1965/1/3 0:00,3,民,,,前,国
45,2009,id04_14_09,神奈川県９区,-,3,49274,24.6,中山展宏,男,1968/9/16 0:00,,自,,,新,公
45,2009,id04_14_09,神奈川県９区,-,3,16239,8.1,利根川武矩,男,1943/12/12 0:00,,共,,,新,
45,2009,id04_14_09,神奈川県９区,-,3,4423,2.2,須藤教成,男,1980/4/10 0:00,,無,,,新,
45,2009,id04_14_09,神奈川県９区,-,3,3055,1.5,小口裕嗣,男,1977/2/7 0:00,,諸,,,新,
45,2009,id04_14_10,神奈川県１０区,当,1,152921,49.3,城島光力,男,1947/1/1 0:00,4,民,,,元,国
45,2009,id04_14_10,神奈川県１０区,比当,2,118641,38.2,田中和徳,男,1949/1/21 0:00,,自,山,近未来,前,公
45,2009,id04_14_10,神奈川県１０区,-,3,33134,10.7,笠木隆,男,1946/9/25 0:00,,共,,,新,
45,2009,id04_14_10,神奈川県１０区,-,3,5746,1.9,島崎隆一,男,1955/8/31 0:00,,諸,,,新,
45,2009,id04_14_11,神奈川県１１区,当,1,150893,57.1,小泉進次郎,男,1981/4/14 0:00,1,自,,,新,
45,2009,id04_14_11,神奈川県１１区,比当,2,96631,36.6,横粂勝仁,男,1981/9/10 0:00,,民,,,新,国
45,2009,id04_14_11,神奈川県１１区,-,3,12601,4.8,伊東正子,女,1941/3/7 0:00,,共,,,新,
45,2009,id04_14_11,神奈川県１１区,-,3,2375,0.9,鶴川晃久,男,1974/8/19 0:00,,諸,,,新,
45,2009,id04_14_11,神奈川県１１区,-,3,1830,0.7,岩田吉喜,男,1958/12/15 0:00,,無,,,新,
45,2009,id04_14_12,神奈川県１２区,当,1,110532,45.9,中塚一宏,男,1965/4/4 0:00,3,民,,,元,
45,2009,id04_14_12,神奈川県１２区,-,3,69524,28.9,桜井郁三,男,1944/4/10 0:00,,自,麻,志公会,前,公
45,2009,id04_14_12,神奈川県１２区,比当,2,47538,19.7,阿部知子,女,1948/4/24 0:00,,社,,,前,国
45,2009,id04_14_12,神奈川県１２区,-,3,11240,4.7,渡辺慈子,女,1948/2/17 0:00,,共,,,新,
45,2009,id04_14_12,神奈川県１２区,-,3,2056,0.9,山田茂,男,1964/2/8 0:00,,諸,,,新,
45,2009,id04_14_13,神奈川県１３区,当,1,138104,46.1,橘秀徳,男,1969/6/24 0:00,1,民,,,新,国
45,2009,id04_14_13,神奈川県１３区,比当,2,136164,45.5,甘利明,男,1949/8/27 0:00,,自,山,近未来,前,公
45,2009,id04_14_13,神奈川県１３区,-,3,18721,6.2,近藤知昭,男,1949/2/26 0:00,,共,,,新,
45,2009,id04_14_13,神奈川県１３区,-,3,6588,2.2,鈴木千尋,男,1971/8/18 0:00,,諸,,,新,
45,2009,id04_14_14,神奈川県１４区,当,1,157644,55.4,本村賢太郎,男,1970/4/17 0:00,1,民,,,新,国
45,2009,id04_14_14,神奈川県１４区,-,3,104631,36.8,赤間二郎,男,1968/3/27 0:00,,自,麻,志公会,前,公
45,2009,id04_14_14,神奈川県１４区,-,3,17844,6.3,赤間友子,女,1942/1/31 0:00,,共,,,新,
45,2009,id04_14_14,神奈川県１４区,-,3,2713,1,石川雅士,男,1977/8/7 0:00,,諸,,,新,
45,2009,id04_14_14,神奈川県１４区,-,3,1737,0.6,吉田隆則,男,1952/4/28 0:00,,無,,,新,
45,2009,id04_14_15,神奈川県１５区,当,1,163470,53.2,河野太郎,男,1963/1/10 0:00,5,自,麻,志公会,前,公
45,2009,id04_14_15,神奈川県１５区,比当,2,124414,40.5,勝又恒一郎,男,1962/12/11 0:00,,民,,,新,国
45,2009,id04_14_15,神奈川県１５区,-,3,15786,5.1,西脇拓也,男,1977/6/23 0:00,,共,,,新,
45,2009,id04_14_15,神奈川県１５区,-,3,3341,1.1,浜田勇作,男,1973/11/4 0:00,,諸,,,新,
45,2009,id04_14_16,神奈川県１６区,当,1,167721,58.8,後藤祐一,男,1969/3/25 0:00,1,民,,,新,国
45,2009,id04_14_16,神奈川県１６区,-,3,113341,39.7,亀井善太郎,男,1971/1/20 0:00,,自,山,近未来,前,公
45,2009,id04_14_16,神奈川県１６区,-,3,4166,1.5,住吉正充,男,1974/8/24 0:00,,諸,,,新,
45,2009,id04_14_17,神奈川県１７区,当,1,139678,47.8,神山洋介,男,1975/5/24 0:00,1,民,,,新,国
45,2009,id04_14_17,神奈川県１７区,-,3,105806,36.2,牧島かれん,女,1976/11/1 0:00,,自,,,新,公
45,2009,id04_14_17,神奈川県１７区,-,3,42881,14.7,井上義行,男,1963/3/12 0:00,,無,,,新,
45,2009,id04_14_17,神奈川県１７区,-,3,4067,1.4,中野淳子,女,1960/12/19 0:00,,諸,,,新,
45,2009,id04_14_18,神奈川県１８区,当,1,110239,48.8,樋高剛,男,1965/11/24 0:00,3,民,,,元,国
45,2009,id04_14_18,神奈川県１８区,-,3,82221,36.4,山際大志郎,男,1968/9/12 0:00,,自,山,近未来,前,公
45,2009,id04_14_18,神奈川県１８区,-,3,15832,7,宗田裕之,男,1958/10/30 0:00,,共,,,新,
45,2009,id04_14_18,神奈川県１８区,-,3,14325,6.3,藤崎浩太郎,男,1979/6/28 0:00,,み,,,新,
45,2009,id04_14_18,神奈川県１８区,-,3,3209,1.4,遠山浩子,女,1973/3/13 0:00,,諸,,,新,
45,2009,id04_19_01,山梨県１区,当,1,91422,60.2,小沢鋭仁,男,1954/5/31 0:00,6,民,,,前,国
45,2009,id04_19_01,山梨県１区,-,3,46881,30.9,赤池誠章,男,1961/7/19 0:00,,自,町,清和会,前,公
45,2009,id04_19_01,山梨県１区,-,3,11972,7.9,遠藤昭子,女,1951/10/6 0:00,,共,,,新,
45,2009,id04_19_01,山梨県１区,-,3,1480,1,早瀬浩之,男,1960/11/19 0:00,,諸,,,新,
45,2009,id04_19_02,山梨県２区,当,1,66868,37.6,坂口岳洋,男,1971/2/18 0:00,1,民,,,新,
45,2009,id04_19_02,山梨県２区,-,3,57213,32.1,長崎幸太郎,男,1968/8/18 0:00,,無,自,,前,
45,2009,id04_19_02,山梨県２区,-,3,52773,29.6,堀内光雄,男,1930/1/1 0:00,,自,古,宏池会,前,公
45,2009,id04_19_02,山梨県２区,-,3,1214,0.7,宮松宏至,男,1940/3/27 0:00,,諸,,,新,
45,2009,id04_19_03,山梨県３区,当,1,112894,62.7,後藤斎,男,1957/7/22 0:00,3,民,,,前,国
45,2009,id04_19_03,山梨県３区,-,3,63611,35.3,小野次郎,男,1953/8/7 0:00,,自,,,前,
45,2009,id04_19_03,山梨県３区,-,3,3662,2,桜田大佑,男,1962/2/6 0:00,,諸,,,新,
45,2009,id05_13_01,東京都１区,当,1,141742,47.4,海江田万里,男,1949/2/26 0:00,5,民,,,元,国
45,2009,id05_13_01,東京都１区,比当,2,130030,43.5,与謝野馨,男,1938/8/22 0:00,,自,,,前,公
45,2009,id05_13_01,東京都１区,-,3,19288,6.5,冨田直樹,男,1976/1/28 0:00,,共,,,新,
45,2009,id05_13_01,東京都１区,-,3,2718,0.9,田中順子,女,1962/3/26 0:00,,諸,,,新,
45,2009,id05_13_01,東京都１区,-,3,1418,0.5,野沢哲夫,男,1966/4/28 0:00,,無,,,新,
45,2009,id05_13_01,東京都１区,-,3,1300,0.4,黒沢武邦,男,1970/1/26 0:00,,無,自,,新,
45,2009,id05_13_01,東京都１区,-,3,987,0.3,マック赤坂,男,1948/9/18 0:00,,諸,,,新,
45,2009,id05_13_01,東京都１区,-,3,718,0.2,又吉光雄,男,1944/2/5 0:00,,諸,,,新,
45,2009,id05_13_01,東京都１区,-,3,652,0.2,前田禎信,男,1971/4/27 0:00,,無,,,新,
45,2009,id05_13_02,東京都２区,当,1,138603,51,中山義活,男,1945/2/13 0:00,4,民,,,元,国
45,2009,id05_13_02,東京都２区,-,3,98593,36.3,深谷隆司,男,1935/9/29 0:00,,自,山,近未来,前,公
45,2009,id05_13_02,東京都２区,-,3,26172,9.6,中島束,男,1944/1/20 0:00,,共,,,新,
45,2009,id05_13_02,東京都２区,-,3,4579,1.7,田中博子,女,1951/11/29 0:00,,無,,,新,
45,2009,id05_13_02,東京都２区,-,3,1924,0.7,加藤文康,男,1962/9/10 0:00,,諸,,,新,
45,2009,id05_13_02,東京都２区,-,3,1748,0.6,千葉潤,男,1968/5/17 0:00,,無,,,新,
45,2009,id05_13_03,東京都３区,当,1,163791,52.2,松原仁,男,1956/7/31 0:00,4,民,,,前,国
45,2009,id05_13_03,東京都３区,-,3,121699,38.8,石原宏高,男,1964/6/19 0:00,,自,,,前,公
45,2009,id05_13_03,東京都３区,-,3,28221,9,沢田英次,男,1943/2/3 0:00,,共,,,新,
45,2009,id05_13_04,東京都４区,当,1,100067,37.5,藤田憲彦,男,1973/6/5 0:00,1,民,,,新,国
45,2009,id05_13_04,東京都４区,比当,2,93583,35.1,平将明,男,1967/2/21 0:00,,自,山,近未来,前,公
45,2009,id05_13_04,東京都４区,-,3,46107,17.3,宇佐美登,男,1967/2/16 0:00,,無,民,,元,
45,2009,id05_13_04,東京都４区,-,3,23622,8.9,渋谷要,男,1933/6/14 0:00,,共,,,新,
45,2009,id05_13_04,東京都４区,-,3,3323,1.2,下川貴久枝,女,1957/4/4 0:00,,諸,,,新,
45,2009,id05_13_05,東京都５区,当,1,149623,50.3,手塚仁雄,男,1966/9/14 0:00,3,民,,,元,国
45,2009,id05_13_05,東京都５区,-,3,121244,40.8,佐藤ゆかり,女,1961/8/19 0:00,,自,,,前,公
45,2009,id05_13_05,東京都５区,-,3,22864,7.7,宮本栄,男,1962/1/27 0:00,,共,,,新,
45,2009,id05_13_05,東京都５区,-,3,3632,1.2,木下真,男,1978/4/15 0:00,,諸,自,,新,
45,2009,id05_13_06,東京都６区,当,1,174367,56.4,小宮山洋子,女,1948/9/17 0:00,4,民,,,前,社・国
45,2009,id05_13_06,東京都６区,-,3,102944,33.3,越智隆雄,男,1964/2/27 0:00,,自,町,清和会,前,公
45,2009,id05_13_06,東京都６区,-,3,27105,8.8,佐藤直樹,男,1979/5/10 0:00,,共,,,新,
45,2009,id05_13_06,東京都６区,-,3,4986,1.6,中岡陽子,女,1961/2/21 0:00,,諸,,,新,
45,2009,id05_13_07,東京都７区,当,1,167905,61.3,長妻昭,男,1960/6/14 0:00,4,民,,,前,
45,2009,id05_13_07,東京都７区,-,3,79686,29.1,松本文明,男,1949/3/25 0:00,,自,町,清和会,前,公
45,2009,id05_13_07,東京都７区,-,3,24103,8.8,太田宜興,男,1976/2/17 0:00,,共,,,新,
45,2009,id05_13_07,東京都７区,-,3,2401,0.9,大門一也,男,1959/10/23 0:00,,諸,,,新,
45,2009,id05_13_08,東京都８区,当,1,147514,49.9,石原伸晃,男,1957/4/19 0:00,7,自,山,近未来,前,公
45,2009,id05_13_08,東京都８区,-,3,116723,39.5,保坂展人,男,1955/11/26 0:00,,社,,,前,民・国
45,2009,id05_13_08,東京都８区,-,3,24965,8.5,沢田俊史,男,1951/3/11 0:00,,共,,,新,
45,2009,id05_13_08,東京都８区,-,3,6132,2.1,植田誠一,男,1965/3/11 0:00,,諸,,,新,
45,2009,id05_13_09,東京都９区,当,1,140109,47.2,木内孝胤,男,1966/8/30 0:00,1,民,,,新,国
45,2009,id05_13_09,東京都９区,比当,2,126026,42.5,菅原一秀,男,1962/1/7 0:00,,自,,,前,公
45,2009,id05_13_09,東京都９区,-,3,26796,9,岸良信,男,1955/6/8 0:00,,共,,,新,
45,2009,id05_13_09,東京都９区,-,3,3644,1.2,沖原唯浩,男,1973/10/24 0:00,,諸,,,新,
45,2009,id05_13_10,東京都１０区,当,1,105512,47.2,江端貴子,女,1959/12/22 0:00,1,民,,,新,国
45,2009,id05_13_10,東京都１０区,比当,2,96739,43.3,小池百合子,女,1952/7/15 0:00,,自,町,清和会,前,公
45,2009,id05_13_10,東京都１０区,-,3,21092,9.4,山本敏江,女,1949/1/23 0:00,,共,,,新,
45,2009,id05_13_11,東京都１１区,当,1,117472,42.4,下村博文,男,1954/5/23 0:00,5,自,町,清和会,前,公
45,2009,id05_13_11,東京都１１区,-,3,113998,41.1,有田芳生,男,1952/2/20 0:00,,日,,,新,民
45,2009,id05_13_11,東京都１１区,-,3,36487,13.2,徳留道信,男,1952/6/6 0:00,,共,,,新,
45,2009,id05_13_11,東京都１１区,-,3,6853,2.5,前田浩一,男,1971/1/18 0:00,,諸,,,新,
45,2009,id05_13_11,東京都１１区,-,3,2360,0.9,和合秀典,男,1941/10/21 0:00,,諸,,,新,
45,2009,id05_13_12,東京都１２区,当,1,118753,45.2,青木愛,女,1965/8/18 0:00,2,民,,,元,国
45,2009,id05_13_12,東京都１２区,-,3,108679,41.4,太田昭宏,男,1945/10/6 0:00,,公,,,前,自・改
45,2009,id05_13_12,東京都１２区,-,3,31475,12,池内沙織,女,1982/9/15 0:00,,共,,,新,
45,2009,id05_13_12,東京都１２区,-,3,3813,1.5,与国秀行,男,1976/6/6 0:00,,諸,,,新,
45,2009,id05_13_13,東京都１３区,当,1,114653,44.9,平山泰朗,男,1971/9/24 0:00,1,民,,,新,国
45,2009,id05_13_13,東京都１３区,比当,2,111590,43.7,鴨下一郎,男,1949/1/16 0:00,,自,津,平成研,前,公
45,2009,id05_13_13,東京都１３区,-,3,26259,10.3,渡辺修次,男,1940/8/20 0:00,,共,,,新,
45,2009,id05_13_13,東京都１３区,-,3,2873,1.1,藤山和正,男,1960/6/19 0:00,,諸,,,新,
45,2009,id05_13_14,東京都１４区,当,1,110624,47.8,木村剛司,男,1971/7/9 0:00,1,民,,,新,国
45,2009,id05_13_14,東京都１４区,-,3,93675,40.5,松島みどり,女,1956/7/15 0:00,,自,町,清和会,前,公
45,2009,id05_13_14,東京都１４区,-,3,23705,10.2,伊藤文雄,男,1943/12/22 0:00,,共,,,新,
45,2009,id05_13_14,東京都１４区,-,3,3409,1.5,吉田昌文,男,1969/1/11 0:00,,諸,,,新,
45,2009,id05_13_15,東京都１５区,当,1,105131,42.4,東祥三,男,1951/5/1 0:00,5,民,,,元,国
45,2009,id05_13_15,東京都１５区,-,3,80054,32.3,木村勉,男,1939/8/15 0:00,,自,山,近未来,前,公
45,2009,id05_13_15,東京都１５区,比当,2,38808,15.6,柿沢未途,男,1971/1/21 0:00,,み,民,,新,
45,2009,id05_13_15,東京都１５区,-,3,22176,8.9,吉田年男,男,1948/2/15 0:00,,共,,,新,
45,2009,id05_13_15,東京都１５区,-,3,1843,0.7,井寺英人,男,1973/1/5 0:00,,諸,,,新,
45,2009,id05_13_16,東京都１６区,当,1,128400,47.3,初鹿明博,男,1969/4/15 0:00,1,民,,,新,
45,2009,id05_13_16,東京都１６区,-,3,113634,41.9,島村宜伸,男,1934/3/27 0:00,,自,,,前,公
45,2009,id05_13_16,東京都１６区,-,3,23385,8.6,河合恭一,男,1952/7/17 0:00,,共,,,新,
45,2009,id05_13_16,東京都１６区,-,3,5763,2.1,小島一郎,男,1971/3/29 0:00,,諸,,,新,
45,2009,id05_13_17,東京都１７区,当,1,138512,51.4,平沢勝栄,男,1945/9/4 0:00,5,自,山,近未来,前,
45,2009,id05_13_17,東京都１７区,比当,2,106892,39.6,早川久美子,女,1971/1/18 0:00,,民,,,新,国
45,2009,id05_13_17,東京都１７区,-,3,21448,8,新井杉生,男,1959/2/10 0:00,,共,,,新,
45,2009,id05_13_17,東京都１７区,-,3,2787,1,深尾一平,男,1981/3/7 0:00,,諸,,,新,
45,2009,id05_13_18,東京都１８区,当,1,163446,59.5,菅直人,男,1946/10/10 0:00,10,民,,,前,国
45,2009,id05_13_18,東京都１８区,-,3,88325,32.1,土屋正忠,男,1942/1/13 0:00,,自,,,前,公
45,2009,id05_13_18,東京都１８区,-,3,21004,7.6,小泉民未嗣,男,1978/3/8 0:00,,共,,,新,
45,2009,id05_13_18,東京都１８区,-,3,2087,0.8,森香樹,男,1947/7/14 0:00,,諸,,,新,
45,2009,id05_13_19,東京都１９区,当,1,170437,55,末松義規,男,1956/12/5 0:00,5,民,,,前,国
45,2009,id05_13_19,東京都１９区,-,3,105721,34.1,松本洋平,男,1973/8/31 0:00,,自,伊,志帥会,前,公
45,2009,id05_13_19,東京都１９区,-,3,27860,9,清水明男,男,1951/6/22 0:00,,共,,,新,
45,2009,id05_13_19,東京都１９区,-,3,2912,0.9,高橋佐惠子,女,1942/8/18 0:00,,無,,,新,
45,2009,id05_13_19,東京都１９区,-,3,2740,0.9,石田真一郎,男,1965/12/24 0:00,,諸,,,新,
45,2009,id05_13_20,東京都２０区,当,1,136294,51.2,加藤公一,男,1964/4/6 0:00,4,民,,,前,国
45,2009,id05_13_20,東京都２０区,-,3,95718,36,木原誠二,男,1970/6/8 0:00,,自,古,宏池会,前,公
45,2009,id05_13_20,東京都２０区,-,3,31475,11.8,池田真理子,女,1954/10/28 0:00,,共,,,新,
45,2009,id05_13_20,東京都２０区,-,3,2560,1,阿部一之,男,1976/5/4 0:00,,諸,,,新,
45,2009,id05_13_21,東京都２１区,当,1,142418,57.6,長島昭久,男,1962/2/17 0:00,3,民,,,前,国
45,2009,id05_13_21,東京都２１区,-,3,79628,32.2,小川友一,男,1946/2/27 0:00,,自,町,清和会,前,公
45,2009,id05_13_21,東京都２１区,-,3,21155,8.6,星篤麿,男,1953/3/11 0:00,,共,,,新,
45,2009,id05_13_21,東京都２１区,-,3,3976,1.6,山本充志,男,1964/1/15 0:00,,諸,,,新,
45,2009,id05_13_22,東京都２２区,当,1,154904,50.6,山花郁夫,男,1967/1/18 0:00,3,民,,,元,国
45,2009,id05_13_22,東京都２２区,-,3,117315,38.3,伊藤達也,男,1961/7/6 0:00,,自,津,平成研,前,公
45,2009,id05_13_22,東京都２２区,-,3,28556,9.3,吉岡正史,男,1974/2/5 0:00,,共,,,新,
45,2009,id05_13_22,東京都２２区,-,3,5501,1.8,辻村智子,女,1973/4/1 0:00,,諸,,,新,
45,2009,id05_13_23,東京都２３区,当,1,168346,54.4,櫛渕万里,女,1967/10/15 0:00,1,民,,,新,国
45,2009,id05_13_23,東京都２３区,-,3,108528,35.1,伊藤公介,男,1941/10/23 0:00,,自,町,清和会,前,公
45,2009,id05_13_23,東京都２３区,-,3,27699,9,古橋良恭,男,1961/5/12 0:00,,共,,,新,
45,2009,id05_13_23,東京都２３区,-,3,4885,1.6,松尾洋平,男,1978/12/25 0:00,,諸,,,新,
45,2009,id05_13_24,東京都２４区,当,1,148719,49.5,阿久津幸彦,男,1956/6/26 0:00,3,民,,,元,国
45,2009,id05_13_24,東京都２４区,-,3,121867,40.5,萩生田光一,男,1963/8/31 0:00,,自,町,清和会,前,公
45,2009,id05_13_24,東京都２４区,-,3,26392,8.8,長谷川暁,男,1972/6/29 0:00,,共,,,新,
45,2009,id05_13_24,東京都２４区,-,3,3762,1.3,小野沢智子,女,1954/8/25 0:00,,諸,,,新,
45,2009,id05_13_25,東京都２５区,当,1,106201,52.5,井上信治,男,1969/10/7 0:00,3,自,麻,志公会,前,公
45,2009,id05_13_25,東京都２５区,-,3,48373,23.9,真砂太郎,男,1956/5/17 0:00,,国,,,新,民・社
45,2009,id05_13_25,東京都２５区,-,3,21044,10.4,鈴木治,男,1956/9/22 0:00,,共,,,新,
45,2009,id05_13_25,東京都２５区,-,3,19874,9.8,鈴木泰,男,1960/5/14 0:00,,無,国,,新,
45,2009,id05_13_25,東京都２５区,-,3,6673,3.3,小鮒将人,男,1968/2/11 0:00,,諸,民,,新,
45,2009,id06_15_01,新潟県１区,当,1,169389,60.1,西村智奈美,女,1967/1/13 0:00,3,民,,,前,国
45,2009,id06_15_01,新潟県１区,-,3,90626,32.2,吉田六左エ門,男,1939/12/15 0:00,,自,伊,志帥会,前,公・改
45,2009,id06_15_01,新潟県１区,-,3,17919,6.4,武田勝利,男,1964/1/2 0:00,,共,,,新,
45,2009,id06_15_01,新潟県１区,-,3,3690,1.3,松本弘司,男,1960/4/2 0:00,,諸,,,新,
45,2009,id06_15_02,新潟県２区,当,1,122686,52.3,鷲尾英一郎,男,1977/1/3 0:00,2,民,,,前,国
45,2009,id06_15_02,新潟県２区,-,3,86960,37,近藤基彦,男,1954/2/15 0:00,,自,古,宏池会,前,公・改
45,2009,id06_15_02,新潟県２区,-,3,22866,9.7,米山昇,男,1952/1/22 0:00,,社,,,新,
45,2009,id06_15_02,新潟県２区,-,3,2257,1,菅原智,男,1960/3/27 0:00,,諸,,,新,
45,2009,id06_15_03,新潟県３区,当,1,154985,66,黒岩宇洋,男,1966/10/13 0:00,1,民,,,新,国
45,2009,id06_15_03,新潟県３区,-,3,77058,32.8,稲葉大和,男,1943/11/12 0:00,,自,山,近未来,前,公・改
45,2009,id06_15_03,新潟県３区,-,3,2668,1.1,富川将充,男,1972/10/6 0:00,,諸,,,新,
45,2009,id06_15_04,新潟県４区,当,1,144230,62.5,菊田真紀子,女,1969/10/24 0:00,3,民,,,前,国
45,2009,id06_15_04,新潟県４区,-,3,82826,35.9,栗原洋志,男,1970/9/15 0:00,,自,,,新,公・改
45,2009,id06_15_04,新潟県４区,-,3,3660,1.6,関谷剛,男,1971/8/20 0:00,,諸,,,新,
45,2009,id06_15_05,新潟県５区,当,1,103202,49.1,田中真紀子,女,1944/1/14 0:00,6,民,,,前,
45,2009,id06_15_05,新潟県５区,-,3,86453,41.1,米山隆一,男,1967/9/8 0:00,,自,,,新,公・改
45,2009,id06_15_05,新潟県５区,-,3,17698,8.4,伊部昌一,男,1952/3/28 0:00,,社,,,新,
45,2009,id06_15_05,新潟県５区,-,3,1458,0.7,山田好孝,男,1950/12/15 0:00,,無,,,新,
45,2009,id06_15_05,新潟県５区,-,3,1323,0.6,笠巻健也,男,1970/8/11 0:00,,諸,,,新,
45,2009,id06_15_06,新潟県６区,当,1,124894,55.4,筒井信隆,男,1944/11/10 0:00,5,民,,,前,国
45,2009,id06_15_06,新潟県６区,-,3,89672,39.7,高鳥修一,男,1960/9/29 0:00,,自,町,清和会,前,公・改
45,2009,id06_15_06,新潟県６区,-,3,9222,4.1,橋本正幸,男,1948/1/1 0:00,,共,,,新,
45,2009,id06_15_06,新潟県６区,-,3,1836,0.8,国領大聖,男,1976/12/24 0:00,,諸,,,新,
45,2009,id06_16_01,富山県１区,当,1,90377,49.9,村井宗明,男,1973/5/30 0:00,3,民,,,前,社・国
45,2009,id06_16_01,富山県１区,比当,2,82040,45.3,長勢甚遠,男,1943/10/3 0:00,,自,町,清和会,前,公
45,2009,id06_16_01,富山県１区,-,3,6974,3.9,佐伯めぐみ,女,1980/11/21 0:00,,共,,,新,
45,2009,id06_16_01,富山県１区,-,3,1684,0.9,吉田かをる,女,1955/3/28 0:00,,諸,,,新,
45,2009,id06_16_02,富山県２区,当,1,105828,57.8,宮腰光寛,男,1950/12/21 0:00,5,自,古,宏池会,前,公
45,2009,id06_16_02,富山県２区,-,3,73597,40.2,藤井宗一,男,1948/7/4 0:00,,社,,,新,民・国
45,2009,id06_16_02,富山県２区,-,3,3579,2,小野彦治,男,1968/8/11 0:00,,諸,,,新,
45,2009,id06_16_03,富山県３区,当,1,134315,45.9,橘慶一郎,男,1961/1/23 0:00,1,自,,,新,
45,2009,id06_16_03,富山県３区,-,3,105483,36,相本芳彦,男,1956/5/17 0:00,,無,,,新,民・社
45,2009,id06_16_03,富山県３区,-,3,50752,17.3,柴田巧,男,1960/12/11 0:00,,無,自,,新,み
45,2009,id06_16_03,富山県３区,-,3,2249,0.8,出口佑一,男,1977/8/12 0:00,,諸,,,新,
45,2009,id06_17_01,石川県１区,当,1,125667,49.2,奥田建,男,1959/1/16 0:00,4,民,,,元,国
45,2009,id06_17_01,石川県１区,比当,2,117168,45.8,馳浩,男,1961/5/5 0:00,,自,町,清和会,前,公
45,2009,id06_17_01,石川県１区,-,3,10982,4.3,佐藤正幸,男,1967/12/13 0:00,,共,,,新,
45,2009,id06_17_01,石川県１区,-,3,1738,0.7,松林淳一,男,1964/5/10 0:00,,諸,,,新,
45,2009,id06_17_02,石川県２区,当,1,123490,50.2,森喜朗,男,1937/7/14 0:00,14,自,町,清和会,前,公
45,2009,id06_17_02,石川県２区,比当,2,119021,48.4,田中美絵子,女,1975/12/16 0:00,,民,,,新,国
45,2009,id06_17_02,石川県２区,-,3,3467,1.4,宮元智,男,1960/2/23 0:00,,諸,,,新,
45,2009,id06_17_03,石川県３区,当,1,100832,49.9,近藤和也,男,1973/12/12 0:00,1,民,,,新,国
45,2009,id06_17_03,石川県３区,比当,2,98599,48.8,北村茂男,男,1945/11/8 0:00,,自,町,清和会,前,公
45,2009,id06_17_03,石川県３区,-,3,2654,1.3,東義和,男,1954/12/16 0:00,,諸,,,新,
45,2009,id06_18_01,福井県１区,当,1,78969,50,稲田朋美,女,1959/2/20 0:00,2,自,町,清和会,前,公
45,2009,id06_18_01,福井県１区,比当,2,72119,45.6,笹木竜三,男,1956/11/27 0:00,,民,,,前,国
45,2009,id06_18_01,福井県１区,-,3,6940,4.4,金元幸枝,女,1958/3/20 0:00,,共,,,新,
45,2009,id06_18_02,福井県２区,当,1,80033,49.7,山本拓,男,1952/7/7 0:00,5,自,町,清和会,前,公
45,2009,id06_18_02,福井県２区,比当,2,78496,48.8,糸川正晃,男,1974/12/21 0:00,,民,国,,前,国
45,2009,id06_18_02,福井県２区,-,3,2403,1.5,河合勇樹,男,1962/3/22 0:00,,諸,,,新,
45,2009,id06_18_03,福井県３区,当,1,80724,50.8,高木毅,男,1956/1/16 0:00,4,自,町,清和会,前,公
45,2009,id06_18_03,福井県３区,比当,2,74158,46.7,松宮勲,男,1944/5/28 0:00,,民,,,元,国
45,2009,id06_18_03,福井県３区,-,3,4058,2.6,北野光夫,男,1966/12/13 0:00,,諸,,,新,
45,2009,id06_20_01,長野県１区,当,1,161543,51.3,篠原孝,男,1948/7/17 0:00,3,民,,,前,国
45,2009,id06_20_01,長野県１区,-,3,124136,39.4,小坂憲次,男,1946/3/12 0:00,,自,津,平成研,前,公
45,2009,id06_20_01,長野県１区,-,3,26872,8.5,山口典久,男,1960/11/3 0:00,,共,,,新,
45,2009,id06_20_01,長野県１区,-,3,2535,0.8,横田基文,男,1977/10/11 0:00,,諸,,,新,
45,2009,id06_20_02,長野県２区,当,1,158666,55.9,下条みつ,男,1955/12/29 0:00,3,民,,,前,国
45,2009,id06_20_02,長野県２区,-,3,79267,27.9,務台俊介,男,1956/7/3 0:00,,自,,,新,公
45,2009,id06_20_02,長野県２区,-,3,18603,6.6,中川博司,男,1958/4/30 0:00,,社,,,新,
45,2009,id06_20_02,長野県２区,-,3,18529,6.5,岸野正明,男,1966/8/6 0:00,,共,,,新,
45,2009,id06_20_02,長野県２区,-,3,6682,2.4,上條昭太郎,男,1972/1/13 0:00,,無,,,新,
45,2009,id06_20_02,長野県２区,-,3,2118,0.7,大槻穂奈美,女,1956/6/12 0:00,,諸,,,新,
45,2009,id06_20_03,長野県３区,当,1,138614,47.5,羽田孜,男,1935/8/24 0:00,14,民,,,前,国
45,2009,id06_20_03,長野県３区,-,3,106574,36.5,岩崎忠夫,男,1942/12/8 0:00,,自,津,平成研,元,公
45,2009,id06_20_03,長野県３区,-,3,40948,14,岩谷昇介,男,1953/10/17 0:00,,共,,,新,
45,2009,id06_20_03,長野県３区,-,3,5576,1.9,江原学,男,1957/4/16 0:00,,諸,,,新,
45,2009,id06_20_04,長野県４区,当,1,106262,56.3,矢崎公二,男,1959/9/26 0:00,1,民,,,新,国
45,2009,id06_20_04,長野県４区,-,3,63118,33.4,後藤茂之,男,1955/12/9 0:00,,自,,,前,公
45,2009,id06_20_04,長野県４区,-,3,16575,8.8,上田秀昭,男,1954/7/3 0:00,,共,,,新,
45,2009,id06_20_04,長野県４区,-,3,2878,1.5,増沢宏昭,男,1960/9/30 0:00,,諸,,,新,
45,2009,id06_20_05,長野県５区,当,1,107300,46.9,加藤学,男,1968/12/17 0:00,1,民,,,新,国
45,2009,id06_20_05,長野県５区,-,3,91836,40.2,宮下一郎,男,1958/8/1 0:00,,自,町,清和会,前,公
45,2009,id06_20_05,長野県５区,-,3,14841,6.5,三沢好夫,男,1944/2/29 0:00,,共,,,新,
45,2009,id06_20_05,長野県５区,-,3,13576,5.9,池田幸代,女,1972/1/13 0:00,,社,,,新,
45,2009,id06_20_05,長野県５区,-,3,1176,0.5,原山幸三,男,1961/11/7 0:00,,諸,,,新,
45,2009,id07_21_01,岐阜県１区,当,1,111987,50,柴橋正直,男,1979/7/3 0:00,1,民,,,新,
45,2009,id07_21_01,岐阜県１区,比当,2,99500,44.5,野田聖子,女,1960/9/3 0:00,,自,,,前,公
45,2009,id07_21_01,岐阜県１区,-,3,9832,4.4,鈴木正典,男,1963/9/1 0:00,,共,,,新,
45,2009,id07_21_01,岐阜県１区,-,3,2508,1.1,小沢和恵,女,1983/10/23 0:00,,諸,,,新,
45,2009,id07_21_02,岐阜県２区,当,1,118198,54.2,棚橋泰文,男,1963/2/11 0:00,5,自,,,前,公
45,2009,id07_21_02,岐阜県２区,比当,2,95750,43.9,橋本勉,男,1953/8/21 0:00,,民,,,新,国
45,2009,id07_21_02,岐阜県２区,-,3,4150,1.9,浜石昭,男,1959/12/25 0:00,,諸,,,新,
45,2009,id07_21_03,岐阜県３区,当,1,165017,57.4,園田康博,男,1967/6/9 0:00,3,民,,,前,国
45,2009,id07_21_03,岐阜県３区,-,3,116353,40.4,武藤容治,男,1955/10/18 0:00,,自,麻,志公会,前,公
45,2009,id07_21_03,岐阜県３区,-,3,6341,2.2,馬渕保彦,男,1963/10/23 0:00,,諸,,,新,
45,2009,id07_21_04,岐阜県４区,当,1,141679,52.9,金子一義,男,1942/12/20 0:00,8,自,古,宏池会,前,公
45,2009,id07_21_04,岐阜県４区,比当,2,120525,45,今井雅人,男,1962/2/21 0:00,,民,,,新,国
45,2009,id07_21_04,岐阜県４区,-,3,5666,2.1,川合剛弘,男,1961/12/1 0:00,,諸,,,新,
45,2009,id07_21_05,岐阜県５区,当,1,114676,53.2,阿知波吉信,男,1963/6/21 0:00,1,民,,,新,
45,2009,id07_21_05,岐阜県５区,比当,2,100931,46.8,古屋圭司,男,1952/11/1 0:00,,自,伊,志帥会,前,公
45,2009,id07_22_01,静岡県１区,当,1,120904,47.3,牧野聖修,男,1945/5/4 0:00,4,民,,,元,国
45,2009,id07_22_01,静岡県１区,-,3,96096,37.6,上川陽子,女,1953/3/1 0:00,,自,古,宏池会,前,公
45,2009,id07_22_01,静岡県１区,-,3,21285,8.3,佐藤剛,男,1973/7/7 0:00,,み,,,新,
45,2009,id07_22_01,静岡県１区,-,3,14293,5.6,池野元章,男,1960/5/23 0:00,,共,,,新,
45,2009,id07_22_01,静岡県１区,-,3,3071,1.2,中野雄太,男,1974/2/2 0:00,,諸,,,新,
45,2009,id07_22_02,静岡県２区,当,1,165151,58.4,津川祥吾,男,1972/1/25 0:00,3,民,,,元,国
45,2009,id07_22_02,静岡県２区,-,3,112889,39.9,原田令嗣,男,1952/2/2 0:00,,自,古,宏池会,前,公
45,2009,id07_22_02,静岡県２区,-,3,4952,1.7,浜口亘弘,男,1968/2/3 0:00,,諸,,,新,
45,2009,id07_22_03,静岡県３区,当,1,154035,57.4,小山展弘,男,1975/12/26 0:00,1,民,,,新,国
45,2009,id07_22_03,静岡県３区,-,3,109120,40.6,柳沢伯夫,男,1935/8/18 0:00,,自,古,宏池会,前,公
45,2009,id07_22_03,静岡県３区,-,3,5313,2,江頭俊満,男,1962/12/17 0:00,,諸,,,新,
45,2009,id07_22_04,静岡県４区,当,1,123719,54.6,田村謙治,男,1968/3/19 0:00,3,民,,,前,国
45,2009,id07_22_04,静岡県４区,-,3,100352,44.3,望月義夫,男,1947/5/2 0:00,,自,古,宏池会,前,公
45,2009,id07_22_04,静岡県４区,-,3,2540,1.1,神沢一正,男,1961/9/6 0:00,,諸,,,新,
45,2009,id07_22_05,静岡県５区,当,1,184328,59,細野豪志,男,1971/8/21 0:00,4,民,,,前,国
45,2009,id07_22_05,静岡県５区,-,3,121813,39,斉藤斗志二,男,1944/12/27 0:00,,自,津,平成研,前,公
45,2009,id07_22_05,静岡県５区,-,3,6069,1.9,堀慎太郎,男,1974/9/9 0:00,,諸,,,新,
45,2009,id07_22_06,静岡県６区,当,1,197688,66.5,渡辺周,男,1961/12/11 0:00,5,民,,,前,国
45,2009,id07_22_06,静岡県６区,-,3,93644,31.5,倉田雅年,男,1939/7/10 0:00,,自,津,平成研,前,公
45,2009,id07_22_06,静岡県６区,-,3,5831,2,加藤恵三,男,1954/12/24 0:00,,諸,,,新,
45,2009,id07_22_07,静岡県７区,当,1,129376,52.1,城内実,男,1965/4/19 0:00,2,無,,,元,
45,2009,id07_22_07,静岡県７区,比当,2,63116,25.4,斉木武志,男,1974/5/13 0:00,,民,,,新,
45,2009,id07_22_07,静岡県７区,-,3,54128,21.8,片山さつき,女,1959/5/9 0:00,,自,,,前,公
45,2009,id07_22_07,静岡県７区,-,3,1764,0.7,竹内隆文,男,1958/1/27 0:00,,諸,,,新,
45,2009,id07_22_08,静岡県８区,当,1,123547,48.9,斉藤進,男,1970/11/8 0:00,1,民,,,新,国
45,2009,id07_22_08,静岡県８区,比当,2,114677,45.4,塩谷立,男,1950/2/18 0:00,,自,町,清和会,前,公
45,2009,id07_22_08,静岡県８区,-,3,12117,4.8,平賀高成,男,1954/5/7 0:00,,共,,,元,
45,2009,id07_22_08,静岡県８区,-,3,2330,0.9,小西高靖,男,1955/4/23 0:00,,諸,,,新,
45,2009,id07_23_01,愛知県１区,当,1,122348,54.4,佐藤夕子,女,1963/1/6 0:00,1,民,,,新,国
45,2009,id07_23_01,愛知県１区,-,3,78691,35,篠田陽介,男,1973/3/23 0:00,,自,山,近未来,前,公
45,2009,id07_23_01,愛知県１区,-,3,14485,6.4,木村恵美,女,1950/8/7 0:00,,共,,,新,
45,2009,id07_23_01,愛知県１区,-,3,6082,2.7,平山良平,男,1948/1/15 0:00,,社,,,新,
45,2009,id07_23_01,愛知県１区,-,3,3352,1.5,河田成治,男,1967/8/28 0:00,,諸,,,新,
45,2009,id07_23_02,愛知県２区,当,1,162237,66.6,古川元久,男,1965/12/6 0:00,5,民,,,前,国
45,2009,id07_23_02,愛知県２区,-,3,58225,23.9,宮原美佐子,女,1962/5/29 0:00,,自,,,新,公
45,2009,id07_23_02,愛知県２区,-,3,18908,7.8,斉藤愛子,女,1955/9/10 0:00,,共,,,新,
45,2009,id07_23_02,愛知県２区,-,3,4187,1.7,石田昭,男,1942/2/20 0:00,,諸,,,新,
45,2009,id07_23_03,愛知県３区,当,1,153735,62.2,近藤昭一,男,1958/5/26 0:00,5,民,,,前,国
45,2009,id07_23_03,愛知県３区,-,3,68636,27.8,馬渡龍治,男,1957/7/26 0:00,,自,津,平成研,前,公
45,2009,id07_23_03,愛知県３区,-,3,21611,8.7,本村伸子,女,1972/10/20 0:00,,共,,,新,
45,2009,id07_23_03,愛知県３区,-,3,3277,1.3,服部輝成,男,1977/2/8 0:00,,諸,,,新,
45,2009,id07_23_04,愛知県４区,当,1,129382,57.3,牧義夫,男,1958/1/14 0:00,4,民,,,前,国
45,2009,id07_23_04,愛知県４区,-,3,64367,28.5,藤野真紀子,女,1949/9/15 0:00,,自,二,志帥会,前,公
45,2009,id07_23_04,愛知県４区,-,3,28826,12.8,瀬古由起子,女,1947/8/24 0:00,,共,,,元,
45,2009,id07_23_04,愛知県４区,-,3,3086,1.4,今井田俊一,男,1955/2/5 0:00,,諸,,,新,
45,2009,id07_23_05,愛知県５区,当,1,158235,62,赤松広隆,男,1948/5/3 0:00,7,民,,,前,国
45,2009,id07_23_05,愛知県５区,-,3,88964,34.9,寺西睦,男,1964/6/26 0:00,,自,,,新,公
45,2009,id07_23_05,愛知県５区,-,3,8042,3.2,吉田知子,女,1945/7/1 0:00,,諸,,,新,
45,2009,id07_23_06,愛知県６区,当,1,167697,58.9,石田芳弘,男,1945/10/13 0:00,1,民,,,新,国
45,2009,id07_23_06,愛知県６区,-,3,102252,35.9,丹羽秀樹,男,1972/12/20 0:00,,自,高,番町研,前,公
45,2009,id07_23_06,愛知県６区,-,3,6736,2.4,長谷川浩司,男,1962/11/28 0:00,,無,,,新,
45,2009,id07_23_06,愛知県６区,-,3,5970,2.1,福原真由美,女,1960/8/26 0:00,,諸,,,新,
45,2009,id07_23_06,愛知県６区,-,3,2243,0.8,稲垣寛之,男,1973/4/26 0:00,,無,,,新,
45,2009,id07_23_07,愛知県７区,当,1,182028,61.1,山尾志桜里,女,1974/7/24 0:00,1,民,,,新,国
45,2009,id07_23_07,愛知県７区,-,3,108783,36.5,鈴木淳司,男,1958/4/7 0:00,,自,町,清和会,前,公
45,2009,id07_23_07,愛知県７区,-,3,7032,2.4,永田久美子,女,1962/2/18 0:00,,諸,,,新,
45,2009,id07_23_08,愛知県８区,当,1,172839,60.2,伴野豊,男,1961/1/1 0:00,4,民,,,前,国
45,2009,id07_23_08,愛知県８区,-,3,109582,38.1,伊藤忠彦,男,1964/7/11 0:00,,自,二,志帥会,前,公
45,2009,id07_23_08,愛知県８区,-,3,4907,1.7,三丁目伸哉,男,1966/7/2 0:00,,諸,,,新,
45,2009,id07_23_09,愛知県９区,当,1,180609,62.4,岡本充功,男,1971/6/18 0:00,3,民,,,前,国
45,2009,id07_23_09,愛知県９区,-,3,100549,34.7,海部俊樹,男,1931/1/2 0:00,,自,二,志帥会,前,公
45,2009,id07_23_09,愛知県９区,-,3,8200,2.8,板谷紀美子,女,1953/10/10 0:00,,諸,,,新,
45,2009,id07_23_10,愛知県１０区,当,1,172401,60.7,杉本和巳,男,1960/9/17 0:00,1,民,,,新,国
45,2009,id07_23_10,愛知県１０区,-,3,103704,36.5,江崎鉄磨,男,1943/9/17 0:00,,自,二,志帥会,前,公
45,2009,id07_23_10,愛知県１０区,-,3,7861,2.8,中村秋則,男,1972/10/6 0:00,,諸,,,新,
45,2009,id07_23_11,愛知県１１区,当,1,177350,64,古本伸一郎,男,1965/3/11 0:00,3,民,,,前,国
45,2009,id07_23_11,愛知県１１区,-,3,91334,33,土井真樹,男,1960/7/17 0:00,,自,古,宏池会,前,公
45,2009,id07_23_11,愛知県１１区,-,3,8326,3,中根裕美,女,1974/7/4 0:00,,諸,,,新,
45,2009,id07_23_12,愛知県１２区,当,1,180972,55.4,中根康浩,男,1962/8/17 0:00,2,民,,,元,国
45,2009,id07_23_12,愛知県１２区,-,3,122198,37.4,杉浦正健,男,1934/7/26 0:00,,自,町,清和会,前,公
45,2009,id07_23_12,愛知県１２区,-,3,20551,6.3,八田ひろ子,女,1946/4/9 0:00,,共,,,新,
45,2009,id07_23_12,愛知県１２区,-,3,3171,1,後神芳基,男,1963/5/21 0:00,,諸,,,新,
45,2009,id07_23_13,愛知県１３区,当,1,154779,53.8,大西健介,男,1971/4/13 0:00,1,民,,,新,国
45,2009,id07_23_13,愛知県１３区,比当,2,128995,44.8,大村秀章,男,1960/3/9 0:00,,自,津,平成研,前,公
45,2009,id07_23_13,愛知県１３区,-,3,3950,1.4,室田隆,男,1963/6/21 0:00,,諸,,,新,
45,2009,id07_23_14,愛知県１４区,当,1,117085,60.7,鈴木克昌,男,1943/11/14 0:00,3,民,,,前,国
45,2009,id07_23_14,愛知県１４区,-,3,70564,36.6,杉田元司,男,1951/7/28 0:00,,自,町,清和会,前,公
45,2009,id07_23_14,愛知県１４区,-,3,5304,2.7,鈴木英文,男,1973/5/2 0:00,,諸,,,新,
45,2009,id07_23_15,愛知県１５区,当,1,127059,52.9,森本和義,男,1966/6/16 0:00,1,民,,,新,国
45,2009,id07_23_15,愛知県１５区,-,3,94803,39.5,山本明彦,男,1947/4/1 0:00,,自,町,清和会,前,公
45,2009,id07_23_15,愛知県１５区,-,3,14595,6.1,斎藤啓,男,1971/8/10 0:00,,共,,,新,
45,2009,id07_23_15,愛知県１５区,-,3,3781,1.6,高橋信広,男,1972/6/21 0:00,,諸,,,新,
45,2009,id07_24_01,三重県１区,当,1,118413,53.5,中井洽,男,1942/6/10 0:00,11,民,,,前,国
45,2009,id07_24_01,三重県１区,比当,2,98380,44.5,川崎二郎,男,1947/11/15 0:00,,自,古,宏池会,前,公
45,2009,id07_24_01,三重県１区,-,3,4340,2,後谷一司,男,1961/6/12 0:00,,諸,,,新,
45,2009,id07_24_02,三重県２区,当,1,138207,61.8,中川正春,男,1950/6/10 0:00,5,民,,,前,国
45,2009,id07_24_02,三重県２区,-,3,71626,32,鈴木英敬,男,1974/8/15 0:00,,自,,,新,公
45,2009,id07_24_02,三重県２区,-,3,11533,5.2,中野武史,男,1974/6/14 0:00,,共,,,新,
45,2009,id07_24_02,三重県２区,-,3,2284,1,萩都志子,女,1958/11/13 0:00,,諸,,,新,
45,2009,id07_24_03,三重県３区,当,1,173931,72.2,岡田克也,男,1953/7/14 0:00,7,民,,,前,国
45,2009,id07_24_03,三重県３区,-,3,62993,26.1,平田耕一,男,1948/11/9 0:00,,自,津,平成研,前,公
45,2009,id07_24_03,三重県３区,-,3,3968,1.6,野原典子,女,1956/10/30 0:00,,諸,,,新,
45,2009,id07_24_04,三重県４区,当,1,87824,50.4,森本哲生,男,1949/9/29 0:00,2,民,,,前,国
45,2009,id07_24_04,三重県４区,比当,2,84583,48.5,田村憲久,男,1964/12/15 0:00,,自,津,平成研,前,公
45,2009,id07_24_04,三重県４区,-,3,2018,1.2,高良雄蔵,男,1973/6/6 0:00,,諸,,,新,
45,2009,id07_24_05,三重県５区,当,1,105188,49.9,三ツ矢憲生,男,1950/12/13 0:00,3,自,古,宏池会,前,公
45,2009,id07_24_05,三重県５区,比当,2,102377,48.6,藤田大助,男,1976/9/26 0:00,,民,,,新,国
45,2009,id07_24_05,三重県５区,-,3,3228,1.5,大原忍,男,1951/6/14 0:00,,諸,,,新,
45,2009,id08_25_01,滋賀県１区,当,1,112590,51.9,川端達夫,男,1945/1/24 0:00,8,民,,,前,国
45,2009,id08_25_01,滋賀県１区,-,3,82262,37.9,上野賢一郎,男,1965/8/3 0:00,,自,山,近未来,前,公
45,2009,id08_25_01,滋賀県１区,-,3,19920,9.2,川内卓,男,1955/11/24 0:00,,共,,,新,
45,2009,id08_25_01,滋賀県１区,-,3,2037,0.9,対中章哲,男,1950/10/2 0:00,,諸,,,新,
45,2009,id08_25_02,滋賀県２区,当,1,109885,61,田島一成,男,1962/6/15 0:00,3,民,,,前,国
45,2009,id08_25_02,滋賀県２区,-,3,66959,37.2,藤井勇治,男,1950/2/27 0:00,,自,古,宏池会,前,公
45,2009,id08_25_02,滋賀県２区,-,3,3205,1.8,池田信隆,男,1959/10/3 0:00,,諸,,,新,
45,2009,id08_25_03,滋賀県３区,当,1,103445,60.8,三日月大造,男,1971/5/24 0:00,3,民,,,前,国
45,2009,id08_25_03,滋賀県３区,-,3,54894,32.3,宇野治,男,1947/9/2 0:00,,自,伊,志帥会,前,公
45,2009,id08_25_03,滋賀県３区,-,3,9957,5.9,木村真佐美,女,1955/3/25 0:00,,共,,,新,
45,2009,id08_25_03,滋賀県３区,-,3,1725,1,森川貢次,男,1962/7/5 0:00,,諸,,,新,
45,2009,id08_25_04,滋賀県４区,当,1,113801,57,奥村展三,男,1944/8/10 0:00,3,民,,,前,国
45,2009,id08_25_04,滋賀県４区,-,3,61311,30.7,武藤貴也,男,1979/5/25 0:00,,自,,,新,公
45,2009,id08_25_04,滋賀県４区,-,3,19420,9.7,坪田五久男,男,1959/4/1 0:00,,共,,,新,
45,2009,id08_25_04,滋賀県４区,-,3,4971,2.5,曽我周作,男,1979/4/16 0:00,,諸,,,新,
45,2009,id08_26_01,京都府１区,当,1,105818,43,平智之,男,1959/7/10 0:00,1,民,,,新,国
45,2009,id08_26_01,京都府１区,比当,2,81913,33.3,伊吹文明,男,1938/1/9 0:00,,自,伊,志帥会,前,公
45,2009,id08_26_01,京都府１区,比当,2,54605,22.2,穀田恵二,男,1947/1/11 0:00,,共,,,前,
45,2009,id08_26_01,京都府１区,-,3,3576,1.5,種村由美子,女,1956/4/28 0:00,,諸,,,新,
45,2009,id08_26_02,京都府２区,当,1,101151,57.5,前原誠司,男,1962/4/30 0:00,6,民,,,前,国
45,2009,id08_26_02,京都府２区,-,3,42771,24.3,山本朋広,男,1975/6/20 0:00,,自,伊,志帥会,前,公
45,2009,id08_26_02,京都府２区,-,3,25856,14.7,原俊史,男,1967/6/16 0:00,,共,,,新,
45,2009,id08_26_02,京都府２区,-,3,5028,2.9,藤田高景,男,1948/10/14 0:00,,社,,,新,
45,2009,id08_26_02,京都府２区,-,3,1045,0.6,軽部芳輝,男,1968/8/24 0:00,,諸,,,新,
45,2009,id08_26_03,京都府３区,当,1,121834,54.6,泉健太,男,1974/7/29 0:00,3,民,,,前,国
45,2009,id08_26_03,京都府３区,-,3,68043,30.5,清水鴻一郎,男,1946/3/5 0:00,,自,古,宏池会,前,公
45,2009,id08_26_03,京都府３区,-,3,30583,13.7,石村和子,女,1949/12/21 0:00,,共,,,新,
45,2009,id08_26_03,京都府３区,-,3,2744,1.2,岸本浩一,男,1976/5/10 0:00,,諸,,,新,
45,2009,id08_26_04,京都府４区,当,1,109865,41.2,北神圭朗,男,1967/2/1 0:00,2,民,,,前,
45,2009,id08_26_04,京都府４区,-,3,89257,33.5,田中英夫,男,1944/3/19 0:00,,無,,,元,
45,2009,id08_26_04,京都府４区,-,3,35314,13.3,中川泰宏,男,1951/9/19 0:00,,自,,,前,
45,2009,id08_26_04,京都府４区,-,3,30410,11.4,吉田幸一,男,1974/4/1 0:00,,共,,,新,
45,2009,id08_26_04,京都府４区,-,3,1541,0.6,出野博志,男,1948/12/21 0:00,,諸,,,新,
45,2009,id08_26_05,京都府５区,当,1,87998,46.5,谷垣禎一,男,1945/3/7 0:00,10,自,古,宏池会,前,公
45,2009,id08_26_05,京都府５区,比当,2,80966,42.8,小原舞,女,1974/7/10 0:00,,民,,,新,国
45,2009,id08_26_05,京都府５区,-,3,17941,9.5,吉田早由美,女,1950/11/21 0:00,,共,,,新,
45,2009,id08_26_05,京都府５区,-,3,2225,1.2,詫間啓司,男,1979/1/29 0:00,,諸,,,新,
45,2009,id08_26_06,京都府６区,当,1,176022,57.4,山井和則,男,1962/1/6 0:00,4,民,,,前,国
45,2009,id08_26_06,京都府６区,-,3,91944,30,井沢京子,女,1962/10/16 0:00,,自,古,宏池会,前,公
45,2009,id08_26_06,京都府６区,-,3,32322,10.5,浜田良之,男,1956/2/28 0:00,,共,,,新,
45,2009,id08_26_06,京都府６区,-,3,6437,2.1,北川智子,女,1963/2/18 0:00,,諸,,,新,
45,2009,id08_27_01,大阪府１区,当,1,117313,50.8,熊田篤嗣,男,1971/3/3 0:00,1,民,,,新,国
45,2009,id08_27_01,大阪府１区,-,3,78335,33.9,中馬弘毅,男,1936/10/8 0:00,,自,麻,志公会,前,公
45,2009,id08_27_01,大阪府１区,-,3,20438,8.8,辻日出子,女,1943/7/18 0:00,,共,,,新,
45,2009,id08_27_01,大阪府１区,-,3,11374,4.9,堺井裕貴,女,1968/1/17 0:00,,無,民,,新,
45,2009,id08_27_01,大阪府１区,-,3,3555,1.5,林富美子,女,1966/11/20 0:00,,諸,,,新,
45,2009,id08_27_02,大阪府２区,当,1,91952,40.1,萩原仁,男,1967/9/12 0:00,1,民,,,新,
45,2009,id08_27_02,大阪府２区,-,3,72888,31.8,左藤章,男,1951/7/12 0:00,,無,,,元,
45,2009,id08_27_02,大阪府２区,-,3,35417,15.5,川条志嘉,女,1970/1/25 0:00,,自,二,志帥会,前,
45,2009,id08_27_02,大阪府２区,-,3,23629,10.3,吉永朋之,男,1945/2/13 0:00,,共,,,新,
45,2009,id08_27_02,大阪府２区,-,3,5285,2.3,深田敏子,女,1970/12/23 0:00,,諸,,,新,
45,2009,id08_27_03,大阪府３区,当,1,109518,44.7,中島正純,男,1969/1/14 0:00,1,民,,,新,国
45,2009,id08_27_03,大阪府３区,-,3,97121,39.6,田端正広,男,1940/1/4 0:00,,公,,,前,自・改
45,2009,id08_27_03,大阪府３区,-,3,32432,13.2,千葉孝子,女,1945/12/2 0:00,,共,,,新,
45,2009,id08_27_03,大阪府３区,-,3,6078,2.5,森悦宏,男,1967/4/1 0:00,,諸,,,新,
45,2009,id08_27_04,大阪府４区,当,1,135411,50.8,吉田治,男,1962/3/16 0:00,4,民,,,元,国
45,2009,id08_27_04,大阪府４区,-,3,98576,37,中山泰秀,男,1970/10/14 0:00,,自,町,清和会,前,公
45,2009,id08_27_04,大阪府４区,-,3,28432,10.7,長谷川良雄,男,1950/4/29 0:00,,共,,,新,
45,2009,id08_27_04,大阪府４区,-,3,4111,1.5,春山美一,男,1968/9/28 0:00,,諸,,,新,
45,2009,id08_27_05,大阪府５区,当,1,121210,46.7,稲見哲男,男,1948/7/20 0:00,2,民,,,元,国
45,2009,id08_27_05,大阪府５区,-,3,97604,37.6,谷口隆義,男,1949/4/18 0:00,,公,,,前,自・改
45,2009,id08_27_05,大阪府５区,-,3,35405,13.7,姫野浄,男,1935/10/9 0:00,,共,,,新,
45,2009,id08_27_05,大阪府５区,-,3,5113,2,柳武,男,1972/8/1 0:00,,諸,,,新,
45,2009,id08_27_06,大阪府６区,当,1,109143,43.3,村上史好,男,1952/6/10 0:00,1,民,,,新,国
45,2009,id08_27_06,大阪府６区,-,3,107336,42.6,福島豊,男,1958/1/4 0:00,,公,,,前,自・改
45,2009,id08_27_06,大阪府６区,-,3,26490,10.5,矢野博之,男,1939/4/25 0:00,,共,,,新,
45,2009,id08_27_06,大阪府６区,-,3,9087,3.6,上杉智子,女,1964/12/15 0:00,,諸,,,新,
45,2009,id08_27_07,大阪府７区,当,1,124982,52.9,藤村修,男,1949/11/3 0:00,6,民,,,前,社・国
45,2009,id08_27_07,大阪府７区,-,3,79289,33.5,渡嘉敷奈緒美,女,1962/7/16 0:00,,自,津,平成研,前,公
45,2009,id08_27_07,大阪府７区,-,3,29030,12.3,駒井正男,男,1967/2/4 0:00,,共,,,新,
45,2009,id08_27_07,大阪府７区,-,3,3063,1.3,水沼義隆,男,1973/12/10 0:00,,諸,,,新,
45,2009,id08_27_08,大阪府８区,当,1,114851,53.3,中野寛成,男,1940/11/26 0:00,11,民,,,元,国
45,2009,id08_27_08,大阪府８区,-,3,77405,35.9,大塚高司,男,1964/9/11 0:00,,自,津,平成研,前,公
45,2009,id08_27_08,大阪府８区,-,3,19498,9,久門松寿,男,1943/9/20 0:00,,共,,,新,
45,2009,id08_27_08,大阪府８区,-,3,3714,1.7,高橋伸典,男,1963/1/17 0:00,,諸,,,新,
45,2009,id08_27_09,大阪府９区,当,1,150452,51,大谷信盛,男,1962/12/4 0:00,3,民,,,元,国
45,2009,id08_27_09,大阪府９区,-,3,97902,33.2,原田憲治,男,1948/6/9 0:00,,自,津,平成研,前,公
45,2009,id08_27_09,大阪府９区,-,3,24281,8.2,村上弘充,男,1945/10/11 0:00,,共,,,新,
45,2009,id08_27_09,大阪府９区,-,3,16736,5.7,吉野宏一,男,1967/8/21 0:00,,み,,,新,
45,2009,id08_27_09,大阪府９区,-,3,5634,1.9,藤木利恵,女,1974/3/19 0:00,,諸,,,新,
45,2009,id08_27_10,大阪府１０区,当,1,109693,50.5,辻元清美,女,1960/4/28 0:00,4,社,,,前,民・国
45,2009,id08_27_10,大阪府１０区,比当,2,85106,39.2,松浪健太,男,1971/8/17 0:00,,自,伊,志帥会,前,公
45,2009,id08_27_10,大阪府１０区,-,3,18425,8.5,浅沼和仁,男,1961/5/26 0:00,,共,,,新,
45,2009,id08_27_10,大阪府１０区,-,3,3863,1.8,筒井宏志,男,1955/8/7 0:00,,諸,,,新,
45,2009,id08_27_11,大阪府１１区,当,1,156002,59.5,平野博文,男,1949/3/19 0:00,5,民,,,前,社・国
45,2009,id08_27_11,大阪府１１区,-,3,70309,26.8,井脇ノブ子,女,1946/2/11 0:00,,自,二,志帥会,前,
45,2009,id08_27_11,大阪府１１区,-,3,30680,11.7,山下京子,女,1954/2/28 0:00,,共,,,新,
45,2009,id08_27_11,大阪府１１区,-,3,5041,1.9,山内晃,男,1972/2/19 0:00,,諸,,,新,
45,2009,id08_27_12,大阪府１２区,当,1,119048,53.2,樽床伸二,男,1959/8/6 0:00,5,民,,,元,国
45,2009,id08_27_12,大阪府１２区,-,3,80847,36.1,北川知克,男,1951/11/8 0:00,,自,高,番町研,前,公
45,2009,id08_27_12,大阪府１２区,-,3,19053,8.5,重田初江,女,1950/12/9 0:00,,共,,,新,
45,2009,id08_27_12,大阪府１２区,-,3,4894,2.2,宮崎麻美,女,1959/12/6 0:00,,諸,,,新,
45,2009,id08_27_13,大阪府１３区,当,1,107807,43.5,西野陽,男,1940/1/15 0:00,5,自,古,宏池会,前,公
45,2009,id08_27_13,大阪府１３区,-,3,90453,36.5,白石純子,女,1962/9/6 0:00,,国,,,新,民・社・日
45,2009,id08_27_13,大阪府１３区,比当,2,45716,18.4,吉井英勝,男,1942/12/19 0:00,,共,,,前,
45,2009,id08_27_13,大阪府１３区,-,3,4116,1.7,生田智千,男,1980/8/4 0:00,,諸,,,新,
45,2009,id08_27_14,大阪府１４区,当,1,136798,48.4,長尾敬,男,1962/11/29 0:00,1,民,,,新,国
45,2009,id08_27_14,大阪府１４区,比当,2,104859,37.1,谷畑孝,男,1947/1/10 0:00,,自,町,清和会,前,公
45,2009,id08_27_14,大阪府１４区,-,3,27855,9.8,野沢倫昭,男,1948/2/15 0:00,,共,,,新,
45,2009,id08_27_14,大阪府１４区,-,3,10167,3.6,三宅博,男,1950/4/7 0:00,,無,,,新,
45,2009,id08_27_14,大阪府１４区,-,3,3143,1.1,北口義明,男,1950/5/24 0:00,,諸,,,新,
45,2009,id08_27_15,大阪府１５区,当,1,123651,46.8,大谷啓,男,1970/12/2 0:00,1,民,,,新,国
45,2009,id08_27_15,大阪府１５区,比当,2,107896,40.8,竹本直一,男,1940/11/23 0:00,,自,古,宏池会,前,公
45,2009,id08_27_15,大阪府１５区,-,3,26134,9.9,中野好博,男,1943/2/11 0:00,,共,,,新,
45,2009,id08_27_15,大阪府１５区,-,3,6654,2.5,"村上俊樹
",男,1957/8/3 0:00,,諸,,,新,
45,2009,id08_27_16,大阪府１６区,当,1,100548,48,森山浩行,男,1971/4/8 0:00,1,民,,,新,国
45,2009,id08_27_16,大阪府１６区,-,3,84883,40.6,北側一雄,男,1953/3/2 0:00,,公,,,前,自・改
45,2009,id08_27_16,大阪府１６区,-,3,19379,9.3,岸上倭文樹,男,1945/5/28 0:00,,共,,,新,
45,2009,id08_27_16,大阪府１６区,-,3,4459,2.1,中川義衛,男,1960/2/12 0:00,,諸,,,新,
45,2009,id08_27_17,大阪府１７区,当,1,92666,43.1,辻恵,男,1948/6/12 0:00,2,民,,,元,国
45,2009,id08_27_17,大阪府１７区,-,3,65054,30.3,岡下信子,女,1939/6/28 0:00,,自,津,平成研,前,公
45,2009,id08_27_17,大阪府１７区,-,3,36650,17.1,西村真悟,男,1948/7/7 0:00,,改,民,,前,
45,2009,id08_27_17,大阪府１７区,-,3,20560,9.6,坂本譲次,男,1947/7/9 0:00,,共,,,新,
45,2009,id08_27_18,大阪府１８区,当,1,132399,48.6,中川治,男,1951/2/10 0:00,2,民,,,元,国
45,2009,id08_27_18,大阪府１８区,-,3,104699,38.4,中山太郎,男,1924/8/27 0:00,,自,,,前,公
45,2009,id08_27_18,大阪府１８区,-,3,27440,10.1,大塚康樹,男,1967/10/11 0:00,,共,,,新,
45,2009,id08_27_18,大阪府１８区,-,3,7915,2.9,西川豊,男,1964/5/7 0:00,,諸,,,新,
45,2009,id08_27_19,大阪府１９区,当,1,110313,55.6,長安豊,男,1968/9/5 0:00,3,民,,,前,社・国
45,2009,id08_27_19,大阪府１９区,-,3,70879,35.7,松浪健四郎,男,1946/10/14 0:00,,自,二,志帥会,前,公
45,2009,id08_27_19,大阪府１９区,-,3,14735,7.4,和気豊,男,1941/3/10 0:00,,共,,,新,
45,2009,id08_27_19,大阪府１９区,-,3,2487,1.3,豊田隆久,男,1972/9/18 0:00,,諸,,,新,
45,2009,id08_28_01,兵庫県１区,当,1,111183,48.6,井戸正枝,女,1965/12/13 0:00,1,民,,,新,国
45,2009,id08_28_01,兵庫県１区,-,3,73767,32.3,盛山正仁,男,1953/12/14 0:00,,自,古,宏池会,前,公
45,2009,id08_28_01,兵庫県１区,-,3,20760,9.1,味口俊之,男,1969/10/20 0:00,,共,,,新,
45,2009,id08_28_01,兵庫県１区,-,3,19995,8.7,原和美,女,1950/1/1 0:00,,無,,,新,
45,2009,id08_28_01,兵庫県１区,-,3,2868,1.3,槙山健二,男,1957/2/19 0:00,,諸,,,新,
45,2009,id08_28_02,兵庫県２区,当,1,111208,48.9,向山好一,男,1957/7/18 0:00,1,民,,,新,国
45,2009,id08_28_02,兵庫県２区,-,3,88502,38.9,赤羽一嘉,男,1958/5/7 0:00,,公,,,前,自・改
45,2009,id08_28_02,兵庫県２区,-,3,23041,10.1,井村弘子,女,1946/7/3 0:00,,共,,,新,
45,2009,id08_28_02,兵庫県２区,-,3,4485,2,竹内知弘,男,1964/5/6 0:00,,諸,,,新,
45,2009,id08_28_03,兵庫県３区,当,1,102350,50,土肥隆一,男,1939/2/11 0:00,7,民,,,前,国
45,2009,id08_28_03,兵庫県３区,-,3,67833,33.1,関芳弘,男,1965/6/7 0:00,,自,町,清和会,前,公
45,2009,id08_28_03,兵庫県３区,-,3,18703,9.1,金田峰生,男,1965/8/25 0:00,,共,,,新,
45,2009,id08_28_03,兵庫県３区,-,3,11011,5.4,黒江兼司,男,1956/3/1 0:00,,無,,,新,
45,2009,id08_28_03,兵庫県３区,-,3,2866,1.4,山本正晴,男,1956/5/12 0:00,,無,,,新,
45,2009,id08_28_03,兵庫県３区,-,3,2039,1,森本潔,男,1957/2/13 0:00,,諸,,,新,
45,2009,id08_28_04,兵庫県４区,当,1,142684,51.6,高橋昭一,男,1964/6/24 0:00,1,民,,,新,国
45,2009,id08_28_04,兵庫県４区,-,3,103336,37.3,井上喜一,男,1932/5/24 0:00,,自,二,志帥会,前,公
45,2009,id08_28_04,兵庫県４区,-,3,20924,7.6,石原修三,男,1950/12/15 0:00,,無,,,新,
45,2009,id08_28_04,兵庫県４区,-,3,5299,1.9,佐藤塁,男,1976/9/22 0:00,,諸,,,新,
45,2009,id08_28_04,兵庫県４区,-,3,4427,1.6,外山高史,男,1948/5/27 0:00,,無,,,新,
45,2009,id08_28_05,兵庫県５区,当,1,142631,55,梶原康弘,男,1956/10/14 0:00,2,民,,,元,国
45,2009,id08_28_05,兵庫県５区,比当,2,109497,42.2,谷公一,男,1952/1/28 0:00,,自,伊,志帥会,前,公
45,2009,id08_28_05,兵庫県５区,-,3,7406,2.9,丸岡真澄,女,1957/11/6 0:00,,諸,,,新,
45,2009,id08_28_06,兵庫県６区,当,1,172889,55.6,市村浩一郎,男,1964/7/16 0:00,3,民,,,前,国
45,2009,id08_28_06,兵庫県６区,-,3,104014,33.4,木挽司,男,1958/10/18 0:00,,自,町,清和会,前,公
45,2009,id08_28_06,兵庫県６区,-,3,28098,9,北野紀子,女,1963/6/18 0:00,,共,,,新,
45,2009,id08_28_06,兵庫県６区,-,3,6096,2,上野仁宏,男,1971/2/14 0:00,,諸,,,新,
45,2009,id08_28_07,兵庫県７区,当,1,176017,58.6,石井登志郎,男,1971/5/29 0:00,1,民,,,新,国
45,2009,id08_28_07,兵庫県７区,-,3,90661,30.2,大前繁雄,男,1942/6/28 0:00,,自,山,近未来,前,公
45,2009,id08_28_07,兵庫県７区,-,3,26745,8.9,平野貞雄,男,1956/3/4 0:00,,共,,,新,
45,2009,id08_28_07,兵庫県７区,-,3,6759,2.3,小田和代,女,1960/4/21 0:00,,諸,,,新,
45,2009,id08_28_08,兵庫県８区,当,1,106225,42.2,田中康夫,男,1956/4/12 0:00,1,日,,,新,民
45,2009,id08_28_08,兵庫県８区,-,3,103918,41.3,冬柴鉄三,男,1936/6/29 0:00,,公,,,前,自・改
45,2009,id08_28_08,兵庫県８区,-,3,20327,8.1,庄本悦子,女,1954/8/16 0:00,,共,,,新,
45,2009,id08_28_08,兵庫県８区,-,3,18770,7.5,市来伴子,女,1977/8/2 0:00,,社,,,新,
45,2009,id08_28_08,兵庫県８区,-,3,2532,1,角出智一,男,1965/12/21 0:00,,諸,,,新,
45,2009,id08_28_09,兵庫県９区,当,1,137190,60.6,西村康稔,男,1962/10/15 0:00,3,自,町,清和会,前,公
45,2009,id08_28_09,兵庫県９区,-,3,76991,34,宮本一三,男,1931/9/7 0:00,,国,,,元,民
45,2009,id08_28_09,兵庫県９区,-,3,12033,5.3,高木義彰,男,1969/8/21 0:00,,諸,,,新,
45,2009,id08_28_10,兵庫県１０区,当,1,132231,58,岡田康裕,男,1975/7/13 0:00,1,民,,,新,国
45,2009,id08_28_10,兵庫県１０区,-,3,92032,40.4,渡海紀三朗,男,1948/2/11 0:00,,自,山,近未来,前,公
45,2009,id08_28_10,兵庫県１０区,-,3,3788,1.7,小村直弘,男,1964/5/22 0:00,,諸,,,新,
45,2009,id08_28_11,兵庫県１１区,当,1,146058,61.3,松本剛明,男,1959/4/25 0:00,4,民,,,前,国
45,2009,id08_28_11,兵庫県１１区,-,3,86203,36.2,戸井田徹,男,1951/11/25 0:00,,自,津,平成研,前,公
45,2009,id08_28_11,兵庫県１１区,-,3,6013,2.5,帽田智子,女,1969/4/23 0:00,,諸,,,新,
45,2009,id08_28_12,兵庫県１２区,当,1,123325,55.9,山口壮,男,1954/10/3 0:00,3,民,,,前,国
45,2009,id08_28_12,兵庫県１２区,-,3,94032,42.6,河本三郎,男,1950/9/7 0:00,,自,高,番町研,前,公
45,2009,id08_28_12,兵庫県１２区,-,3,3148,1.4,山田徳太郎,男,1977/5/7 0:00,,諸,,,新,
45,2009,id08_29_01,奈良県１区,当,1,120812,60.7,馬淵澄夫,男,1960/8/23 0:00,3,民,,,前,
45,2009,id08_29_01,奈良県１区,-,3,61464,30.9,森岡正宏,男,1943/1/29 0:00,,自,津,平成研,元,公
45,2009,id08_29_01,奈良県１区,-,3,14732,7.4,井上良子,女,1963/12/2 0:00,,共,,,新,
45,2009,id08_29_01,奈良県１区,-,3,2137,1.1,栗岡真由美,女,1960/1/5 0:00,,諸,,,新,
45,2009,id08_29_02,奈良県２区,当,1,98728,46.5,滝実,男,1938/9/15 0:00,5,民,日,,前,国
45,2009,id08_29_02,奈良県２区,比当,2,94879,44.7,高市早苗,女,1961/3/7 0:00,,自,町,清和会,前,公
45,2009,id08_29_02,奈良県２区,-,3,15626,7.4,西ふみ子,女,1935/8/4 0:00,,共,,,新,
45,2009,id08_29_02,奈良県２区,-,3,2971,1.4,田中孝子,女,1955/7/16 0:00,,諸,,,新,
45,2009,id08_29_03,奈良県３区,当,1,111949,54.7,吉川政重,男,1963/10/12 0:00,1,民,,,新,国
45,2009,id08_29_03,奈良県３区,-,3,75600,37,奥野信亮,男,1944/3/5 0:00,,自,町,清和会,前,公
45,2009,id08_29_03,奈良県３区,-,3,14525,7.1,豆田至功,男,1953/3/4 0:00,,共,,,新,
45,2009,id08_29_03,奈良県３区,-,3,2514,1.2,尾崎貴教,男,1981/9/19 0:00,,諸,,,新,
45,2009,id08_29_04,奈良県４区,当,1,95638,49.7,田野瀬良太郎,男,1943/10/31 0:00,6,自,山,近未来,前,公
45,2009,id08_29_04,奈良県４区,比当,2,93803,48.7,大西孝典,男,1956/3/30 0:00,,民,,,新,国
45,2009,id08_29_04,奈良県４区,-,3,3170,1.6,赤松明宏,男,1956/9/21 0:00,,諸,,,新,
45,2009,id08_30_01,和歌山県１区,当,1,120309,58.1,岸本周平,男,1956/7/12 0:00,1,民,,,新,国
45,2009,id08_30_01,和歌山県１区,-,3,72109,34.9,谷本龍哉,男,1966/10/26 0:00,,自,町,清和会,前,公
45,2009,id08_30_01,和歌山県１区,-,3,12529,6.1,国重秀明,男,1960/10/25 0:00,,共,,,新,
45,2009,id08_30_01,和歌山県１区,-,3,1956,0.9,斉藤昌宏,男,1951/9/23 0:00,,諸,,,新,
45,2009,id08_30_02,和歌山県２区,当,1,90134,54.8,阪口直人,男,1963/6/12 0:00,1,民,,,新,国
45,2009,id08_30_02,和歌山県２区,比当,2,71343,43.4,石田真敏,男,1952/4/11 0:00,,自,山,近未来,前,公
45,2009,id08_30_02,和歌山県２区,-,3,3089,1.9,久保美也子,女,1960/9/9 0:00,,諸,,,新,
45,2009,id08_30_03,和歌山県３区,当,1,117237,52.1,二階俊博,男,1939/2/17 0:00,9,自,二,志帥会,前,公
45,2009,id08_30_03,和歌山県３区,比当,2,102342,45.4,玉置公良,男,1954/11/5 0:00,,民,,,新,国
45,2009,id08_30_03,和歌山県３区,-,3,5634,2.5,湊侑子,女,1983/1/22 0:00,,諸,,,新,
45,2009,id09_31_01,鳥取県１区,当,1,118121,62,石破茂,男,1957/2/4 0:00,8,自,津,平成研,前,公
45,2009,id09_31_01,鳥取県１区,-,3,63383,33.3,奥田保明,男,1959/11/2 0:00,,民,,,新,国
45,2009,id09_31_01,鳥取県１区,-,3,7336,3.8,岩永尚之,男,1956/11/26 0:00,,共,,,新,
45,2009,id09_31_01,鳥取県１区,-,3,1757,0.9,細川幸宏,男,1968/11/23 0:00,,諸,,,新,
45,2009,id09_31_02,鳥取県２区,当,1,84659,49.6,赤沢亮正,男,1960/12/18 0:00,2,自,,,前,公
45,2009,id09_31_02,鳥取県２区,比当,2,84033,49.2,湯原俊二,男,1962/11/20 0:00,,民,,,新,国
45,2009,id09_31_02,鳥取県２区,-,3,2082,1.2,甲谷英生,男,1976/3/21 0:00,,諸,,,新,
45,2009,id09_32_01,島根県１区,当,1,122595,57.2,細田博之,男,1944/4/5 0:00,7,自,町,清和会,前,公
45,2009,id09_32_01,島根県１区,比当,2,80789,37.7,小室寿明,男,1960/9/18 0:00,,民,,,新,国
45,2009,id09_32_01,島根県１区,-,3,8923,4.2,石飛育久,男,1978/5/16 0:00,,共,,,新,
45,2009,id09_32_01,島根県１区,-,3,2060,1,池田健一郎,男,1979/9/24 0:00,,諸,,,新,
45,2009,id09_32_02,島根県２区,当,1,135296,54.9,竹下亘,男,1946/11/3 0:00,4,自,津,平成研,前,公
45,2009,id09_32_02,島根県２区,-,3,108192,43.9,亀井久興,男,1939/11/8 0:00,,国,,,前,民・社
45,2009,id09_32_02,島根県２区,-,3,2925,1.2,相浦慎治,男,1968/6/1 0:00,,諸,,,新,
45,2009,id09_33_01,岡山県１区,当,1,110345,48.3,逢沢一郎,男,1954/6/10 0:00,8,自,古,宏池会,前,公
45,2009,id09_33_01,岡山県１区,比当,2,106269,46.5,高井崇志,男,1969/9/26 0:00,,民,,,新,国
45,2009,id09_33_01,岡山県１区,-,3,9877,4.3,東毅,男,1976/3/31 0:00,,共,,,新,
45,2009,id09_33_01,岡山県１区,-,3,2003,0.9,安原園枝,女,1962/6/9 0:00,,諸,,,新,
45,2009,id09_33_02,岡山県２区,当,1,102525,52.9,津村啓介,男,1971/10/27 0:00,3,民,,,前,
45,2009,id09_33_02,岡山県２区,-,3,64349,33.2,萩原誠司,男,1956/4/28 0:00,,自,古,宏池会,前,公
45,2009,id09_33_02,岡山県２区,-,3,19577,10.1,熊代昭彦,男,1940/2/21 0:00,,無,国,,元,
45,2009,id09_33_02,岡山県２区,-,3,6026,3.1,赤松和隆,男,1967/4/22 0:00,,国,,,新,
45,2009,id09_33_02,岡山県２区,-,3,1384,0.7,戸板道広,男,1960/2/16 0:00,,諸,,,新,
45,2009,id09_33_03,岡山県３区,当,1,95871,46.6,平沼赳夫,男,1939/8/3 0:00,10,無,,,前,
45,2009,id09_33_03,岡山県３区,-,3,54595,26.5,西村啓聡,男,1975/12/9 0:00,,民,,,新,
45,2009,id09_33_03,岡山県３区,比当,2,52626,25.6,阿部俊子,女,1959/5/19 0:00,,自,,,前,公
45,2009,id09_33_03,岡山県３区,-,3,2611,1.3,池田恭一郎,男,1969/11/15 0:00,,諸,,,新,
45,2009,id09_33_04,岡山県４区,当,1,134319,57,柚木道義,男,1972/5/28 0:00,2,民,,,前,国
45,2009,id09_33_04,岡山県４区,-,3,97284,41.3,橋本岳,男,1974/2/5 0:00,,自,津,平成研,前,公
45,2009,id09_33_04,岡山県４区,-,3,3929,1.7,小岩井実由香,女,1963/4/16 0:00,,諸,,,新,
45,2009,id09_33_05,岡山県５区,当,1,105172,53.1,加藤勝信,男,1955/11/22 0:00,3,自,津,平成研,前,公
45,2009,id09_33_05,岡山県５区,比当,2,89895,45.4,花咲宏基,男,1966/8/14 0:00,,民,,,新,国
45,2009,id09_33_05,岡山県５区,-,3,3038,1.5,佐藤雅章,男,1950/9/19 0:00,,諸,,,新,
45,2009,id09_34_01,広島県１区,当,1,95475,47.3,岸田文雄,男,1957/7/29 0:00,6,自,古,宏池会,前,公
45,2009,id09_34_01,広島県１区,比当,2,87557,43.4,菅川洋,男,1968/10/19 0:00,,民,,,新,国
45,2009,id09_34_01,広島県１区,-,3,8945,4.4,藤本聡志,男,1954/10/16 0:00,,共,,,新,
45,2009,id09_34_01,広島県１区,-,3,5438,2.7,上村好輝,男,1960/4/16 0:00,,社,,,新,
45,2009,id09_34_01,広島県１区,-,3,2889,1.4,中村文則,男,1952/7/25 0:00,,無,,,新,
45,2009,id09_34_01,広島県１区,-,3,1393,0.7,山本浩徳,男,1962/1/18 0:00,,諸,,,新,
45,2009,id09_34_02,広島県２区,当,1,149227,56.3,松本大輔,男,1971/8/5 0:00,3,民,,,前,国
45,2009,id09_34_02,広島県２区,-,3,110238,41.6,平口洋,男,1948/8/1 0:00,,自,津,平成研,前,公
45,2009,id09_34_02,広島県２区,-,3,5458,2.1,宮内香織,女,1963/9/4 0:00,,諸,,,新,
45,2009,id09_34_03,広島県３区,当,1,133994,56.8,橋本博明,男,1970/7/22 0:00,1,民,,,新,国
45,2009,id09_34_03,広島県３区,-,3,96065,40.7,増原義剛,男,1945/6/1 0:00,,自,伊,志帥会,前,公
45,2009,id09_34_03,広島県３区,-,3,5825,2.5,日高順子,女,1963/5/3 0:00,,諸,,,新,
45,2009,id09_34_04,広島県４区,当,1,102435,50.3,空本誠喜,男,1964/3/11 0:00,1,民,,,新,国
45,2009,id09_34_04,広島県４区,比当,2,97296,47.8,中川秀直,男,1944/2/2 0:00,,自,町,清和会,前,公
45,2009,id09_34_04,広島県４区,-,3,4003,2,沖ゆり,女,1955/8/16 0:00,,諸,,,新,
45,2009,id09_34_05,広島県５区,当,1,99770,50.9,三谷光男,男,1959/6/16 0:00,2,民,,,前,国
45,2009,id09_34_05,広島県５区,-,3,93594,47.7,寺田稔,男,1958/1/24 0:00,,自,古,宏池会,前,公
45,2009,id09_34_05,広島県５区,-,3,2738,1.4,塚本能照,男,1958/11/14 0:00,,諸,,,新,
45,2009,id09_34_06,広島県６区,当,1,137287,60.2,亀井静香,男,1936/11/1 0:00,11,国,,,前,民
45,2009,id09_34_06,広島県６区,-,3,69808,30.6,小島敏文,男,1950/9/7 0:00,,自,,,新,公
45,2009,id09_34_06,広島県６区,-,3,17383,7.6,花岡多美世,女,1957/7/30 0:00,,共,,,新,
45,2009,id09_34_06,広島県６区,-,3,3689,1.6,胡本協子,女,1950/12/27 0:00,,諸,,,新,
45,2009,id09_34_07,広島県７区,当,1,133871,53.7,和田隆志,男,1963/7/18 0:00,3,民,,,前,国
45,2009,id09_34_07,広島県７区,-,3,111321,44.7,宮沢洋一,男,1950/4/21 0:00,,自,古,宏池会,前,公
45,2009,id09_34_07,広島県７区,-,3,3879,1.6,植松満雄,男,1958/12/10 0:00,,諸,,,新,
45,2009,id09_35_01,山口県１区,当,1,142103,57,高村正彦,男,1942/3/15 0:00,10,自,高,番町研,前,公
45,2009,id09_35_01,山口県１区,比当,2,94253,37.8,高邑勉,男,1974/5/30 0:00,,民,,,新,国
45,2009,id09_35_01,山口県１区,-,3,10114,4.1,吉田貞好,男,1953/2/4 0:00,,共,,,新,
45,2009,id09_35_01,山口県１区,-,3,2889,1.2,村田純一,男,1964/3/13 0:00,,諸,,,新,
45,2009,id09_35_02,山口県２区,当,1,117571,51.7,平岡秀夫,男,1954/1/14 0:00,5,民,,,前,国
45,2009,id09_35_02,山口県２区,-,3,105940,46.5,山本繁太郎,男,1948/11/14 0:00,,自,,,新,公
45,2009,id09_35_02,山口県２区,-,3,4118,1.8,河井美和子,女,1962/8/9 0:00,,諸,,,新,
45,2009,id09_35_03,山口県３区,当,1,115757,60.1,河村建夫,男,1942/11/10 0:00,7,自,伊,志帥会,前,公
45,2009,id09_35_03,山口県３区,-,3,73760,38.3,三浦昇,男,1970/7/5 0:00,,民,,,新,国
45,2009,id09_35_03,山口県３区,-,3,3159,1.6,津田修一,男,1963/2/17 0:00,,諸,,,新,
45,2009,id09_35_04,山口県４区,当,1,121365,64.3,安倍晋三,男,1954/9/21 0:00,6,自,町,清和会,前,公
45,2009,id09_35_04,山口県４区,-,3,58795,31.1,戸倉多香子,女,1959/6/4 0:00,,民,,,新,国
45,2009,id09_35_04,山口県４区,-,3,8725,4.6,木佐木大助,男,1955/2/9 0:00,,共,,,新,
45,2009,id10_36_01,徳島県１区,当,1,76764,56.2,仙谷由人,男,1946/1/15 0:00,6,民,,,前,国
45,2009,id10_36_01,徳島県１区,-,3,39780,29.1,岡本芳郎,男,1943/10/5 0:00,,自,津,平成研,前,公
45,2009,id10_36_01,徳島県１区,-,3,10275,7.5,岡佑樹,男,1977/2/10 0:00,,無,,,新,
45,2009,id10_36_01,徳島県１区,-,3,8313,6.1,古田元則,男,1948/1/28 0:00,,共,,,新,
45,2009,id10_36_01,徳島県１区,-,3,1395,1,近藤彰,男,1982/5/10 0:00,,諸,,,新,
45,2009,id10_36_02,徳島県２区,当,1,85290,54.7,高井美穂,女,1971/11/30 0:00,3,民,,,前,
45,2009,id10_36_02,徳島県２区,比当,2,68430,43.9,山口俊一,男,1950/2/28 0:00,,自,麻,志公会,前,公
45,2009,id10_36_02,徳島県２区,-,3,2134,1.4,梅本芳郎,男,1962/5/11 0:00,,諸,,,新,
45,2009,id10_36_03,徳島県３区,当,1,81581,49.8,後藤田正純,男,1969/8/5 0:00,4,自,,,前,公
45,2009,id10_36_03,徳島県３区,比当,2,80359,49,仁木博文,男,1966/5/23 0:00,,民,,,新,国
45,2009,id10_36_03,徳島県３区,-,3,1938,1.2,小松由佳,女,1982/1/21 0:00,,諸,,,新,
45,2009,id10_37_01,香川県１区,当,1,109618,52.2,小川淳也,男,1971/4/18 0:00,2,民,,,前,社・国
45,2009,id10_37_01,香川県１区,比当,2,91403,43.6,平井卓也,男,1958/1/25 0:00,,自,古,宏池会,前,公
45,2009,id10_37_01,香川県１区,-,3,6378,3,河村整,男,1959/6/6 0:00,,共,,,新,
45,2009,id10_37_01,香川県１区,-,3,2416,1.2,白石久美子,女,1961/11/9 0:00,,諸,,,新,
45,2009,id10_37_02,香川県２区,当,1,109863,57.2,玉木雄一郎,男,1969/5/1 0:00,1,民,,,新,社・国
45,2009,id10_37_02,香川県２区,-,3,79463,41.3,木村義雄,男,1948/4/17 0:00,,自,山,近未来,前,公
45,2009,id10_37_02,香川県２区,-,3,2848,1.5,土居美佐子,女,1959/5/29 0:00,,諸,,,新,
45,2009,id10_37_03,香川県３区,当,1,73379,43.3,大野功統,男,1935/10/16 0:00,8,自,山,近未来,前,公
45,2009,id10_37_03,香川県３区,-,3,53822,31.8,米田晴彦,男,1958/9/8 0:00,,社,,,新,民
45,2009,id10_37_03,香川県３区,-,3,32963,19.5,真鍋健,男,1963/5/4 0:00,,無,,,新,
45,2009,id10_37_03,香川県３区,-,3,7325,4.3,近石美智子,女,1948/1/9 0:00,,共,,,新,
45,2009,id10_37_03,香川県３区,-,3,1886,1.1,妹尾真由美,女,1960/3/12 0:00,,諸,,,新,
45,2009,id10_38_01,愛媛県１区,当,1,130330,48.6,塩崎恭久,男,1950/11/7 0:00,5,自,古,宏池会,前,公
45,2009,id10_38_01,愛媛県１区,比当,2,127562,47.6,永江孝子,女,1960/6/15 0:00,,民,,,新,社・国
45,2009,id10_38_01,愛媛県１区,-,3,8035,3,田中克彦,男,1967/4/22 0:00,,共,,,新,
45,2009,id10_38_01,愛媛県１区,-,3,1666,0.6,谷村耕治郎,男,1963/5/2 0:00,,諸,,,新,
45,2009,id10_38_01,愛媛県１区,-,3,578,0.2,郡昭浩,男,1961/2/9 0:00,,無,,,新,
45,2009,id10_38_02,愛媛県２区,当,1,94843,48,村上誠一郎,男,1952/5/11 0:00,8,自,高,番町研,前,公
45,2009,id10_38_02,愛媛県２区,-,3,85299,43.2,岡平知子,女,1957/12/6 0:00,,社,,,新,民・国
45,2009,id10_38_02,愛媛県２区,-,3,12002,6.1,楠橋康弘,男,1968/10/5 0:00,,無,,,新,
45,2009,id10_38_02,愛媛県２区,-,3,5485,2.8,森田浩二,男,1959/11/19 0:00,,諸,,,新,
45,2009,id10_38_03,愛媛県３区,当,1,103431,55.5,白石洋一,男,1963/6/25 0:00,1,民,,,新,社・国
45,2009,id10_38_03,愛媛県３区,-,3,79924,42.9,白石徹,男,1956/4/1 0:00,,自,,,新,公
45,2009,id10_38_03,愛媛県３区,-,3,2856,1.5,宮脇繁,男,1962/2/27 0:00,,諸,,,新,
45,2009,id10_38_04,愛媛県４区,当,1,73085,39.5,山本公一,男,1947/9/4 0:00,6,自,古,宏池会,前,公
45,2009,id10_38_04,愛媛県４区,比当,2,65578,35.5,高橋英行,男,1972/1/17 0:00,,民,,,新,社・国
45,2009,id10_38_04,愛媛県４区,-,3,44777,24.2,桜内文城,男,1965/10/21 0:00,,無,,,新,み
45,2009,id10_38_04,愛媛県４区,-,3,1365,0.7,露口礼子,女,1953/9/26 0:00,,諸,,,新,
45,2009,id10_39_01,高知県１区,当,1,44068,32.5,福井照,男,1953/12/14 0:00,4,自,古,宏池会,前,公
45,2009,id10_39_01,高知県１区,-,3,39326,29,橋本大二郎,男,1947/1/12 0:00,,無,,,新,
45,2009,id10_39_01,高知県１区,-,3,38117,28.1,田村久美子,女,1959/3/27 0:00,,民,,,新,国
45,2009,id10_39_01,高知県１区,-,3,13072,9.6,春名直章,男,1959/4/16 0:00,,共,,,元,
45,2009,id10_39_01,高知県１区,-,3,890,0.7,桃田妙子,女,1960/2/13 0:00,,諸,,,新,
45,2009,id10_39_02,高知県２区,当,1,75554,53.4,中谷元,男,1957/10/14 0:00,7,自,古,宏池会,前,公
45,2009,id10_39_02,高知県２区,-,3,49842,35.2,楠本清世,女,1972/12/7 0:00,,民,,,新,国
45,2009,id10_39_02,高知県２区,-,3,14225,10.1,山中正博,男,1949/9/21 0:00,,共,,,新,
45,2009,id10_39_02,高知県２区,-,3,1822,1.3,伊東理砂,女,1968/2/15 0:00,,諸,,,新,
45,2009,id10_39_03,高知県３区,当,1,74489,49.4,山本有二,男,1952/5/11 0:00,7,自,高,番町研,前,公
45,2009,id10_39_03,高知県３区,-,3,64777,43,中山知意,女,1978/5/6 0:00,,民,,,新,国
45,2009,id10_39_03,高知県３区,-,3,10376,6.9,村上信夫,男,1964/1/2 0:00,,共,,,新,
45,2009,id10_39_03,高知県３区,-,3,1079,0.7,北村健行,男,1977/8/16 0:00,,諸,,,新,
45,2009,id11_40_01,福岡県１区,当,1,123441,52.8,松本龍,男,1951/5/17 0:00,7,民,,,前,国
45,2009,id11_40_01,福岡県１区,-,3,88648,37.9,遠藤宣彦,男,1963/6/5 0:00,,自,麻,志公会,前,
45,2009,id11_40_01,福岡県１区,-,3,18046,7.7,内田裕,男,1956/7/16 0:00,,共,,,新,
45,2009,id11_40_01,福岡県１区,-,3,3753,1.6,宮崎道秀,男,1957/11/9 0:00,,諸,,,新,
45,2009,id11_40_02,福岡県２区,当,1,156431,56,稲富修二,男,1970/8/26 0:00,1,民,,,新,国
45,2009,id11_40_02,福岡県２区,-,3,103270,36.9,山崎拓,男,1936/12/11 0:00,,自,山,近未来,前,公
45,2009,id11_40_02,福岡県２区,-,3,16818,6,小林解子,女,1979/11/24 0:00,,共,,,新,
45,2009,id11_40_02,福岡県２区,-,3,3043,1.1,佐竹秀夫,男,1953/11/16 0:00,,諸,,,新,
45,2009,id11_40_03,福岡県３区,当,1,142489,52.8,藤田一枝,女,1949/7/20 0:00,2,民,,,元,国
45,2009,id11_40_03,福岡県３区,-,3,108236,40.1,太田誠一,男,1945/10/30 0:00,,自,古,宏池会,前,公
45,2009,id11_40_03,福岡県３区,-,3,14551,5.4,川原康裕,男,1981/9/8 0:00,,共,,,新,
45,2009,id11_40_03,福岡県３区,-,3,4364,1.6,吉冨安彦,男,1959/9/21 0:00,,諸,,,新,
45,2009,id11_40_04,福岡県４区,当,1,119500,51.7,古賀敬章,男,1953/4/25 0:00,2,民,,,元,国
45,2009,id11_40_04,福岡県４区,-,3,106124,45.9,渡辺具能,男,1941/4/7 0:00,,自,山,近未来,前,公
45,2009,id11_40_04,福岡県４区,-,3,5437,2.4,鈴木幸治,男,1980/9/17 0:00,,諸,,,新,
45,2009,id11_40_05,福岡県５区,当,1,148502,53.1,楠田大蔵,男,1975/4/20 0:00,3,民,,,前,国
45,2009,id11_40_05,福岡県５区,-,3,125767,45,原田義昭,男,1944/10/1 0:00,,自,山,近未来,前,公
45,2009,id11_40_05,福岡県５区,-,3,5139,1.8,鵤卓徳,男,1960/2/23 0:00,,諸,,,新,
45,2009,id11_40_06,福岡県６区,当,1,138327,52.7,鳩山邦夫,男,1948/9/13 0:00,11,自,津,平成研,前,公
45,2009,id11_40_06,福岡県６区,比当,2,119481,45.6,古賀一成,男,1947/7/30 0:00,,民,,,前,国
45,2009,id11_40_06,福岡県６区,-,3,4429,1.7,佐藤浩,男,1962/12/12 0:00,,諸,,,新,
45,2009,id11_40_07,福岡県７区,当,1,128137,55,古賀誠,男,1940/8/5 0:00,10,自,古,宏池会,前,
45,2009,id11_40_07,福岡県７区,比当,2,104728,45,野田国義,男,1958/6/3 0:00,,民,,,新,国
45,2009,id11_40_08,福岡県８区,当,1,165327,62.2,麻生太郎,男,1940/9/20 0:00,10,自,,,前,
45,2009,id11_40_08,福岡県８区,比当,2,96327,36.2,山本剛正,男,1972/1/1 0:00,,民,,,新,国
45,2009,id11_40_08,福岡県８区,-,3,4095,1.5,大塚祐子,女,1962/11/22 0:00,,諸,,,新,
45,2009,id11_40_09,福岡県９区,当,1,122815,47.6,緒方林太郎,男,1973/1/8 0:00,1,民,,,新,国
45,2009,id11_40_09,福岡県９区,-,3,109807,42.6,三原朝彦,男,1947/5/23 0:00,,自,津,平成研,前,公
45,2009,id11_40_09,福岡県９区,-,3,22382,8.7,青木信恭,男,1942/3/11 0:00,,共,,,新,
45,2009,id11_40_09,福岡県９区,-,3,2815,1.1,八野知子,女,1971/2/18 0:00,,諸,,,新,
45,2009,id11_40_10,福岡県１０区,当,1,123312,48.1,城井崇,男,1973/6/23 0:00,2,民,,,元,国
45,2009,id11_40_10,福岡県１０区,-,3,106365,41.5,西川京子,女,1945/10/2 0:00,,自,伊,志帥会,前,公
45,2009,id11_40_10,福岡県１０区,-,3,22980,9,篠田清,男,1948/5/16 0:00,,共,,,新,
45,2009,id11_40_10,福岡県１０区,-,3,3907,1.5,川上憲信,男,1959/11/5 0:00,,諸,,,新,
45,2009,id11_40_11,福岡県１１区,当,1,106334,57.4,武田良太,男,1968/4/1 0:00,3,自,山,近未来,前,公
45,2009,id11_40_11,福岡県１１区,-,3,61192,33.1,山口はるな,女,1976/6/16 0:00,,社,,,新,民
45,2009,id11_40_11,福岡県１１区,-,3,14475,7.8,山下登美子,女,1953/10/15 0:00,,共,,,新,
45,2009,id11_40_11,福岡県１１区,-,3,3142,1.7,小迫日出典,男,1968/7/2 0:00,,諸,,,新,
45,2009,id11_41_01,佐賀県１区,当,1,96618,55.6,原口一博,男,1959/7/2 0:00,5,民,,,前,社・国
45,2009,id11_41_01,佐賀県１区,-,3,75475,43.5,福岡資麿,男,1973/5/9 0:00,,自,津,平成研,前,公
45,2009,id11_41_01,佐賀県１区,-,3,1568,0.9,木場健,男,1973/12/3 0:00,,諸,,,新,
45,2009,id11_41_02,佐賀県２区,当,1,86098,51.4,大串博志,男,1965/8/31 0:00,2,民,,,前,社
45,2009,id11_41_02,佐賀県２区,比当,2,79243,47.3,今村雅弘,男,1947/1/5 0:00,,自,,,前,公
45,2009,id11_41_02,佐賀県２区,-,3,2119,1.3,牧原正朗,男,1973/3/7 0:00,,諸,,,新,
45,2009,id11_41_03,佐賀県３区,当,1,93681,58.2,保利耕輔,男,1934/9/23 0:00,11,自,,,前,公
45,2009,id11_41_03,佐賀県３区,-,3,30346,18.9,柳瀬映二,男,1954/5/11 0:00,,社,,,新,民
45,2009,id11_41_03,佐賀県３区,-,3,24529,15.2,広津素子,女,1953/5/16 0:00,,み,自,,前,
45,2009,id11_41_03,佐賀県３区,-,3,10142,6.3,瀬戸雄也,男,1978/11/3 0:00,,共,,,新,
45,2009,id11_41_03,佐賀県３区,-,3,2233,1.4,橋山穂波,女,1961/2/18 0:00,,諸,,,新,
45,2009,id11_42_01,長崎県１区,当,1,129044,55.3,高木義明,男,1945/12/22 0:00,7,民,,,前,国
45,2009,id11_42_01,長崎県１区,-,3,87297,37.4,冨岡勉,男,1948/7/4 0:00,,自,山,近未来,前,公
45,2009,id11_42_01,長崎県１区,-,3,14321,6.1,渕瀬栄子,女,1956/4/3 0:00,,共,,,新,
45,2009,id11_42_01,長崎県１区,-,3,2527,1.1,江田耕一,男,1958/7/10 0:00,,諸,,,新,
45,2009,id11_42_02,長崎県２区,当,1,120672,50.4,福田衣里子,女,1980/10/30 0:00,1,民,,,新,国
45,2009,id11_42_02,長崎県２区,-,3,106206,44.3,久間章生,男,1940/12/4 0:00,,自,津,平成研,前,公
45,2009,id11_42_02,長崎県２区,-,3,5703,2.4,相浦喜代子,女,1964/8/29 0:00,,無,,,新,
45,2009,id11_42_02,長崎県２区,-,3,5070,2.1,山崎寿郎,男,1979/10/22 0:00,,無,,,新,
45,2009,id11_42_02,長崎県２区,-,3,1947,0.8,柴田愛,女,1974/8/5 0:00,,諸,,,新,
45,2009,id11_42_03,長崎県３区,当,1,79223,49.6,山田正彦,男,1942/4/8 0:00,5,民,,,前,国
45,2009,id11_42_03,長崎県３区,比当,2,77316,48.4,谷川弥一,男,1941/8/12 0:00,,自,町,清和会,前,公
45,2009,id11_42_03,長崎県３区,-,3,3263,2,山田聖人,男,1966/6/5 0:00,,諸,,,新,
45,2009,id11_42_04,長崎県４区,当,1,97912,50.3,宮島大典,男,1963/6/6 0:00,2,民,,,元,国
45,2009,id11_42_04,長崎県４区,比当,2,93428,48,北村誠吾,男,1947/1/29 0:00,,自,古,宏池会,前,公
45,2009,id11_42_04,長崎県４区,-,3,3354,1.7,山田孝一,男,1951/5/16 0:00,,諸,,,新,
45,2009,id11_43_01,熊本県１区,当,1,137048,55.4,松野頼久,男,1960/9/19 0:00,4,民,,,前,社・国
45,2009,id11_43_01,熊本県１区,-,3,97585,39.5,木原稔,男,1969/8/12 0:00,,自,津,平成研,前,
45,2009,id11_43_01,熊本県１区,-,3,9729,3.9,上野哲夫,男,1954/6/4 0:00,,共,,,新,
45,2009,id11_43_01,熊本県１区,-,3,2907,1.2,守田隆志,男,1949/10/3 0:00,,諸,,,新,
45,2009,id11_43_02,熊本県２区,当,1,104876,50.4,福嶋健一郎,男,1966/4/22 0:00,1,民,,,新,社・国
45,2009,id11_43_02,熊本県２区,-,3,99933,48,林田彪,男,1944/4/4 0:00,,自,津,平成研,前,公
45,2009,id11_43_02,熊本県２区,-,3,3354,1.6,馬郡賢一,男,1964/5/21 0:00,,諸,,,新,
45,2009,id11_43_03,熊本県３区,当,1,81506,40.6,坂本哲志,男,1950/11/6 0:00,3,自,山,近未来,前,公
45,2009,id11_43_03,熊本県３区,比当,2,74885,37.3,後藤英友,男,1966/9/23 0:00,,民,,,新,社・国
45,2009,id11_43_03,熊本県３区,-,3,42579,21.2,三浦一水,男,1954/4/26 0:00,,無,自,,新,
45,2009,id11_43_03,熊本県３区,-,3,1650,0.8,松井栄治,男,1965/12/17 0:00,,諸,,,新,
45,2009,id11_43_04,熊本県４区,当,1,123900,59.2,園田博之,男,1942/2/19 0:00,8,自,古,宏池会,前,公
45,2009,id11_43_04,熊本県４区,-,3,78811,37.6,松永真一,男,1958/10/5 0:00,,国,民,,新,民・社
45,2009,id11_43_04,熊本県４区,-,3,6668,3.2,河野一郎,男,1959/11/21 0:00,,諸,,,新,
45,2009,id11_43_05,熊本県５区,当,1,98632,55.1,金子恭之,男,1961/2/27 0:00,4,自,山,近未来,前,公
45,2009,id11_43_05,熊本県５区,比当,2,76126,42.5,中島隆利,男,1943/6/22 0:00,,社,,,新,民・国
45,2009,id11_43_05,熊本県５区,-,3,2723,1.5,南政宏,男,1970/8/20 0:00,,諸,,,新,
45,2009,id11_43_05,熊本県５区,-,3,1520,0.8,長友清冨,男,1949/9/1 0:00,,諸,,,新,
45,2009,id11_44_01,大分県１区,当,1,141665,58.9,吉良州司,男,1958/3/16 0:00,3,民,,,前,
45,2009,id11_44_01,大分県１区,-,3,80855,33.6,穴見陽一,男,1969/7/24 0:00,,自,,,新,公
45,2009,id11_44_01,大分県１区,-,3,14821,6.2,山下魁,男,1976/12/27 0:00,,共,,,新,
45,2009,id11_44_01,大分県１区,-,3,2983,1.2,高畑タヨ子,女,1953/2/6 0:00,,諸,,,新,
45,2009,id11_44_02,大分県２区,当,1,112090,50.1,重野安正,男,1941/12/1 0:00,3,社,,,前,民・国
45,2009,id11_44_02,大分県２区,比当,2,107124,47.9,衛藤征士郎,男,1941/4/29 0:00,,自,町,清和会,前,公
45,2009,id11_44_02,大分県２区,-,3,4574,2,永岡悦子,女,1952/3/3 0:00,,諸,,,新,
45,2009,id11_44_03,大分県３区,当,1,121031,51,横光克彦,男,1943/11/4 0:00,6,民,,,前,社・国
45,2009,id11_44_03,大分県３区,比当,2,112602,47.5,岩屋毅,男,1957/8/24 0:00,,自,麻,志公会,前,公
45,2009,id11_44_03,大分県３区,-,3,3489,1.5,利光哲也,男,1953/6/8 0:00,,諸,,,新,
45,2009,id11_45_01,宮崎県１区,当,1,109411,48.3,川村秀三郎,男,1949/2/8 0:00,1,無,,,新,民・社・国
45,2009,id11_45_01,宮崎県１区,-,3,55114,24.3,中山成彬,男,1943/6/7 0:00,,無,,,前,
45,2009,id11_45_01,宮崎県１区,-,3,47116,20.8,上杉光弘,男,1942/4/12 0:00,,無,,,新,
45,2009,id11_45_01,宮崎県１区,-,3,11143,4.9,馬場洋光,男,1969/3/6 0:00,,共,,,新,
45,2009,id11_45_01,宮崎県１区,-,3,3726,1.6,鶴丸千夏,女,1965/5/3 0:00,,諸,,,新,
45,2009,id11_45_02,宮崎県２区,当,1,120567,56.9,江藤拓,男,1960/7/1 0:00,3,自,伊,志帥会,前,公
45,2009,id11_45_02,宮崎県２区,比当,2,81997,38.7,道休誠一郎,男,1953/4/1 0:00,,民,,,新,社
45,2009,id11_45_02,宮崎県２区,-,3,7609,3.6,大原守人,男,1951/10/12 0:00,,無,,,新,
45,2009,id11_45_02,宮崎県２区,-,3,1770,0.8,嶋崎義和,男,1955/3/30 0:00,,諸,,,新,
45,2009,id11_45_03,宮崎県３区,当,1,131908,67.4,古川禎久,男,1965/8/3 0:00,3,自,山,近未来,前,公
45,2009,id11_45_03,宮崎県３区,-,3,58343,29.8,松村秀利,男,1956/12/10 0:00,,社,,,新,民
45,2009,id11_45_03,宮崎県３区,-,3,5460,2.8,松原慎治,男,1960/3/10 0:00,,諸,,,新,
45,2009,id11_46_01,鹿児島県１区,当,1,117383,53.2,川内博史,男,1961/11/2 0:00,5,民,,,前,国
45,2009,id11_46_01,鹿児島県１区,-,3,94226,42.7,保岡興治,男,1939/5/11 0:00,,自,山,近未来,前,公
45,2009,id11_46_01,鹿児島県１区,-,3,6422,2.9,山口広延,男,1975/4/2 0:00,,共,,,新,
45,2009,id11_46_01,鹿児島県１区,-,3,1429,0.6,山下純一,男,1954/10/25 0:00,,無,,,新,
45,2009,id11_46_01,鹿児島県１区,-,3,1079,0.5,川田純一,男,1967/8/2 0:00,,諸,,,新,
45,2009,id11_46_02,鹿児島県２区,当,1,114102,55.7,徳田毅,男,1971/5/30 0:00,2,自,古,宏池会,前,公
45,2009,id11_46_02,鹿児島県２区,比当,2,88562,43.2,打越明司,男,1958/4/11 0:00,,民,自,,新,国
45,2009,id11_46_02,鹿児島県２区,-,3,2169,1.1,神村ミフ子,女,1945/2/3 0:00,,諸,,,新,
45,2009,id11_46_03,鹿児島県３区,当,1,107285,56.5,松下忠洋,男,1939/2/9 0:00,5,国,自,,元,民
45,2009,id11_46_03,鹿児島県３区,-,3,78876,41.6,宮路和明,男,1940/11/29 0:00,,自,町,清和会,前,公
45,2009,id11_46_03,鹿児島県３区,-,3,3630,1.9,寺迫好美,男,1952/2/14 0:00,,諸,,,新,
45,2009,id11_46_04,鹿児島県４区,当,1,97054,50.1,小里泰弘,男,1958/9/29 0:00,2,自,古,宏池会,前,公
45,2009,id11_46_04,鹿児島県４区,比当,2,94343,48.7,皆吉稲生,男,1950/7/9 0:00,,民,,,新,国
45,2009,id11_46_04,鹿児島県４区,-,3,2251,1.2,樋口信博,男,1960/12/22 0:00,,諸,,,新,
45,2009,id11_46_05,鹿児島県５区,当,1,109426,61.1,森山裕,男,1945/4/8 0:00,3,自,山,近未来,前,公
45,2009,id11_46_05,鹿児島県５区,比当,2,67403,37.6,網屋信介,男,1957/10/3 0:00,,民,,,新,
45,2009,id11_46_05,鹿児島県５区,-,3,2369,1.3,高田浩明,男,1973/4/6 0:00,,諸,,,新,
45,2009,id11_47_01,沖縄県１区,当,1,77152,46.5,下地幹郎,男,1961/8/14 0:00,4,国,,,前,民
45,2009,id11_47_01,沖縄県１区,-,3,63017,38,国場幸之助,男,1973/1/10 0:00,,自,,,新,公
45,2009,id11_47_01,沖縄県１区,-,3,23715,14.3,外間久子,女,1938/8/5 0:00,,共,,,新,
45,2009,id11_47_01,沖縄県１区,-,3,1958,1.2,平良成輝,男,1969/5/12 0:00,,諸,,,新,
45,2009,id11_47_02,沖縄県２区,当,1,101820,61.1,照屋寛徳,男,1945/7/24 0:00,3,社,,,前,
45,2009,id11_47_02,沖縄県２区,-,3,60773,36.5,安次富修,男,1956/2/20 0:00,,自,山,近未来,前,公
45,2009,id11_47_02,沖縄県２区,-,3,4044,2.4,富川昇,男,1943/9/24 0:00,,諸,,,新,
45,2009,id11_47_03,沖縄県３区,当,1,89266,48.7,玉城デニー,男,1959/10/13 0:00,1,民,,,新,国
45,2009,id11_47_03,沖縄県３区,-,3,43513,23.7,嘉数知賢,男,1941/6/1 0:00,,自,町,清和会,前,公
45,2009,id11_47_03,沖縄県３区,-,3,24911,13.6,新川秀清,男,1937/1/1 0:00,,社,,,新,
45,2009,id11_47_03,沖縄県３区,-,3,23920,13.1,小渡亨,男,1952/7/16 0:00,,無,,,新,
45,2009,id11_47_03,沖縄県３区,-,3,1613,0.9,金城竜郎,男,1964/5/7 0:00,,諸,,,新,
45,2009,id11_47_04,沖縄県４区,当,1,89680,54.7,瑞慶覧長敏,男,1958/10/24 0:00,1,民 ,,,新,国
45,2009,id11_47_04,沖縄県４区,-,3,71653,43.7,西銘恒三郎,男,1954/8/7 0:00,,自,津,平成研,前,公
45,2009,id11_47_04,沖縄県４区,-,3,2598,1.6,富川満也,男,1974/12/22 0:00,,諸,,,新,
46,2012,id01_01_01,北海道１区,当,1,86034,31.1,船橋利実,男,1960/11/20 0:00,1,自,,,新,公
46,2012,id01_01_01,北海道１区,比当,2,79994,28.9,横路孝弘,男,1941/1/3 0:00,,民,,,前,国
46,2012,id01_01_01,北海道１区,-,3,46681,16.9,大竹智和,男,1977/4/18 0:00,,維,,,新,み
46,2012,id01_01_01,北海道１区,-,3,44845,16.2,清水宏保,男,1974/2/27 0:00,,大,,,新,未
46,2012,id01_01_01,北海道１区,-,3,19340,7,野呂田博之,男,1958/6/25 0:00,,共,,,新,
46,2012,id01_01_02,北海道２区,当,1,83575,35,吉川貴盛,男,1950/10/20 0:00,4,自,,,元,公
46,2012,id01_01_02,北海道２区,-,3,55520,23.2,三井辨雄,男,1942/11/24 0:00,,民,,,前,国
46,2012,id01_01_02,北海道２区,比当,2,47139,19.7,高橋美穂,女,1965/4/18 0:00,,維,,,新,
46,2012,id01_01_02,北海道２区,-,3,28183,11.8,太田秀子,女,1957/11/29 0:00,,共,,,新,
46,2012,id01_01_02,北海道２区,-,3,24606,10.3,沢田隆二,男,1970/12/8 0:00,,み,,,新,
46,2012,id01_01_03,北海道３区,当,1,88360,36.9,高木宏寿,男,1960/4/9 0:00,1,自,,,新,公
46,2012,id01_01_03,北海道３区,比当,2,64599,27,荒井聰,男,1946/5/27 0:00,,民,,,前,国
46,2012,id01_01_03,北海道３区,-,3,35907,15,小和田康文,男,1970/8/27 0:00,,維,,,新,み
46,2012,id01_01_03,北海道３区,-,3,31024,12.9,町川順子,女,1959/4/10 0:00,,大,,,新,未
46,2012,id01_01_03,北海道３区,-,3,19705,8.2,森英士,男,1978/1/20 0:00,,共,,,新,
46,2012,id01_01_04,北海道４区,当,1,79588,44.2,中村裕之,男,1961/2/23 0:00,1,自,,,新,公
46,2012,id01_01_04,北海道４区,-,3,53217,29.6,鉢呂吉雄,男,1948/1/25 0:00,,民,,,前,国
46,2012,id01_01_04,北海道４区,-,3,25778,14.3,苫米地英人,男,1959/9/7 0:00,,大,,,新,未
46,2012,id01_01_04,北海道４区,-,3,21379,11.9,菊地葉子,女,1951/8/26 0:00,,共,,,新,
46,2012,id01_01_05,北海道５区,当,1,128435,48.6,町村信孝,男,1944/10/17 0:00,11,自,町,清和会,前,公
46,2012,id01_01_05,北海道５区,-,3,69075,26.1,中前茂之,男,1972/2/2 0:00,,民,,,新,
46,2012,id01_01_05,北海道５区,-,3,41025,15.5,西田雄二,男,1963/11/4 0:00,,み,,,新,維
46,2012,id01_01_05,北海道５区,-,3,21422,8.1,鈴木龍次,男,1960/4/20 0:00,,共,,,新,
46,2012,id01_01_05,北海道５区,-,3,4200,1.6,森山佳則,男,1966/12/17 0:00,,諸,,,新,
46,2012,id01_01_06,北海道６区,当,1,103064,42.9,今津寛,男,1946/9/30 0:00,6,自,額,平成研,前,公
46,2012,id01_01_06,北海道６区,-,3,69272,28.9,佐々木隆博,男,1949/3/10 0:00,,民,,,前,国
46,2012,id01_01_06,北海道６区,-,3,48736,20.3,安住太伸,男,1970/4/1 0:00,,み,,,新,維
46,2012,id01_01_06,北海道６区,-,3,18915,7.9,荻生和敏,男,1949/11/19 0:00,,共,,,新,
46,2012,id01_01_07,北海道７区,当,1,72945,47.2,伊東良孝,男,1948/11/24 0:00,2,自,伊,志帥会,前,公
46,2012,id01_01_07,北海道７区,-,3,51051,33.1,鈴木貴子,女,1986/1/5 0:00,,大,,,新,未
46,2012,id01_01_07,北海道７区,-,3,21513,13.9,仲野博子,女,1959/3/3 0:00,,民,,,前,国
46,2012,id01_01_07,北海道７区,-,3,8918,5.8,佐々木亮子,女,1960/5/17 0:00,,共,,,新,
46,2012,id01_01_08,北海道８区,当,1,107937,47.5,前田一男,男,1966/5/27 0:00,1,自,,,新,公
46,2012,id01_01_08,北海道８区,-,3,77402,34.1,逢坂誠二,男,1959/4/24 0:00,,民,,,前,国
46,2012,id01_01_08,北海道８区,-,3,25793,11.4,北出美翔,女,1986/4/2 0:00,,未,生,,新,大
46,2012,id01_01_08,北海道８区,-,3,15953,7,高橋佳大,男,1959/7/7 0:00,,共,,,新,
46,2012,id01_01_09,北海道９区,当,1,121145,55.2,堀井学,男,1972/2/19 0:00,1,自,,,新,公
46,2012,id01_01_09,北海道９区,-,3,61616,28.1,山岡達丸,男,1979/7/22 0:00,,民,,,前,国
46,2012,id01_01_09,北海道９区,-,3,29257,13.3,花井泰子,女,1943/9/23 0:00,,共,,,新,
46,2012,id01_01_09,北海道９区,-,3,7495,3.4,島崎直美,女,1959/5/10 0:00,,諸,,,新,
46,2012,id01_01_10,北海道１０区,当,1,87930,43.1,稲津久,男,1958/2/9 0:00,2,公,,,前,自
46,2012,id01_01_10,北海道１０区,-,3,62998,30.9,小平忠正,男,1942/3/18 0:00,,民,,,前,国
46,2012,id01_01_10,北海道１０区,-,3,39818,19.5,浅野貴博,男,1978/4/5 0:00,,大,,,前,未
46,2012,id01_01_10,北海道１０区,-,3,13320,6.5,木村賢治,男,1951/3/31 0:00,,共,,,新,
46,2012,id01_01_11,北海道１１区,当,1,86719,51,中川郁子,女,1958/12/22 0:00,1,自,,,新,公・改
46,2012,id01_01_11,北海道１１区,比当,2,70112,41.2,石川知裕,男,1973/6/18 0:00,,大,民,,前,未
46,2012,id01_01_11,北海道１１区,-,3,13235,7.8,渡辺紫,女,1948/9/11 0:00,,共,,,新,
46,2012,id01_01_12,北海道１２区,当,1,91208,50.3,武部新,男,1970/7/20 0:00,1,自,,,新,公
46,2012,id01_01_12,北海道１２区,-,3,52976,29.2,松木謙公,男,1959/2/22 0:00,,大,民,,前,未
46,2012,id01_01_12,北海道１２区,-,3,25501,14.1,山崎摩耶,女,1947/1/9 0:00,,民,,,前,国
46,2012,id01_01_12,北海道１２区,-,3,11532,6.4,菅原誠,男,1973/7/31 0:00,,共,,,新,
46,2012,id02_02_01,青森県１区,当,1,73237,40.5,津島淳,男,1966/10/18 0:00,1,自,,,新,公
46,2012,id02_02_01,青森県１区,-,3,47400,26.2,升田世喜男,男,1957/6/5 0:00,,維,太,,新,
46,2012,id02_02_01,青森県１区,-,3,32050,17.7,横山北斗,男,1963/10/25 0:00,,未,生,,前,大
46,2012,id02_02_01,青森県１区,-,3,17066,9.4,波多野里奈,女,1973/2/15 0:00,,民,,,新,
46,2012,id02_02_01,青森県１区,-,3,11217,6.2,斎藤美緒,女,1980/1/30 0:00,,共,,,新,
46,2012,id02_02_02,青森県２区,当,1,81937,65.2,江渡聡徳,男,1955/10/12 0:00,5,自,大,有隣会,前,公
46,2012,id02_02_02,青森県２区,-,3,18836,15,中村友信,男,1955/3/16 0:00,,民,,,新,
46,2012,id02_02_02,青森県２区,-,3,18180,14.5,中野渡詔子,女,1970/12/11 0:00,,未,生,,前,大
46,2012,id02_02_02,青森県２区,-,3,6683,5.3,小笠原良子,女,1949/8/21 0:00,,共,,,新,
46,2012,id02_02_03,青森県３区,当,1,74946,53.7,大島理森,男,1946/9/6 0:00,10,自,大,有隣会,前,公
46,2012,id02_02_03,青森県３区,-,3,46184,33.1,田名部匡代,女,1969/7/10 0:00,,民,,,前,
46,2012,id02_02_03,青森県３区,-,3,12878,9.2,山内卓,男,1978/4/3 0:00,,未,生,,新,大
46,2012,id02_02_03,青森県３区,-,3,5593,4,松橋三夫,男,1949/7/14 0:00,,共,,,新,
46,2012,id02_02_04,青森県４区,当,1,104544,66.5,木村太郎,男,1965/7/20 0:00,6,自,町,清和会,前,公
46,2012,id02_02_04,青森県４区,-,3,35141,22.3,津島恭一,男,1954/2/4 0:00,,民,,,前,国
46,2012,id02_02_04,青森県４区,-,3,17594,11.2,千葉浩規,男,1961/5/6 0:00,,共,,,新,
46,2012,id02_03_01,岩手県１区,当,1,55909,34.7,階猛,男,1966/10/7 0:00,3,民,,,前,国
46,2012,id02_03_01,岩手県１区,比当,2,44002,27.3,高橋比奈子,女,1958/1/19 0:00,,自,,,新,
46,2012,id02_03_01,岩手県１区,-,3,41706,25.9,達増陽子,女,1965/2/6 0:00,,未,,,新,大
46,2012,id02_03_01,岩手県１区,-,3,9922,6.2,伊沢昌弘,男,1947/6/14 0:00,,社,,,新,
46,2012,id02_03_01,岩手県１区,-,3,9473,5.9,八幡志乃,女,1982/11/6 0:00,,共,,,新,
46,2012,id02_03_02,岩手県２区,当,1,96523,56.5,鈴木俊一,男,1953/4/13 0:00,7,自,岸,宏池会,元,公・改
46,2012,id02_03_02,岩手県２区,比当,2,63695,37.3,畑浩治,男,1963/9/28 0:00,,未,生,,前,大
46,2012,id02_03_02,岩手県２区,-,3,10491,6.1,久慈茂雄,男,1948/11/26 0:00,,共,,,新,
46,2012,id02_03_03,岩手県３区,当,1,62684,41.5,黄川田徹,男,1953/10/14 0:00,5,民,,,前,国
46,2012,id02_03_03,岩手県３区,-,3,43539,28.8,佐藤奈保美,女,1966/7/20 0:00,,未,生,,新,大
46,2012,id02_03_03,岩手県３区,比当,2,36234,24,橋本英教,男,1967/8/28 0:00,,自,,,新,
46,2012,id02_03_03,岩手県３区,-,3,8642,5.7,菊池幸夫,男,1959/1/3 0:00,,共,,,新,
46,2012,id02_03_04,岩手県４区,当,1,78057,45.5,小沢一郎,男,1942/5/24 0:00,15,未,生,,前,大
46,2012,id02_03_04,岩手県４区,比当,2,47887,27.9,藤原崇,男,1983/8/2 0:00,,自,,,新,
46,2012,id02_03_04,岩手県４区,-,3,28593,16.7,及川敏章,男,1956/10/9 0:00,,民,,,新,
46,2012,id02_03_04,岩手県４区,-,3,17033,9.9,高橋綱記,男,1947/12/5 0:00,,共,,,新,
46,2012,id02_04_01,宮城県１区,当,1,87482,39.2,土井亨,男,1958/8/12 0:00,2,自,町,清和会,元,
46,2012,id02_04_01,宮城県１区,比当,2,60916,27.3,郡和子,女,1957/3/31 0:00,,民,,,前,国
46,2012,id02_04_01,宮城県１区,比当,2,38316,17.2,林宙紀,男,1977/11/13 0:00,,み,,,新,維
46,2012,id02_04_01,宮城県１区,-,3,16557,7.4,横田匡人,男,1965/8/16 0:00,,未,生,,新,大
46,2012,id02_04_01,宮城県１区,-,3,13454,6,角野達也,男,1959/1/3 0:00,,共,,,新,
46,2012,id02_04_01,宮城県１区,-,3,6547,2.9,桑島崇史,男,1979/3/12 0:00,,社,,,新,
46,2012,id02_04_02,宮城県２区,当,1,76595,33.5,秋葉賢也,男,1962/7/3 0:00,4,自,,,前,
46,2012,id02_04_02,宮城県２区,-,3,45316,19.8,中野正志,男,1948/2/29 0:00,,維,太,,元,
46,2012,id02_04_02,宮城県２区,-,3,35085,15.3,今野東,男,1947/12/17 0:00,,民,,,元,国
46,2012,id02_04_02,宮城県２区,-,3,34348,15,斎藤恭紀,男,1969/2/22 0:00,,未,生,,前,大
46,2012,id02_04_02,宮城県２区,-,3,23138,10.1,菊地文博,男,1960/4/9 0:00,,み,民,,新,
46,2012,id02_04_02,宮城県２区,-,3,14494,6.3,福島一恵,女,1960/11/10 0:00,,共,,,新,
46,2012,id02_04_03,宮城県３区,当,1,88801,58.2,西村明宏,男,1960/7/16 0:00,3,自,町,清和会,元,公・改
46,2012,id02_04_03,宮城県３区,-,3,47298,31,橋本清仁,男,1971/5/8 0:00,,民,,,前,国
46,2012,id02_04_03,宮城県３区,-,3,16370,10.7,吉田剛,男,1981/11/15 0:00,,共,,,新,
46,2012,id02_04_04,宮城県４区,当,1,80250,44.3,伊藤信太郎,男,1953/5/6 0:00,4,自,大,有隣会,元,公
46,2012,id02_04_04,宮城県４区,-,3,54253,29.9,石山敬貴,男,1969/12/18 0:00,,民,,,前,国
46,2012,id02_04_04,宮城県４区,-,3,30722,17,畠山昌樹,男,1974/3/21 0:00,,維,,,新,み
46,2012,id02_04_04,宮城県４区,-,3,13492,7.4,戸津川永,男,1981/12/19 0:00,,共,,,新,
46,2012,id02_04_04,宮城県４区,-,3,2518,1.4,村上善昭,男,1972/11/24 0:00,,諸,,,新,
46,2012,id02_04_05,宮城県５区,当,1,62928,57.9,安住淳,男,1962/1/17 0:00,6,民,,,前,国
46,2012,id02_04_05,宮城県５区,比当,2,30138,27.7,大久保三代,女,1976/7/27 0:00,,自,,,新,
46,2012,id02_04_05,宮城県５区,-,3,8029,7.4,阿部信子,女,1963/1/1 0:00,,未,,,新,大
46,2012,id02_04_05,宮城県５区,-,3,6046,5.6,渡辺昌明,男,1953/4/14 0:00,,共,,,新,
46,2012,id02_04_05,宮城県５区,-,3,1621,1.5,首藤博敏,男,1959/1/6 0:00,,無,,,新,
46,2012,id02_04_06,宮城県６区,当,1,97405,78.1,小野寺五典,男,1960/5/5 0:00,5,自,岸,宏池会,前,公
46,2012,id02_04_06,宮城県６区,-,3,20961,16.8,鎌田さゆり,女,1965/1/8 0:00,,民,,,元,国
46,2012,id02_04_06,宮城県６区,-,3,6349,5.1,高村直也,男,1983/9/16 0:00,,共,,,新,
46,2012,id02_05_01,秋田県１区,当,1,73356,46.7,冨樫博之,男,1955/4/27 0:00,1,自,,,新,公
46,2012,id02_05_01,秋田県１区,-,3,49243,31.4,寺田学,男,1976/9/20 0:00,,民,,,前,
46,2012,id02_05_01,秋田県１区,-,3,15333,9.8,近江屋信広,男,1949/10/15 0:00,,維,自,,元,
46,2012,id02_05_01,秋田県１区,-,3,9702,6.2,高松和夫,男,1942/4/10 0:00,,未,生,,前,大
46,2012,id02_05_01,秋田県１区,-,3,9414,6,佐竹良夫,男,1950/8/21 0:00,,共,,,新,
46,2012,id02_05_02,秋田県２区,当,1,91747,51.5,金田勝年,男,1949/10/4 0:00,2,自,額,平成研,前,公
46,2012,id02_05_02,秋田県２区,-,3,57392,32.2,川口博,男,1947/8/4 0:00,,民,,,前,国
46,2012,id02_05_02,秋田県２区,-,3,21483,12.1,石田寛,男,1947/2/28 0:00,,社,,,新,
46,2012,id02_05_02,秋田県２区,-,3,7581,4.3,佐藤邦靖,男,1955/2/2 0:00,,共,,,新,
46,2012,id02_05_03,秋田県３区,当,1,97164,42.7,御法川信英,男,1964/5/25 0:00,3,自,,,元,
46,2012,id02_05_03,秋田県３区,比当,2,74422,32.7,村岡敏英,男,1960/7/25 0:00,,維,太,,新,
46,2012,id02_05_03,秋田県３区,-,3,25185,11.1,京野公子,女,1949/12/25 0:00,,未,生,,前,大
46,2012,id02_05_03,秋田県３区,-,3,23665,10.4,三井マリ子,女,1948/5/21 0:00,,民,,,新,国
46,2012,id02_05_03,秋田県３区,-,3,7211,3.2,佐藤長右衛門,男,1944/1/28 0:00,,共,,,新,
46,2012,id02_06_01,山形県１区,当,1,102169,54.6,遠藤利明,男,1950/1/17 0:00,6,自,,,前,公
46,2012,id02_06_01,山形県１区,-,3,70411,37.6,鹿野道彦,男,1942/1/24 0:00,,民,,,前,国
46,2012,id02_06_01,山形県１区,-,3,14447,7.7,石川渉,男,1973/12/13 0:00,,共,,,新,
46,2012,id02_06_02,山形県２区,当,1,100744,46.1,鈴木憲和,男,1982/1/30 0:00,1,自,,,新,公
46,2012,id02_06_02,山形県２区,比当,2,81832,37.4,近藤洋介,男,1965/5/19 0:00,,民,,,前,国
46,2012,id02_06_02,山形県２区,-,3,26358,12,川野裕章,男,1959/7/12 0:00,,維,み,,新,
46,2012,id02_06_02,山形県２区,-,3,9809,4.5,岩本康嗣,男,1965/2/28 0:00,,共,,,新,
46,2012,id02_06_03,山形県３区,当,1,71768,36,阿部寿一,男,1959/8/17 0:00,1,無,,,新,
46,2012,id02_06_03,山形県３区,-,3,70303,35.2,加藤紘一,男,1939/6/17 0:00,,自,,,前,公
46,2012,id02_06_03,山形県３区,-,3,25299,12.7,佐藤丈晴,男,1967/4/22 0:00,,維,み,,新,
46,2012,id02_06_03,山形県３区,-,3,22930,11.5,吉泉秀男,男,1948/7/28 0:00,,社,,,前,
46,2012,id02_06_03,山形県３区,-,3,9170,4.6,長谷川剛,男,1978/4/6 0:00,,共,,,新,
46,2012,id02_07_01,福島県１区,当,1,121235,51,亀岡偉民,男,1955/9/10 0:00,2,自,町,清和会,元,公
46,2012,id02_07_01,福島県１区,-,3,50141,21.1,石原洋三郎,男,1973/3/22 0:00,,未,生,,前,大
46,2012,id02_07_01,福島県１区,-,3,44599,18.7,大場秀樹,男,1969/11/7 0:00,,民,,,新,
46,2012,id02_07_01,福島県１区,-,3,21896,9.2,渡部チイ子,女,1953/1/12 0:00,,共,,,新,
46,2012,id02_07_02,福島県２区,当,1,98913,52.1,根本匠,男,1951/3/7 0:00,6,自,岸,宏池会,元,公
46,2012,id02_07_02,福島県２区,-,3,27673,14.6,緑川一徳,男,1980/12/28 0:00,,維,,,新,み
46,2012,id02_07_02,福島県２区,-,3,26821,14.1,太田和美,女,1979/8/28 0:00,,未,生,,前,大
46,2012,id02_07_02,福島県２区,-,3,26208,13.8,斎藤康雄,男,1949/5/7 0:00,,民,,,新,
46,2012,id02_07_02,福島県２区,-,3,10194,5.4,平善彦,男,1952/5/6 0:00,,共,,,新,
46,2012,id02_07_03,福島県３区,当,1,107737,62.3,玄葉光一郎,男,1964/5/20 0:00,7,民,,,前,国
46,2012,id02_07_03,福島県３区,比当,2,48796,28.2,菅野佐智子,女,1953/5/27 0:00,,自,,,新,改
46,2012,id02_07_03,福島県３区,-,3,16313,9.4,小山田智枝,女,1969/10/1 0:00,,共,,,新,
46,2012,id02_07_04,福島県４区,当,1,71751,49,菅家一郎,男,1955/5/20 0:00,1,自,,,新,公
46,2012,id02_07_04,福島県４区,比当,2,50036,34.2,小熊慎司,男,1968/6/16 0:00,,維,み,,新,
46,2012,id02_07_04,福島県４区,-,3,15718,10.7,小川右善,男,1949/8/28 0:00,,社,,,新,
46,2012,id02_07_04,福島県４区,-,3,8903,6.1,原田俊広,男,1959/8/8 0:00,,共,,,新,
46,2012,id02_07_05,福島県５区,当,1,61440,34.9,坂本剛二,男,1944/11/2 0:00,7,自,町,清和会,元,公
46,2012,id02_07_05,福島県５区,比当,2,54497,31,吉田泉,男,1949/2/26 0:00,,民,,,前,国
46,2012,id02_07_05,福島県５区,-,3,26299,15,宇佐美登,男,1967/2/16 0:00,,維,,,元,
46,2012,id02_07_05,福島県５区,-,3,16479,9.4,吉田英策,男,1958/12/21 0:00,,共,,,新,
46,2012,id02_07_05,福島県５区,-,3,10177,5.8,菅本和雅,男,1967/10/23 0:00,,み,,,新,
46,2012,id02_07_05,福島県５区,-,3,6937,3.9,松本喜一,男,1947/12/30 0:00,,未,,,新,大
46,2012,id03_08_01,茨城県１区,当,1,103463,45.3,田所嘉徳,男,1954/1/19 0:00,1,自,,,新,公
46,2012,id03_08_01,茨城県１区,-,3,66076,29,福島伸享,男,1970/8/8 0:00,,民,,,前,国
46,2012,id03_08_01,茨城県１区,-,3,29611,13,海老沢由紀,女,1974/2/8 0:00,,維,,,新,み
46,2012,id03_08_01,茨城県１区,-,3,15971,7,武藤優子,女,1964/9/27 0:00,,未,生,,新,大
46,2012,id03_08_01,茨城県１区,-,3,13065,5.7,田谷武夫,男,1951/8/4 0:00,,共,,,新,
46,2012,id03_08_02,茨城県２区,当,1,113891,56.3,額賀福志郎,男,1944/1/11 0:00,10,自,額,平成研,前,公
46,2012,id03_08_02,茨城県２区,-,3,47922,23.7,石津政雄,男,1947/3/10 0:00,,民,,,前,
46,2012,id03_08_02,茨城県２区,-,3,31846,15.7,原田雅也,男,1969/8/31 0:00,,み,,,新,維
46,2012,id03_08_02,茨城県２区,-,3,8703,4.3,梅沢田鶴子,女,1956/6/25 0:00,,共,,,新,
46,2012,id03_08_03,茨城県３区,当,1,113158,50.9,葉梨康弘,男,1959/10/12 0:00,3,自,岸,宏池会,元,公
46,2012,id03_08_03,茨城県３区,-,3,46539,20.9,小泉俊明,男,1957/4/26 0:00,,未,減,,前,大
46,2012,id03_08_03,茨城県３区,-,3,43614,19.6,前田善成,男,1967/8/21 0:00,,維,,,新,み
46,2012,id03_08_03,茨城県３区,-,3,19177,8.6,小林恭子,女,1950/11/12 0:00,,共,,,新,
46,2012,id03_08_04,茨城県４区,当,1,113718,65.1,梶山弘志,男,1955/10/18 0:00,5,自,,,前,公
46,2012,id03_08_04,茨城県４区,-,3,48395,27.7,高野守,男,1959/7/22 0:00,,民,,,前,
46,2012,id03_08_04,茨城県４区,-,3,12555,7.2,宇野周治,男,1950/7/9 0:00,,共,,,新,
46,2012,id03_08_05,茨城県５区,当,1,61142,49.3,大畠章宏,男,1947/10/5 0:00,8,民,,,前,国
46,2012,id03_08_05,茨城県５区,比当,2,51841,41.8,石川昭政,男,1972/9/18 0:00,,自,,,新,
46,2012,id03_08_05,茨城県５区,-,3,11043,8.9,福田明,男,1956/9/11 0:00,,共,,,新,
46,2012,id03_08_06,茨城県６区,当,1,91121,38.2,丹羽雄哉,男,1944/4/20 0:00,11,自,,,元,公
46,2012,id03_08_06,茨城県６区,-,3,45377,19,狩野岳也,男,1964/9/19 0:00,,無,,,新,
46,2012,id03_08_06,茨城県６区,-,3,39161,16.4,大泉博子,女,1950/1/20 0:00,,民,,,前,国
46,2012,id03_08_06,茨城県６区,-,3,36617,15.3,深沢裕,男,1971/2/2 0:00,,維,,,新,み
46,2012,id03_08_06,茨城県６区,-,3,13680,5.7,青木道子,女,1950/10/8 0:00,,共,,,新,
46,2012,id03_08_06,茨城県６区,-,3,12644,5.3,栗山栄,男,1958/5/20 0:00,,未,,,新,大
46,2012,id03_08_07,茨城県７区,当,1,81157,42.7,中村喜四郎,男,1949/4/10 0:00,12,無,改ク,,前,公
46,2012,id03_08_07,茨城県７区,比当,2,59605,31.4,永岡桂子,女,1953/12/8 0:00,,自,麻,志公会,前,
46,2012,id03_08_07,茨城県７区,-,3,23344,12.3,筒井洋介,男,1979/7/29 0:00,,維,,,新,み
46,2012,id03_08_07,茨城県７区,-,3,18983,10,柳田和己,男,1950/3/30 0:00,,民,,,前,国
46,2012,id03_08_07,茨城県７区,-,3,7034,3.7,白畑勇,男,1952/5/3 0:00,,共,,,新,
46,2012,id03_09_01,栃木県１区,当,1,100133,46.6,船田元,男,1953/11/22 0:00,10,自,額,平成研,元,公
46,2012,id03_09_01,栃木県１区,-,3,56143,26.1,石森久嗣,男,1962/5/3 0:00,,民,,,前,国
46,2012,id03_09_01,栃木県１区,-,3,50771,23.6,荒木大樹,男,1971/2/26 0:00,,み,,,新,維
46,2012,id03_09_01,栃木県１区,-,3,7687,3.6,田部明男,男,1955/1/2 0:00,,共,,,新,
46,2012,id03_09_02,栃木県２区,当,1,55853,38.6,西川公也,男,1942/12/26 0:00,5,自,伊,志帥会,元,公
46,2012,id03_09_02,栃木県２区,比当,2,46271,32,福田昭夫,男,1948/4/17 0:00,,民,,,前,国
46,2012,id03_09_02,栃木県２区,比当,2,38086,26.3,柏倉祐司,男,1969/4/10 0:00,,み,,,新,維
46,2012,id03_09_02,栃木県２区,-,3,4348,3,藤井豊,男,1948/1/25 0:00,,共,,,新,
46,2012,id03_09_03,栃木県３区,当,1,84023,60.3,渡辺喜美,男,1952/3/17 0:00,6,み,,,前,
46,2012,id03_09_03,栃木県３区,比当,2,48912,35.1,簗和生,男,1979/4/22 0:00,,自,,,新,公
46,2012,id03_09_03,栃木県３区,-,3,6509,4.7,秋山幸子,女,1951/4/14 0:00,,共,,,新,
46,2012,id03_09_04,栃木県４区,当,1,109762,51.1,佐藤勉,男,1952/6/20 0:00,6,自,,,前,公
46,2012,id03_09_04,栃木県４区,-,3,49021,22.8,藤岡隆雄,男,1977/3/28 0:00,,み,,,新,維
46,2012,id03_09_04,栃木県４区,-,3,26310,12.3,山岡賢次,男,1943/4/25 0:00,,未,生,,前,大
46,2012,id03_09_04,栃木県４区,-,3,22546,10.5,工藤仁美,女,1955/5/31 0:00,,民,,,前,
46,2012,id03_09_04,栃木県４区,-,3,7053,3.3,早乙女利次,男,1947/3/17 0:00,,共,,,新,
46,2012,id03_09_05,栃木県５区,当,1,101533,67.3,茂木敏充,男,1955/10/7 0:00,7,自,額,平成研,前,公
46,2012,id03_09_05,栃木県５区,-,3,38626,25.6,富岡芳忠,男,1966/10/24 0:00,,み,民,,前,維
46,2012,id03_09_05,栃木県５区,-,3,10696,7.1,川上均,男,1956/1/22 0:00,,共,,,新,
46,2012,id03_10_01,群馬県１区,当,1,94709,45,佐田玄一郎,男,1952/12/22 0:00,8,自,額,平成研,前,公
46,2012,id03_10_01,群馬県１区,比当,2,46835,22.3,上野宏史,男,1971/2/23 0:00,,維,み,,新,み
46,2012,id03_10_01,群馬県１区,-,3,35074,16.7,宮崎岳志,男,1970/2/14 0:00,,民,,,前,
46,2012,id03_10_01,群馬県１区,-,3,20663,9.8,後藤新,男,1960/7/17 0:00,,未,生,,新,大
46,2012,id03_10_01,群馬県１区,-,3,13152,6.2,生方秀男,男,1948/2/9 0:00,,共,,,新,
46,2012,id03_10_02,群馬県２区,当,1,87309,49.6,井野俊郎,男,1980/1/8 0:00,1,自,,,新,公
46,2012,id03_10_02,群馬県２区,比当,2,51840,29.4,石関貴史,男,1972/2/18 0:00,,維,民,,前,み
46,2012,id03_10_02,群馬県２区,-,3,19583,11.1,桑原功,男,1945/2/4 0:00,,民,,,前,
46,2012,id03_10_02,群馬県２区,-,3,17366,9.9,関口直久,男,1950/2/2 0:00,,共,,,新,
46,2012,id03_10_03,群馬県３区,当,1,84363,51.1,笹川博義,男,1966/8/29 0:00,1,自,,,新,公
46,2012,id03_10_03,群馬県３区,-,3,37878,22.9,柿沼正明,男,1965/9/26 0:00,,民,,,前,
46,2012,id03_10_03,群馬県３区,-,3,33793,20.5,長谷川嘉一,男,1952/11/6 0:00,,未,生,,新,大
46,2012,id03_10_03,群馬県３区,-,3,9025,5.5,渋沢哲男,男,1959/6/18 0:00,,共,,,新,
46,2012,id03_10_04,群馬県４区,当,1,93220,55.7,福田達夫,男,1967/3/5 0:00,1,自,,,新,公・改
46,2012,id03_10_04,群馬県４区,-,3,42536,25.4,宮原田綾香,女,1984/5/21 0:00,,維,,,新,
46,2012,id03_10_04,群馬県４区,-,3,17336,10.4,青木和也,男,1987/12/13 0:00,,民,生,,新,
46,2012,id03_10_04,群馬県４区,-,3,14174,8.5,萩原貞夫,男,1949/1/1 0:00,,共,,,新,
46,2012,id03_10_05,群馬県５区,当,1,134685,77.3,小渕優子,女,1973/12/11 0:00,5,自,額,平成研,前,公・改
46,2012,id03_10_05,群馬県５区,-,3,22603,13,小林人志,男,1951/11/9 0:00,,社,,,新,
46,2012,id03_10_05,群馬県５区,-,3,17036,9.8,糸井洋,男,1968/11/7 0:00,,共,,,新,
46,2012,id03_11_01,埼玉県１区,当,1,96242,39.7,村井英樹,男,1980/5/14 0:00,1,自,,,新,公
46,2012,id03_11_01,埼玉県１区,比当,2,76583,31.6,武正公一,男,1961/3/23 0:00,,民,,,前,国
46,2012,id03_11_01,埼玉県１区,-,3,42451,17.5,日色隆善,男,1965/5/6 0:00,,み,,,新,維
46,2012,id03_11_01,埼玉県１区,-,3,18503,7.6,青柳伸二,男,1947/12/4 0:00,,共,,,新,
46,2012,id03_11_01,埼玉県１区,-,3,8396,3.5,川上康正,男,1964/12/5 0:00,,社,,,新,
46,2012,id03_11_02,埼玉県２区,当,1,112484,46.6,新藤義孝,男,1958/1/20 0:00,5,自,額,平成研,前,公
46,2012,id03_11_02,埼玉県２区,-,3,53604,22.2,松本佳和,男,1965/5/3 0:00,,み,民,,新,維
46,2012,id03_11_02,埼玉県２区,-,3,50711,21,石田勝之,男,1955/1/30 0:00,,民,,,前,国
46,2012,id03_11_02,埼玉県２区,-,3,24724,10.2,奥田智子,女,1968/12/5 0:00,,共,,,新,
46,2012,id03_11_03,埼玉県３区,当,1,87695,35.5,黄川田仁志,男,1970/10/13 0:00,1,自,,,新,公
46,2012,id03_11_03,埼玉県３区,-,3,58590,23.7,細川律夫,男,1943/8/8 0:00,,民,,,前,国
46,2012,id03_11_03,埼玉県３区,-,3,46136,18.7,谷古宇勘司,男,1950/12/15 0:00,,維,自,,新,
46,2012,id03_11_03,埼玉県３区,-,3,37034,15,宮瀬英治,男,1977/2/1 0:00,,み,,,新,
46,2012,id03_11_03,埼玉県３区,-,3,17346,7,広瀬伸一,男,1956/1/12 0:00,,共,,,新,
46,2012,id03_11_04,埼玉県４区,当,1,71061,35.9,豊田真由子,女,1974/10/10 0:00,1,自,,,新,公
46,2012,id03_11_04,埼玉県４区,-,3,53366,27,神風英男,男,1961/10/10 0:00,,民,,,前,国
46,2012,id03_11_04,埼玉県４区,-,3,46303,23.4,青柳仁士,男,1978/11/7 0:00,,維,,,新,
46,2012,id03_11_04,埼玉県４区,-,3,23360,11.8,桜井晴子,女,1956/7/27 0:00,,共,,,新,
46,2012,id03_11_04,埼玉県４区,-,3,3617,1.8,小笠原洋輝,男,1984/2/26 0:00,,無,,,新,
46,2012,id03_11_05,埼玉県５区,当,1,93585,45.4,枝野幸男,男,1964/5/31 0:00,7,民,,,前,国
46,2012,id03_11_05,埼玉県５区,比当,2,84120,40.8,牧原秀樹,男,1971/6/4 0:00,,自,,,元,公
46,2012,id03_11_05,埼玉県５区,-,3,15434,7.5,藤島利久,男,1962/5/4 0:00,,未,,,新,大
46,2012,id03_11_05,埼玉県５区,-,3,13109,6.4,大石豊,男,1960/1/2 0:00,,共,,,新,
46,2012,id03_11_06,埼玉県６区,当,1,90871,37.9,中根一幸,男,1969/7/11 0:00,2,自,町,清和会,元,公
46,2012,id03_11_06,埼玉県６区,比当,2,90673,37.9,大島敦,男,1956/12/21 0:00,,民,,,前,国
46,2012,id03_11_06,埼玉県６区,-,3,35838,15,磯村健治,男,1949/12/11 0:00,,維,,,新,み
46,2012,id03_11_06,埼玉県６区,-,3,19799,8.3,戸口佐一,男,1950/1/22 0:00,,共,,,新,
46,2012,id03_11_06,埼玉県６区,-,3,2354,1,院田浩利,男,1967/6/8 0:00,,諸,,,新,
46,2012,id03_11_07,埼玉県７区,当,1,78505,35,神山佐市,男,1954/8/17 0:00,1,自,,,新,公
46,2012,id03_11_07,埼玉県７区,-,3,44428,19.8,矢口健一,男,1972/2/5 0:00,,維,,,新,み
46,2012,id03_11_07,埼玉県７区,比当,2,44415,19.8,小宮山泰子,女,1965/4/25 0:00,,未,生,,前,大
46,2012,id03_11_07,埼玉県７区,-,3,38335,17.1,島田智哉子,女,1962/9/27 0:00,,民,,,新,
46,2012,id03_11_07,埼玉県７区,-,3,18568,8.3,長沼チネ,女,1950/1/29 0:00,,共,,,新,
46,2012,id03_11_08,埼玉県８区,当,1,85375,42.4,柴山昌彦,男,1965/12/5 0:00,4,自,町,清和会,前,
46,2012,id03_11_08,埼玉県８区,-,3,46394,23,小野塚勝俊,男,1972/5/5 0:00,,民,,,前,国
46,2012,id03_11_08,埼玉県８区,-,3,36680,18.2,並木正芳,男,1949/5/19 0:00,,維,自,,元,
46,2012,id03_11_08,埼玉県８区,-,3,19099,9.5,辻源巳,男,1971/9/22 0:00,,共,,,新,
46,2012,id03_11_08,埼玉県８区,-,3,13939,6.9,西川浩,男,1957/1/8 0:00,,未,,,新,大
46,2012,id03_11_09,埼玉県９区,当,1,109062,47.2,大塚拓,男,1973/6/14 0:00,2,自,町,清和会,元,公
46,2012,id03_11_09,埼玉県９区,-,3,49981,21.6,五十嵐文彦,男,1948/11/2 0:00,,民,,,前,国
46,2012,id03_11_09,埼玉県９区,-,3,37301,16.1,浦沢将,男,1967/2/26 0:00,,維,,,新,み
46,2012,id03_11_09,埼玉県９区,-,3,17696,7.7,松浦武志,男,1963/2/24 0:00,,未,生,,新,大
46,2012,id03_11_09,埼玉県９区,-,3,17156,7.4,工藤武,男,1964/3/12 0:00,,共,,,新,
46,2012,id03_11_10,埼玉県１０区,当,1,85846,44.1,山口泰明,男,1948/11/10 0:00,5,自,額,平成研,元,公
46,2012,id03_11_10,埼玉県１０区,比当,2,56482,29,坂本祐之輔,男,1955/1/30 0:00,,維,,,新,
46,2012,id03_11_10,埼玉県１０区,-,3,20863,10.7,松崎哲久,男,1950/4/14 0:00,,未,生,,前,大
46,2012,id03_11_10,埼玉県１０区,-,3,18157,9.3,弓削勇人,男,1973/10/23 0:00,,民,,,新,
46,2012,id03_11_10,埼玉県１０区,-,3,13444,6.9,梅沢永治,男,1949/2/27 0:00,,共,,,新,
46,2012,id03_11_11,埼玉県１１区,当,1,118916,60.5,小泉龍司,男,1952/9/17 0:00,4,無,,,前,
46,2012,id03_11_11,埼玉県１１区,比当,2,55288,28.1,今野智博,男,1975/7/25 0:00,,自,,,新,
46,2012,id03_11_11,埼玉県１１区,-,3,22334,11.4,柴岡祐真,男,1984/3/15 0:00,,共,,,新,
46,2012,id03_11_12,埼玉県１２区,当,1,65989,32,野中厚,男,1976/11/17 0:00,1,自,,,新,公
46,2012,id03_11_12,埼玉県１２区,-,3,55663,27,森田俊和,男,1974/9/19 0:00,,無,自,,新,
46,2012,id03_11_12,埼玉県１２区,-,3,36500,17.7,本多平直,男,1964/12/2 0:00,,民,,,前,国
46,2012,id03_11_12,埼玉県１２区,-,3,35500,17.2,永沼宏之,男,1968/7/7 0:00,,み,,,新,維・改
46,2012,id03_11_12,埼玉県１２区,-,3,10470,5.1,大野辰男,男,1953/5/18 0:00,,共,,,新,
46,2012,id03_11_12,埼玉県１２区,-,3,2169,1.1,川島良吉,男,1918/8/1 0:00,,無,,,新,
46,2012,id03_11_13,埼玉県１３区,当,1,77623,38.9,土屋品子,女,1952/2/9 0:00,5,自,,,元,
46,2012,id03_11_13,埼玉県１３区,-,3,45019,22.6,森岡洋一郎,男,1975/1/10 0:00,,民,,,前,国
46,2012,id03_11_13,埼玉県１３区,-,3,32986,16.5,中村匡志,男,1977/2/7 0:00,,維,,,新,
46,2012,id03_11_13,埼玉県１３区,-,3,26934,13.5,北角嘉幸,男,1963/5/28 0:00,,み,,,新,
46,2012,id03_11_13,埼玉県１３区,-,3,16881,8.5,並木敏恵,女,1960/10/23 0:00,,共,,,新,
46,2012,id03_11_14,埼玉県１４区,当,1,84263,37.9,三ツ林裕巳,男,1955/9/7 0:00,1,自,町,清和会,新,公
46,2012,id03_11_14,埼玉県１４区,比当,2,71949,32.4,鈴木義弘,男,1962/11/10 0:00,,維,自,,新,み
46,2012,id03_11_14,埼玉県１４区,-,3,42655,19.2,中野譲,男,1967/1/7 0:00,,民,,,前,国
46,2012,id03_11_14,埼玉県１４区,-,3,20190,9.1,苗村光雄,男,1956/1/14 0:00,,共,,,新,
46,2012,id03_11_14,埼玉県１４区,-,3,3161,1.4,大塚克雄,男,1947/6/21 0:00,,無,た日,,新,
46,2012,id03_11_15,埼玉県１５区,当,1,88210,42.7,田中良生,男,1963/11/11 0:00,2,自,,,元,公
46,2012,id03_11_15,埼玉県１５区,-,3,49147,23.8,高山智司,男,1970/4/20 0:00,,民,,,前,国
46,2012,id03_11_15,埼玉県１５区,-,3,35750,17.3,斉藤裕康,男,1969/4/5 0:00,,み,,,新,維
46,2012,id03_11_15,埼玉県１５区,-,3,17460,8.4,小高真由美,女,1964/5/4 0:00,,未,生,,新,大
46,2012,id03_11_15,埼玉県１５区,-,3,16168,7.8,小久保剛志,男,1975/2/20 0:00,,共,,,新,
46,2012,id04_12_01,千葉県１区,当,1,76914,33.2,田嶋要,男,1961/9/22 0:00,4,民,,,前,国
46,2012,id04_12_01,千葉県１区,比当,2,69927,30.2,門山宏哲,男,1964/9/3 0:00,,自,,,新,公
46,2012,id04_12_01,千葉県１区,比当,2,44668,19.3,田沼隆志,男,1975/12/26 0:00,,維,,,新,
46,2012,id04_12_01,千葉県１区,-,3,27089,11.7,西野元樹,男,1974/3/2 0:00,,み,,,新,
46,2012,id04_12_01,千葉県１区,-,3,13102,5.7,寺尾賢,男,1976/7/1 0:00,,共,,,新,
46,2012,id04_12_02,千葉県２区,当,1,100551,40.3,小林鷹之,男,1974/11/29 0:00,1,自,,,新,公
46,2012,id04_12_02,千葉県２区,-,3,54123,21.7,中田敏博,男,1968/11/3 0:00,,維,み,,新,
46,2012,id04_12_02,千葉県２区,-,3,46883,18.8,樋口博康,男,1959/7/2 0:00,,民,,,新,国
46,2012,id04_12_02,千葉県２区,-,3,30122,12.1,黒田雄,男,1959/3/22 0:00,,未,生,,前,大
46,2012,id04_12_02,千葉県２区,-,3,17604,7.1,入沢俊行,男,1977/11/30 0:00,,共,,,新,
46,2012,id04_12_03,千葉県３区,当,1,80710,44.2,松野博一,男,1962/9/13 0:00,5,自,町,清和会,前,公
46,2012,id04_12_03,千葉県３区,-,3,31161,17.1,岡島一正,男,1957/11/3 0:00,,未,生,,前,大
46,2012,id04_12_03,千葉県３区,-,3,30565,16.8,小林隆,男,1963/1/25 0:00,,維,,,新,み
46,2012,id04_12_03,千葉県３区,-,3,28979,15.9,青山明日香,女,1982/8/30 0:00,,民,,,新,国
46,2012,id04_12_03,千葉県３区,-,3,9298,5.1,石川正,男,1945/2/20 0:00,,共,,,新,
46,2012,id04_12_03,千葉県３区,-,3,1723,0.9,井上由紀子,女,1950/5/13 0:00,,無,,,新,
46,2012,id04_12_04,千葉県４区,当,1,163334,57.3,野田佳彦,男,1957/5/20 0:00,6,民,,,前,国
46,2012,id04_12_04,千葉県４区,-,3,72187,25.3,藤田幹雄,男,1968/10/11 0:00,,自,,,元,
46,2012,id04_12_04,千葉県４区,-,3,28187,9.9,三宅雪子,女,1965/3/5 0:00,,未,生,,前,大
46,2012,id04_12_04,千葉県４区,-,3,21459,7.5,斉藤和子,女,1974/9/29 0:00,,共,,,新,
46,2012,id04_12_05,千葉県５区,当,1,81772,35.3,薗浦健太郎,男,1972/6/3 0:00,2,自,麻,志公会,元,公
46,2012,id04_12_05,千葉県５区,-,3,51206,22.1,村越祐民,男,1974/2/13 0:00,,民,,,前,国
46,2012,id04_12_05,千葉県５区,-,3,39653,17.1,木村長人,男,1964/11/10 0:00,,維,み,,新,
46,2012,id04_12_05,千葉県５区,-,3,28707,12.4,渡辺耕士,男,1955/7/2 0:00,,み,,,新,
46,2012,id04_12_05,千葉県５区,-,3,14913,6.4,相原史乃,女,1974/2/28 0:00,,未,生,,前,大
46,2012,id04_12_05,千葉県５区,-,3,12583,5.4,浅野史子,女,1970/8/14 0:00,,共,,,新,
46,2012,id04_12_05,千葉県５区,-,3,2770,1.2,赤塚裕彦,男,1958/6/11 0:00,,無,,,新,
46,2012,id04_12_06,千葉県６区,当,1,69689,35.4,渡辺博道,男,1950/8/3 0:00,5,自,額,平成研,元,公
46,2012,id04_12_06,千葉県６区,比当,2,46331,23.5,生方幸夫,男,1947/10/31 0:00,,民,,,前,国
46,2012,id04_12_06,千葉県６区,-,3,29956,15.2,遠藤宣彦,男,1963/6/5 0:00,,維,太,,元,
46,2012,id04_12_06,千葉県６区,-,3,24350,12.4,鴈野聡,男,1969/5/2 0:00,,み,,,新,
46,2012,id04_12_06,千葉県６区,-,3,13511,6.9,三輪由美,女,1955/9/8 0:00,,共,,,新,
46,2012,id04_12_06,千葉県６区,-,3,13139,6.7,白石純子,女,1962/9/6 0:00,,未,生,,新,大
46,2012,id04_12_07,千葉県７区,当,1,104839,45.8,斎藤健,男,1959/6/14 0:00,2,自,,,前,公
46,2012,id04_12_07,千葉県７区,-,3,29665,13,林千勝,男,1961/4/22 0:00,,維,,,新,
46,2012,id04_12_07,千葉県７区,-,3,28970,12.7,中沢健,男,1955/1/7 0:00,,民,,,新,
46,2012,id04_12_07,千葉県７区,-,3,24216,10.6,内山晃,男,1954/3/3 0:00,,未,生,,前,大
46,2012,id04_12_07,千葉県７区,-,3,22999,10,石塚貞通,男,1967/4/20 0:00,,み,,,新,
46,2012,id04_12_07,千葉県７区,-,3,12080,5.3,渡部隆夫,男,1943/5/15 0:00,,共,,,新,
46,2012,id04_12_07,千葉県７区,-,3,6096,2.7,村上克子,女,1939/10/5 0:00,,社,,,新,
46,2012,id04_12_08,千葉県８区,当,1,93882,41,桜田義孝,男,1949/12/20 0:00,5,自,額,平成研,元,公
46,2012,id04_12_08,千葉県８区,-,3,56831,24.8,松崎公昭,男,1943/9/8 0:00,,民,,,前,国
46,2012,id04_12_08,千葉県８区,-,3,44532,19.4,山本幸治,男,1971/12/4 0:00,,み,,,新,維
46,2012,id04_12_08,千葉県８区,-,3,18846,8.2,姫井由美子,女,1959/2/14 0:00,,未,生,,新,大
46,2012,id04_12_08,千葉県８区,-,3,14914,6.5,武石英紀,男,1950/9/6 0:00,,共,,,新,
46,2012,id04_12_09,千葉県９区,当,1,80024,35.5,秋本真利,男,1975/8/10 0:00,1,自,,,新,公
46,2012,id04_12_09,千葉県９区,比当,2,63422,28.1,奥野総一郎,男,1964/7/15 0:00,,民,,,前,国
46,2012,id04_12_09,千葉県９区,比当,2,45781,20.3,西田譲,男,1975/9/6 0:00,,維,自,,新,
46,2012,id04_12_09,千葉県９区,-,3,16616,7.4,河上満栄,女,1971/5/28 0:00,,未,生,,元,大
46,2012,id04_12_09,千葉県９区,-,3,12601,5.6,木崎俊行,男,1968/4/8 0:00,,共,,,新,
46,2012,id04_12_09,千葉県９区,-,3,6955,3.1,須藤浩,男,1957/7/6 0:00,,無,民,,元,
46,2012,id04_12_10,千葉県１０区,当,1,110139,57.1,林幹雄,男,1947/1/3 0:00,7,自,山,近未来,前,公
46,2012,id04_12_10,千葉県１０区,-,3,62690,32.5,谷田川元,男,1963/1/17 0:00,,民,,,前,
46,2012,id04_12_10,千葉県１０区,-,3,12230,6.3,笠原正実,男,1954/2/7 0:00,,共,,,新,
46,2012,id04_12_10,千葉県１０区,-,3,7831,4.1,有田恵子,女,1953/3/7 0:00,,諸,,,新,
46,2012,id04_12_11,千葉県１１区,当,1,128785,65,森英介,男,1948/8/31 0:00,8,自,麻,志公会,前,公
46,2012,id04_12_11,千葉県１１区,-,3,48114,24.3,金子健一,男,1957/11/2 0:00,,未,生,,前,大
46,2012,id04_12_11,千葉県１１区,-,3,21110,10.7,椎名史明,男,1957/5/30 0:00,,共,,,新,
46,2012,id04_12_12,千葉県１２区,当,1,139935,65.2,浜田靖一,男,1955/10/21 0:00,7,自,,,前,公
46,2012,id04_12_12,千葉県１２区,-,3,58491,27.2,中後淳,男,1970/1/12 0:00,,未,生,,前,大
46,2012,id04_12_12,千葉県１２区,-,3,16262,7.6,米本展久,男,1951/5/4 0:00,,共,,,新,
46,2012,id04_12_13,千葉県１３区,当,1,75152,41,白須賀貴樹,男,1975/3/16 0:00,1,自,,,新,公
46,2012,id04_12_13,千葉県１３区,比当,2,50666,27.7,若井康彦,男,1946/3/1 0:00,,民,,,前,国
46,2012,id04_12_13,千葉県１３区,比当,2,40471,22.1,椎木保,男,1966/7/4 0:00,,維,,,新,み
46,2012,id04_12_13,千葉県１３区,-,3,13769,7.5,佐竹知之,男,1945/6/14 0:00,,共,,,新,
46,2012,id04_12_13,千葉県１３区,-,3,3134,1.7,古川裕三,男,1982/6/17 0:00,,諸,,,新,
46,2012,id04_14_01,神奈川県１区,当,1,101238,41.2,松本純,男,1950/4/11 0:00,5,自,麻,志公会,前,公
46,2012,id04_14_01,神奈川県１区,-,3,50927,20.7,中林美恵子,女,1960/9/24 0:00,,民,,,前,国
46,2012,id04_14_01,神奈川県１区,-,3,41198,16.8,松本孝一,男,1960/5/26 0:00,,維,,,新,
46,2012,id04_14_01,神奈川県１区,-,3,36706,14.9,山下頼行,男,1973/3/22 0:00,,み,,,新,
46,2012,id04_14_01,神奈川県１区,-,3,15664,6.4,明石行夫,男,1959/3/7 0:00,,共,,,新,
46,2012,id04_14_02,神奈川県２区,当,1,138040,57.9,菅義偉,男,1948/12/6 0:00,6,自,,,前,公
46,2012,id04_14_02,神奈川県２区,-,3,71302,29.9,三村和也,男,1975/9/9 0:00,,民,,,前,国
46,2012,id04_14_02,神奈川県２区,-,3,28947,12.1,児玉俊明,男,1962/5/27 0:00,,共,,,新,
46,2012,id04_14_03,神奈川県３区,当,1,85451,37,小此木八郎,男,1965/6/22 0:00,6,自,,,元,公
46,2012,id04_14_03,神奈川県３区,-,3,39781,17.2,高橋真由美,女,1968/7/5 0:00,,維,,,新,
46,2012,id04_14_03,神奈川県３区,-,3,34738,15,勝又恒一郎,男,1962/12/11 0:00,,民,,,前,国
46,2012,id04_14_03,神奈川県３区,-,3,32189,13.9,毛呂武史,男,1968/3/5 0:00,,み,,,新,
46,2012,id04_14_03,神奈川県３区,-,3,22163,9.6,岡本英子,女,1964/9/19 0:00,,未,生,,前,大
46,2012,id04_14_03,神奈川県３区,-,3,16773,7.3,本橋佳世,女,1972/12/24 0:00,,共,,,新,
46,2012,id04_14_04,神奈川県４区,当,1,100632,48.7,浅尾慶一郎,男,1964/2/11 0:00,2,み,,,前,
46,2012,id04_14_04,神奈川県４区,比当,2,57542,27.8,山本朋広,男,1975/6/20 0:00,,自,,,元,公
46,2012,id04_14_04,神奈川県４区,-,3,33022,16,荻原隆宏,男,1970/1/25 0:00,,民,,,新,国
46,2012,id04_14_04,神奈川県４区,-,3,15456,7.5,加藤勝広,男,1944/11/17 0:00,,共,,,新,
46,2012,id04_14_05,神奈川県５区,当,1,107796,40.8,坂井学,男,1965/9/4 0:00,2,自,,,元,公
46,2012,id04_14_05,神奈川県５区,-,3,46632,17.6,湯沢大地,男,1967/10/24 0:00,,維,み,,新,
46,2012,id04_14_05,神奈川県５区,-,3,43786,16.6,池田東一郎,男,1961/7/31 0:00,,み,,,新,
46,2012,id04_14_05,神奈川県５区,-,3,30494,11.5,田中慶秋,男,1938/3/6 0:00,,民,,,前,国
46,2012,id04_14_05,神奈川県５区,-,3,19512,7.4,横山征吾,男,1971/4/23 0:00,,共,,,新,
46,2012,id04_14_05,神奈川県５区,-,3,16268,6.2,河野敏久,男,1956/11/11 0:00,,未,新日,,新,大
46,2012,id04_14_06,神奈川県６区,当,1,82147,37.4,上田勇,男,1958/8/5 0:00,6,公,,,元,自
46,2012,id04_14_06,神奈川県６区,比当,2,69511,31.6,青柳陽一郎,男,1969/8/29 0:00,,み,自,,新,
46,2012,id04_14_06,神奈川県６区,-,3,51819,23.6,池田元久,男,1940/12/20 0:00,,民,,,前,
46,2012,id04_14_06,神奈川県６区,-,3,16369,7.4,藤井悦雄,男,1952/1/21 0:00,,共,,,新,
46,2012,id04_14_07,神奈川県７区,当,1,105920,42.1,鈴木馨祐,男,1977/2/9 0:00,2,自,麻,志公会,元,公
46,2012,id04_14_07,神奈川県７区,-,3,58380,23.2,田中朝子,女,1959/8/16 0:00,,み,,,新,維
46,2012,id04_14_07,神奈川県７区,-,3,53958,21.5,首藤信彦,男,1945/4/5 0:00,,民,,,前,国
46,2012,id04_14_07,神奈川県７区,-,3,20743,8.3,山崎誠,男,1962/11/22 0:00,,未,みど,,前,大
46,2012,id04_14_07,神奈川県７区,-,3,12422,4.9,比嘉常一,男,1958/11/3 0:00,,共,,,新,
46,2012,id04_14_08,神奈川県８区,当,1,127294,54.1,江田憲司,男,1956/4/28 0:00,4,み,,,前,
46,2012,id04_14_08,神奈川県８区,比当,2,60643,25.8,福田峰之,男,1964/4/8 0:00,,自,山,近未来,元,公
46,2012,id04_14_08,神奈川県８区,-,3,33769,14.4,伊藤久美子,女,1959/10/28 0:00,,民,,,新,国
46,2012,id04_14_08,神奈川県８区,-,3,13526,5.8,釘丸進,男,1973/4/12 0:00,,共,,,新,
46,2012,id04_14_09,神奈川県９区,当,1,67448,36.8,笠浩史,男,1965/1/3 0:00,4,民,,,前,国
46,2012,id04_14_09,神奈川県９区,比当,2,58370,31.9,中山展宏,男,1968/9/16 0:00,,自,,,新,公・改
46,2012,id04_14_09,神奈川県９区,比当,2,41454,22.6,椎名毅,男,1975/11/20 0:00,,み,,,新,維
46,2012,id04_14_09,神奈川県９区,-,3,15773,8.6,堀口望,男,1976/7/31 0:00,,共,,,新,
46,2012,id04_14_10,神奈川県１０区,当,1,104994,37.5,田中和徳,男,1949/1/21 0:00,6,自,山,近未来,前,公
46,2012,id04_14_10,神奈川県１０区,-,3,61255,21.9,城島光力,男,1947/1/1 0:00,,民,,,前,国
46,2012,id04_14_10,神奈川県１０区,-,3,44493,15.9,久米英一郎,男,1965/1/20 0:00,,み,,,新,
46,2012,id04_14_10,神奈川県１０区,-,3,44185,15.8,石川輝久,男,1950/1/9 0:00,,維,民,,新,
46,2012,id04_14_10,神奈川県１０区,-,3,25310,9,中野智裕,男,1958/4/16 0:00,,共,,,新,
46,2012,id04_14_11,神奈川県１１区,当,1,184360,79.9,小泉進次郎,男,1981/4/14 0:00,2,自,,,前,
46,2012,id04_14_11,神奈川県１１区,-,3,25134,10.9,林公太郎,男,1982/9/22 0:00,,民,,,新,国
46,2012,id04_14_11,神奈川県１１区,-,3,17740,7.7,斉田道夫,男,1948/2/2 0:00,,共,,,新,
46,2012,id04_14_11,神奈川県１１区,-,3,2131,0.9,森本敏秀,男,1948/7/8 0:00,,無,,,新,
46,2012,id04_14_11,神奈川県１１区,-,3,1489,0.6,岩田吉喜,男,1958/12/15 0:00,,無,,,新,
46,2012,id04_14_12,神奈川県１２区,当,1,73476,34.1,星野剛士,男,1963/8/8 0:00,1,自,,,新,公・改
46,2012,id04_14_12,神奈川県１２区,比当,2,50976,23.6,阿部知子,女,1948/4/24 0:00,,未,社,,前,大
46,2012,id04_14_12,神奈川県１２区,-,3,47834,22.2,中塚一宏,男,1965/4/4 0:00,,民,,,前,国
46,2012,id04_14_12,神奈川県１２区,-,3,32590,15.1,甘粕和彦,男,1983/2/25 0:00,,維,,,新,
46,2012,id04_14_12,神奈川県１２区,-,3,10871,5,沼上常生,男,1958/5/12 0:00,,共,,,新,
46,2012,id04_14_13,神奈川県１３区,当,1,111733,43,甘利明,男,1949/8/27 0:00,10,自,山,近未来,前,公
46,2012,id04_14_13,神奈川県１３区,-,3,50826,19.5,菅原直敏,男,1978/4/12 0:00,,み,,,新,
46,2012,id04_14_13,神奈川県１３区,-,3,43754,16.8,太田祐介,男,1974/10/12 0:00,,維,み,,新,
46,2012,id04_14_13,神奈川県１３区,-,3,38637,14.9,橘秀徳,男,1969/6/24 0:00,,民,,,前,
46,2012,id04_14_13,神奈川県１３区,-,3,15131,5.8,宮応勝幸,男,1943/8/29 0:00,,共,,,新,
46,2012,id04_14_14,神奈川県１４区,当,1,100494,39.6,赤間二郎,男,1968/3/27 0:00,2,自,麻,志公会,元,公・改
46,2012,id04_14_14,神奈川県１４区,-,3,65832,26,本村賢太郎,男,1970/4/17 0:00,,民,,,前,国
46,2012,id04_14_14,神奈川県１４区,-,3,39141,15.4,中本太衛,男,1965/7/26 0:00,,維,太,,元,
46,2012,id04_14_14,神奈川県１４区,-,3,27153,10.7,松本雅威,男,1971/6/30 0:00,,み,,,新,
46,2012,id04_14_14,神奈川県１４区,-,3,14549,5.7,猪股ゆり,女,1984/10/30 0:00,,共,,,新,
46,2012,id04_14_14,神奈川県１４区,-,3,6306,2.5,今井達也,男,1987/7/22 0:00,,社,,,新,
46,2012,id04_14_15,神奈川県１５区,当,1,192604,80,河野太郎,男,1963/1/10 0:00,6,自,麻,志公会,前,公
46,2012,id04_14_15,神奈川県１５区,-,3,48198,20,浅賀由香,女,1980/3/23 0:00,,共,,,新,
46,2012,id04_14_16,神奈川県１６区,当,1,98958,40.7,義家弘介,男,1971/3/31 0:00,1,自,町,清和会,新,公・改
46,2012,id04_14_16,神奈川県１６区,比当,2,90881,37.3,後藤祐一,男,1969/3/25 0:00,,民,,,前,国
46,2012,id04_14_16,神奈川県１６区,-,3,38058,15.6,富山泰庸,男,1971/3/16 0:00,,維,,,新,み
46,2012,id04_14_16,神奈川県１６区,-,3,15494,6.4,池田博英,男,1962/11/18 0:00,,共,,,新,
46,2012,id04_14_17,神奈川県１７区,当,1,98019,38.8,牧島かれん,女,1976/11/1 0:00,1,自,,,新,公
46,2012,id04_14_17,神奈川県１７区,-,3,54337,21.5,井上義行,男,1963/3/12 0:00,,み,,,新,維
46,2012,id04_14_17,神奈川県１７区,-,3,46654,18.4,神山洋介,男,1975/5/24 0:00,,民,,,前,国
46,2012,id04_14_17,神奈川県１７区,-,3,44013,17.4,露木順一,男,1955/11/6 0:00,,未,,,新,大
46,2012,id04_14_17,神奈川県１７区,-,3,9848,3.9,横田英司,男,1957/12/14 0:00,,共,,,新,
46,2012,id04_14_18,神奈川県１８区,当,1,82333,40.9,山際大志郎,男,1968/9/12 0:00,3,自,山,近未来,元,公
46,2012,id04_14_18,神奈川県１８区,-,3,43873,21.8,船川治郎,男,1967/7/4 0:00,,み,,,新,維
46,2012,id04_14_18,神奈川県１８区,-,3,34205,17,網屋信介,男,1957/10/3 0:00,,民,,,前,国
46,2012,id04_14_18,神奈川県１８区,-,3,25279,12.6,樋高剛,男,1965/11/24 0:00,,未,生,,前,大
46,2012,id04_14_18,神奈川県１８区,-,3,15514,7.7,山崎雅子,女,1953/5/29 0:00,,共,,,新,
46,2012,id04_19_01,山梨県１区,当,1,54930,43.6,宮川典子,女,1979/4/5 0:00,1,自,,,新,
46,2012,id04_19_01,山梨県１区,比当,2,34414,27.3,小沢鋭仁,男,1954/5/31 0:00,,維,民,,前,み
46,2012,id04_19_01,山梨県１区,-,3,26070,20.7,斎藤勁,男,1945/7/10 0:00,,民,,,前,国
46,2012,id04_19_01,山梨県１区,-,3,10694,8.5,植村道隆,男,1973/9/29 0:00,,共,,,新,
46,2012,id04_19_02,山梨県２区,当,1,62135,40.5,長崎幸太郎,男,1968/8/18 0:00,2,無,,,元,
46,2012,id04_19_02,山梨県２区,比当,2,55012,35.8,堀内詔子,女,1965/10/28 0:00,,自,,,新,
46,2012,id04_19_02,山梨県２区,-,3,29534,19.2,坂口岳洋,男,1971/2/18 0:00,,民,,,前,国
46,2012,id04_19_02,山梨県２区,-,3,6924,4.5,渡辺正好,男,1958/10/21 0:00,,共,,,新,
46,2012,id04_19_03,山梨県３区,当,1,50362,33.4,後藤斎,男,1957/7/22 0:00,4,民,,,前,国
46,2012,id04_19_03,山梨県３区,比当,2,50190,33.3,中谷真一,男,1976/9/30 0:00,,自,,,新,
46,2012,id04_19_03,山梨県３区,比当,2,38620,25.6,中島克仁,男,1967/9/27 0:00,,み,,,新,維
46,2012,id04_19_03,山梨県３区,-,3,11680,7.7,花田仁,男,1961/3/18 0:00,,共,,,新,
46,2012,id05_13_01,東京都１区,当,1,82013,29.3,山田美樹,女,1974/3/15 0:00,1,自,,,新,公
46,2012,id05_13_01,東京都１区,比当,2,80879,28.9,海江田万里,男,1949/2/26 0:00,,民,,,前,国
46,2012,id05_13_01,東京都１区,-,3,48083,17.2,加藤義隆,男,1974/10/16 0:00,,維,,,新,
46,2012,id05_13_01,東京都１区,-,3,31554,11.3,小斉太郎,男,1970/1/16 0:00,,み,,,新,
46,2012,id05_13_01,東京都１区,-,3,18763,6.7,冨田直樹,男,1976/1/28 0:00,,共,,,新,
46,2012,id05_13_01,東京都１区,-,3,14875,5.3,野沢哲夫,男,1966/4/28 0:00,,未,,,新,大
46,2012,id05_13_01,東京都１区,-,3,1999,0.7,伊藤希望,女,1984/9/30 0:00,,諸,,,新,
46,2012,id05_13_01,東京都１区,-,3,1011,0.4,又吉光雄,男,1944/2/5 0:00,,諸,,,新,
46,2012,id05_13_01,東京都１区,-,3,614,0.2,亀山教明,男,1963/6/6 0:00,,無,,,新,
46,2012,id05_13_02,東京都２区,当,1,84663,32.4,辻清人,男,1979/9/7 0:00,1,自,,,新,
46,2012,id05_13_02,東京都２区,-,3,64676,24.7,中山義活,男,1945/2/13 0:00,,民,,,前,国
46,2012,id05_13_02,東京都２区,比当,2,48704,18.6,大熊利昭,男,1963/6/5 0:00,,み,,,新,
46,2012,id05_13_02,東京都２区,-,3,38564,14.7,松本和巳,男,1965/2/27 0:00,,維,自,,元,
46,2012,id05_13_02,東京都２区,-,3,23035,8.8,桑名文彦,男,1970/11/7 0:00,,共,,,新,
46,2012,id05_13_02,東京都２区,-,3,2045,0.8,井上雅弘,男,1955/3/2 0:00,,無,,,新,
46,2012,id05_13_03,東京都３区,当,1,122314,42,石原宏高,男,1964/6/19 0:00,2,自,,,元,公
46,2012,id05_13_03,東京都３区,比当,2,120298,41.3,松原仁,男,1956/7/31 0:00,,民,,,前,国
46,2012,id05_13_03,東京都３区,-,3,25773,8.8,池田剛久,男,1965/11/11 0:00,,未,生,,新,大
46,2012,id05_13_03,東京都３区,-,3,23167,7.9,香西克介,男,1976/3/25 0:00,,共,,,新,
46,2012,id05_13_04,東京都４区,当,1,96810,39.4,平将明,男,1967/2/21 0:00,3,自,,,前,公
46,2012,id05_13_04,東京都４区,-,3,44999,18.3,犬伏秀一,男,1956/12/2 0:00,,維,太,,新,
46,2012,id05_13_04,東京都４区,-,3,42424,17.3,藤田憲彦,男,1973/6/5 0:00,,民,,,前,国
46,2012,id05_13_04,東京都４区,-,3,34902,14.2,広瀬雅志,男,1957/7/27 0:00,,み,,,新,
46,2012,id05_13_04,東京都４区,-,3,24167,9.8,山本純平,男,1974/1/25 0:00,,共,,,新,
46,2012,id05_13_04,東京都４区,-,3,2603,1.1,佐野秀光,男,1970/9/30 0:00,,諸,,,新,
46,2012,id05_13_05,東京都５区,当,1,85408,30.5,若宮健嗣,男,1961/9/2 0:00,2,自,額,平成研,元,
46,2012,id05_13_05,東京都５区,-,3,65778,23.5,手塚仁雄,男,1966/9/14 0:00,,民,,,前,国
46,2012,id05_13_05,東京都５区,比当,2,46629,16.7,三谷英弘,男,1976/6/28 0:00,,み,,,新,
46,2012,id05_13_05,東京都５区,-,3,45518,16.3,渡辺徹,男,1978/7/2 0:00,,維,,,新,
46,2012,id05_13_05,東京都５区,-,3,19462,7,丸子安子,女,1968/2/27 0:00,,未,,,新,大
46,2012,id05_13_05,東京都５区,-,3,15796,5.6,三浦岩男,男,1949/9/18 0:00,,共,,,新,
46,2012,id05_13_05,東京都５区,-,3,1089,0.4,曽我周作,男,1979/4/16 0:00,,諸,,,新,
46,2012,id05_13_06,東京都６区,当,1,98112,32.9,越智隆雄,男,1964/2/27 0:00,2,自,町,清和会,元,公
46,2012,id05_13_06,東京都６区,-,3,70126,23.5,小宮山洋子,女,1948/9/17 0:00,,民,,,前,国
46,2012,id05_13_06,東京都６区,-,3,52734,17.7,花輪智史,男,1966/7/24 0:00,,維,民,,前,
46,2012,id05_13_06,東京都６区,-,3,52325,17.6,落合貴之,男,1979/8/17 0:00,,み,,,新,
46,2012,id05_13_06,東京都６区,-,3,24725,8.3,佐藤直樹,男,1979/5/10 0:00,,共,,,新,
46,2012,id05_13_07,東京都７区,当,1,100872,38.2,長妻昭,男,1960/6/14 0:00,5,民,,,前,国
46,2012,id05_13_07,東京都７区,比当,2,79048,30,松本文明,男,1949/3/25 0:00,,自,町,清和会,元,改
46,2012,id05_13_07,東京都７区,-,3,45556,17.3,吉田康一郎,男,1967/5/28 0:00,,維,民,,新,
46,2012,id05_13_07,東京都７区,-,3,19495,7.4,太田宜興,男,1976/2/17 0:00,,共,,,新,
46,2012,id05_13_07,東京都７区,-,3,17437,6.6,岡本幸三,男,1960/5/27 0:00,,未,生,,新,大
46,2012,id05_13_07,東京都７区,-,3,1315,0.5,西野貞吉,男,1936/5/1 0:00,,無,,,新,
46,2012,id05_13_08,東京都８区,当,1,132521,46.9,石原伸晃,男,1957/4/19 0:00,8,自,山,近未来,前,公
46,2012,id05_13_08,東京都８区,-,3,71028,25.2,山本太郎,男,1974/11/24 0:00,,無,,,新,社
46,2012,id05_13_08,東京都８区,-,3,54881,19.4,円より子,女,1947/2/10 0:00,,民,,,新,
46,2012,id05_13_08,東京都８区,-,3,23961,8.5,上保匡勇,男,1984/11/2 0:00,,共,,,新,
46,2012,id05_13_09,東京都９区,当,1,145013,53.5,菅原一秀,男,1962/1/7 0:00,4,自,,,前,公
46,2012,id05_13_09,東京都９区,-,3,55736,20.6,木内孝胤,男,1966/8/30 0:00,,未,生,,前,大
46,2012,id05_13_09,東京都９区,-,3,45386,16.7,福村隆,男,1963/9/11 0:00,,民,,,新,国
46,2012,id05_13_09,東京都９区,-,3,24976,9.2,坂尻正由喜,男,1971/2/22 0:00,,共,,,新,
46,2012,id05_13_10,東京都１０区,当,1,108983,53.7,小池百合子,女,1952/7/15 0:00,7,自,,,前,公
46,2012,id05_13_10,東京都１０区,-,3,47493,23.4,江端貴子,女,1959/12/22 0:00,,民,,,前,国
46,2012,id05_13_10,東京都１０区,-,3,24414,12,多ケ谷亮,男,1968/11/25 0:00,,未,生,,新,大
46,2012,id05_13_10,東京都１０区,-,3,22044,10.9,今秀子,女,1948/7/4 0:00,,共,,,新,
46,2012,id05_13_11,東京都１１区,当,1,116521,45.5,下村博文,男,1954/5/23 0:00,6,自,町,清和会,前,公
46,2012,id05_13_11,東京都１１区,-,3,49334,19.3,猪野隆,男,1965/1/14 0:00,,維,,,新,み
46,2012,id05_13_11,東京都１１区,-,3,36144,14.1,太田順子,女,1967/10/18 0:00,,民,,,新,国
46,2012,id05_13_11,東京都１１区,-,3,27726,10.8,須藤武美,男,1954/4/6 0:00,,共,,,新,
46,2012,id05_13_11,東京都１１区,-,3,26469,10.3,橋本久美,女,1969/7/11 0:00,,未,生,,新,大
46,2012,id05_13_12,東京都１２区,当,1,114052,51.4,太田昭宏,男,1945/10/6 0:00,6,公,,,元,自
46,2012,id05_13_12,東京都１２区,比当,2,56432,25.4,青木愛,女,1965/8/18 0:00,,未,生,,前,大
46,2012,id05_13_12,東京都１２区,-,3,41934,18.9,池内沙織,女,1982/9/15 0:00,,共,,,新,
46,2012,id05_13_12,東京都１２区,-,3,9359,4.2,服部聖巳,女,1978/9/25 0:00,,諸,,,新,
46,2012,id05_13_13,東京都１３区,当,1,115797,50.3,鴨下一郎,男,1949/1/16 0:00,7,自,,,前,公
46,2012,id05_13_13,東京都１３区,-,3,46947,20.4,川口浩,男,1955/2/13 0:00,,維,民,,前,
46,2012,id05_13_13,東京都１３区,-,3,26438,11.5,藤尾直樹,男,1979/1/29 0:00,,民,,,新,
46,2012,id05_13_13,東京都１３区,-,3,23091,10,祖父江元希,男,1975/3/15 0:00,,共,,,新,
46,2012,id05_13_13,東京都１３区,-,3,17906,7.8,本多正樹,男,1972/7/9 0:00,,未,,,新,大
46,2012,id05_13_14,東京都１４区,当,1,90608,42.5,松島みどり,女,1956/7/15 0:00,4,自,町,清和会,元,公
46,2012,id05_13_14,東京都１４区,-,3,40312,18.9,野口東秀,男,1962/12/1 0:00,,維,,,新,み
46,2012,id05_13_14,東京都１４区,-,3,35334,16.6,木村剛司,男,1971/7/9 0:00,,未,生,,前,大
46,2012,id05_13_14,東京都１４区,-,3,24277,11.4,犬塚直史,男,1954/9/28 0:00,,民,,,新,国
46,2012,id05_13_14,東京都１４区,-,3,20298,9.5,阿藤和之,男,1971/1/5 0:00,,共,,,新,
46,2012,id05_13_14,東京都１４区,-,3,1677,0.8,藤田直樹,男,1962/2/2 0:00,,無,,,新,
46,2012,id05_13_14,東京都１４区,-,3,608,0.3,渋江勝義,男,1947/8/14 0:00,,無,,,新,
46,2012,id05_13_15,東京都１５区,当,1,88222,36.9,柿沢未途,男,1971/1/21 0:00,2,み,,,前,維
46,2012,id05_13_15,東京都１５区,比当,2,74159,31,秋元司,男,1971/10/23 0:00,,自,伊,志帥会,新,公
46,2012,id05_13_15,東京都１５区,-,3,29355,12.3,田中美絵子,女,1975/12/16 0:00,,民,,,前,
46,2012,id05_13_15,東京都１５区,-,3,28518,11.9,東祥三,男,1951/5/1 0:00,,未,生,,前,大
46,2012,id05_13_15,東京都１５区,-,3,18667,7.8,吉田年男,男,1948/2/15 0:00,,共,,,新,
46,2012,id05_13_16,東京都１６区,当,1,95222,38,大西英男,男,1946/8/28 0:00,1,自,,,新,公
46,2012,id05_13_16,東京都１６区,-,3,46537,18.6,中津川博郷,男,1949/4/12 0:00,,維,民,,前,
46,2012,id05_13_16,東京都１６区,-,3,43179,17.2,上田令子,女,1965/5/21 0:00,,み,,,新,
46,2012,id05_13_16,東京都１６区,-,3,27525,11,初鹿明博,男,1969/4/15 0:00,,未,みど,,前,大
46,2012,id05_13_16,東京都１６区,-,3,22741,9.1,今野克義,男,1972/7/12 0:00,,民,,,新,国
46,2012,id05_13_16,東京都１６区,-,3,15145,6,島長香代子,女,1949/9/1 0:00,,共,,,新,
46,2012,id05_13_17,東京都１７区,当,1,131471,55.1,平沢勝栄,男,1945/9/4 0:00,6,自,山,近未来,前,
46,2012,id05_13_17,東京都１７区,-,3,45285,19,小林等,男,1973/1/24 0:00,,維,民,,新,み
46,2012,id05_13_17,東京都１７区,-,3,37592,15.8,早川久美子,女,1971/1/18 0:00,,民,,,前,国
46,2012,id05_13_17,東京都１７区,-,3,24181,10.1,新井杉生,男,1959/2/10 0:00,,共,,,新,
46,2012,id05_13_18,東京都１８区,当,1,84078,32.2,土屋正忠,男,1942/1/13 0:00,2,自,,,元,公・改
46,2012,id05_13_18,東京都１８区,比当,2,73942,28.3,菅直人,男,1946/10/10 0:00,,民,,,前,国
46,2012,id05_13_18,東京都１８区,-,3,44828,17.2,横粂勝仁,男,1981/9/10 0:00,,無,民,,前,
46,2012,id05_13_18,東京都１８区,-,3,28837,11,五十嵐勝哉,男,1967/1/6 0:00,,維,太,,新,
46,2012,id05_13_18,東京都１８区,-,3,15873,6.1,杉村康之,男,1969/2/19 0:00,,未,生,,新,大
46,2012,id05_13_18,東京都１８区,-,3,13419,5.1,柳孝義,男,1961/6/4 0:00,,共,,,新,
46,2012,id05_13_19,東京都１９区,当,1,101362,34.4,松本洋平,男,1973/8/31 0:00,2,自,伊,志帥会,元,
46,2012,id05_13_19,東京都１９区,-,3,81490,27.6,末松義規,男,1956/12/5 0:00,,民,,,前,国
46,2012,id05_13_19,東京都１９区,比当,2,64857,22,山田宏,男,1958/1/8 0:00,,維,,,元,み
46,2012,id05_13_19,東京都１９区,-,3,24660,8.4,井手重美津子,女,1964/1/20 0:00,,共,,,新,
46,2012,id05_13_19,東京都１９区,-,3,22445,7.6,渡辺浩一郎,男,1944/5/31 0:00,,未,生,,前,大
46,2012,id05_13_20,東京都２０区,当,1,98070,40.4,木原誠二,男,1970/6/8 0:00,2,自,岸,宏池会,元,公
46,2012,id05_13_20,東京都２０区,-,3,61519,25.3,加藤公一,男,1964/4/6 0:00,,民,,,前,国
46,2012,id05_13_20,東京都２０区,-,3,50031,20.6,野田数,男,1973/8/27 0:00,,維,自,,新,
46,2012,id05_13_20,東京都２０区,-,3,33092,13.6,池田真理子,女,1954/10/28 0:00,,共,,,新,
46,2012,id05_13_21,東京都２１区,当,1,82831,36.5,長島昭久,男,1962/2/17 0:00,4,民,,,前,国
46,2012,id05_13_21,東京都２１区,比当,2,70070,30.8,小田原潔,男,1964/5/23 0:00,,自,,,新,公
46,2012,id05_13_21,東京都２１区,-,3,36734,16.2,佐々木理江,女,1982/8/24 0:00,,維,,,新,
46,2012,id05_13_21,東京都２１区,-,3,21762,9.6,吉岡正史,男,1974/2/5 0:00,,共,,,新,
46,2012,id05_13_21,東京都２１区,-,3,11408,5,藤田祐司,男,1952/12/6 0:00,,未,,,新,大
46,2012,id05_13_21,東京都２１区,-,3,4413,1.9,谷川博之,男,1970/1/13 0:00,,無,,,新,
46,2012,id05_13_22,東京都２２区,当,1,115290,40,伊藤達也,男,1961/7/6 0:00,6,自,,,元,
46,2012,id05_13_22,東京都２２区,-,3,66210,23,山花郁夫,男,1967/1/18 0:00,,民,,,前,国
46,2012,id05_13_22,東京都２２区,-,3,40698,14.1,鹿野晃,男,1973/2/15 0:00,,維,太,,新,
46,2012,id05_13_22,東京都２２区,-,3,37805,13.1,津山謙,男,1973/1/23 0:00,,み,,,新,
46,2012,id05_13_22,東京都２２区,-,3,25740,8.9,坂内淳,男,1961/9/19 0:00,,共,,,新,
46,2012,id05_13_22,東京都２２区,-,3,2180,0.8,井原義博,男,1955/3/3 0:00,,諸,,,新,
46,2012,id05_13_23,東京都２３区,当,1,87192,30.2,小倉将信,男,1981/5/30 0:00,1,自,,,新,公
46,2012,id05_13_23,東京都２３区,-,3,63969,22.1,櫛渕万里,女,1967/10/15 0:00,,民,,,前,国
46,2012,id05_13_23,東京都２３区,-,3,59166,20.5,伊藤俊輔,男,1979/8/5 0:00,,維,,,新,
46,2012,id05_13_23,東京都２３区,-,3,39676,13.7,白川哲也,男,1981/9/29 0:00,,み,,,新,
46,2012,id05_13_23,東京都２３区,-,3,21006,7.3,松村亮佑,男,1980/6/25 0:00,,共,,,新,
46,2012,id05_13_23,東京都２３区,-,3,18125,6.3,石井貴士,男,1973/9/25 0:00,,未,,,新,大
46,2012,id05_13_24,東京都２４区,当,1,121433,44.2,萩生田光一,男,1963/8/31 0:00,3,自,町,清和会,元,公
46,2012,id05_13_24,東京都２４区,-,3,60784,22.1,阿久津幸彦,男,1956/6/26 0:00,,民,,,前,国
46,2012,id05_13_24,東京都２４区,-,3,40922,14.9,小林弘幸,男,1972/5/27 0:00,,み,,,新,
46,2012,id05_13_24,東京都２４区,-,3,30042,10.9,藤井義裕,男,1975/6/10 0:00,,維,,,新,
46,2012,id05_13_24,東京都２４区,-,3,21448,7.8,峯岸益生,男,1948/8/14 0:00,,共,,,新,
46,2012,id05_13_25,東京都２５区,当,1,100523,54.4,井上信治,男,1969/10/7 0:00,4,自,麻,志公会,前,公・改
46,2012,id05_13_25,東京都２５区,-,3,28751,15.5,竹田光明,男,1955/8/13 0:00,,民,,,前,国
46,2012,id05_13_25,東京都２５区,-,3,27258,14.7,松本鉄平,男,1977/12/26 0:00,,維,,,新,
46,2012,id05_13_25,東京都２５区,-,3,17720,9.6,井上宣,男,1973/12/22 0:00,,共,,,新,
46,2012,id05_13_25,東京都２５区,-,3,10689,5.8,真砂太郎,男,1956/5/17 0:00,,未,国,,新,大
46,2012,id06_15_01,新潟県１区,当,1,97010,44.1,石崎徹,男,1984/1/25 0:00,1,自,,,新,公
46,2012,id06_15_01,新潟県１区,-,3,78283,35.6,西村智奈美,女,1967/1/13 0:00,,民,,,前,国
46,2012,id06_15_01,新潟県１区,-,3,27749,12.6,内山航,男,1981/6/11 0:00,,未,生,,新,大
46,2012,id06_15_01,新潟県１区,-,3,17071,7.8,武田勝利,男,1964/1/2 0:00,,共,,,新,
46,2012,id06_15_02,新潟県２区,当,1,81537,45.5,細田健一,男,1964/7/11 0:00,1,自,,,新,公
46,2012,id06_15_02,新潟県２区,比当,2,69389,38.7,鷲尾英一郎,男,1977/1/3 0:00,,民,,,前,国
46,2012,id06_15_02,新潟県２区,-,3,18169,10.1,渡辺英明,男,1950/4/25 0:00,,社,,,新,
46,2012,id06_15_02,新潟県２区,-,3,10042,5.6,宮路敏裕,男,1958/1/8 0:00,,共,,,新,
46,2012,id06_15_03,新潟県３区,当,1,92280,50.2,斎藤洋明,男,1976/12/8 0:00,1,自,麻,志公会,新,公
46,2012,id06_15_03,新潟県３区,-,3,76135,41.4,黒岩宇洋,男,1966/10/13 0:00,,民,,,前,国
46,2012,id06_15_03,新潟県３区,-,3,11465,6.2,田中真一,男,1962/3/8 0:00,,共,,,新,
46,2012,id06_15_03,新潟県３区,-,3,4075,2.2,三村誉一,男,1946/9/18 0:00,,無,,,新,
46,2012,id06_15_04,新潟県４区,当,1,80514,42.6,金子恵美,女,1978/2/27 0:00,1,自,,,新,公
46,2012,id06_15_04,新潟県４区,比当,2,66457,35.2,菊田真紀子,女,1969/10/24 0:00,,民,,,前,国
46,2012,id06_15_04,新潟県４区,-,3,32181,17,栗原博久,男,1947/3/23 0:00,,維,自,,元,
46,2012,id06_15_04,新潟県４区,-,3,9908,5.2,西沢博,男,1980/6/4 0:00,,共,,,新,
46,2012,id06_15_05,新潟県５区,当,1,80488,45.7,長島忠美,男,1951/1/9 0:00,3,自,伊,志帥会,前,公
46,2012,id06_15_05,新潟県５区,-,3,51503,29.3,田中真紀子,女,1944/1/14 0:00,,民,,,前,国
46,2012,id06_15_05,新潟県５区,-,3,35720,20.3,米山隆一,男,1967/9/8 0:00,,維,,,新,み
46,2012,id06_15_05,新潟県５区,-,3,8296,4.7,服部耕一,男,1969/9/23 0:00,,共,,,新,
46,2012,id06_15_06,新潟県６区,当,1,98676,55.1,高鳥修一,男,1960/9/29 0:00,2,自,町,清和会,元,公
46,2012,id06_15_06,新潟県６区,-,3,66564,37.2,筒井信隆,男,1944/11/10 0:00,,民,,,前,国
46,2012,id06_15_06,新潟県６区,-,3,13914,7.8,高橋ミキ子,女,1959/9/19 0:00,,共,,,新,
46,2012,id06_16_01,富山県１区,当,1,70268,48.6,田畑裕明,男,1973/1/2 0:00,1,自,,,新,公
46,2012,id06_16_01,富山県１区,-,3,43072,29.8,村井宗明,男,1973/5/30 0:00,,民,,,前,
46,2012,id06_16_01,富山県１区,-,3,24370,16.8,吉田豊史,男,1970/4/10 0:00,,無,自,,新,維・み
46,2012,id06_16_01,富山県１区,-,3,7023,4.9,山田哲男,男,1947/10/20 0:00,,共,,,新,
46,2012,id06_16_02,富山県２区,当,1,102251,75,宮腰光寛,男,1950/12/21 0:00,6,自,岸,宏池会,前,公
46,2012,id06_16_02,富山県２区,-,3,25396,18.6,東篤,男,1960/5/21 0:00,,社,,,新,
46,2012,id06_16_02,富山県２区,-,3,8646,6.3,高橋渡,男,1963/2/3 0:00,,共,,,新,
46,2012,id06_16_03,富山県３区,当,1,162891,77.1,橘慶一郎,男,1961/1/23 0:00,2,自,,,前,公・改
46,2012,id06_16_03,富山県３区,-,3,35024,16.6,朴沢宏明,男,1975/4/23 0:00,,民,,,新,
46,2012,id06_16_03,富山県３区,-,3,13400,6.3,泉野和之,男,1957/5/4 0:00,,共,,,新,
46,2012,id06_17_01,石川県１区,当,1,99544,47.9,馳浩,男,1961/5/5 0:00,5,自,町,清和会,前,公・改
46,2012,id06_17_01,石川県１区,-,3,47582,22.9,奥田建,男,1959/1/16 0:00,,民,,,前,国
46,2012,id06_17_01,石川県１区,-,3,41207,19.8,小間井俊輔,男,1981/7/25 0:00,,維,,,新,み
46,2012,id06_17_01,石川県１区,-,3,10629,5.1,熊野盛夫,男,1970/1/10 0:00,,未,,,新,大
46,2012,id06_17_01,石川県１区,-,3,8969,4.3,黒崎清則,男,1948/2/5 0:00,,共,,,新,
46,2012,id06_17_02,石川県２区,当,1,123283,64.5,佐々木紀,男,1974/10/18 0:00,1,自,,,新,公・改
46,2012,id06_17_02,石川県２区,-,3,37601,19.7,宮本啓子,女,1947/11/7 0:00,,民,,,新,国
46,2012,id06_17_02,石川県２区,-,3,17161,9,細野祐治,男,1953/2/1 0:00,,社,,,新,
46,2012,id06_17_02,石川県２区,-,3,13184,6.9,西村祐士,男,1954/10/1 0:00,,共,,,新,
46,2012,id06_17_03,石川県３区,当,1,89266,54.4,北村茂男,男,1945/11/8 0:00,3,自,町,清和会,前,公
46,2012,id06_17_03,石川県３区,-,3,62543,38.1,近藤和也,男,1973/12/12 0:00,,民,,,前,国
46,2012,id06_17_03,石川県３区,-,3,12147,7.4,渡辺裕子,女,1985/5/10 0:00,,共,,,新,
46,2012,id06_18_01,福井県１区,当,1,68027,52.6,稲田朋美,女,1959/2/20 0:00,3,自,町,清和会,前,公
46,2012,id06_18_01,福井県１区,-,3,29622,22.9,鈴木宏治,男,1973/11/25 0:00,,維,民,,新,み
46,2012,id06_18_01,福井県１区,-,3,22985,17.8,笹木竜三,男,1956/11/27 0:00,,民,,,前,
46,2012,id06_18_01,福井県１区,-,3,6014,4.7,金元幸枝,女,1958/3/20 0:00,,共,,,新,
46,2012,id06_18_01,福井県１区,-,3,2681,2.1,山崎隆敏,男,1949/2/25 0:00,,社,,,新,
46,2012,id06_18_02,福井県２区,当,1,68126,52.9,山本拓,男,1952/7/7 0:00,6,自,,,前,公
46,2012,id06_18_02,福井県２区,-,3,38354,29.8,糸川正晃,男,1974/12/21 0:00,,民,,,前,国
46,2012,id06_18_02,福井県２区,-,3,17067,13.2,武田将一朗,男,1970/7/3 0:00,,み,,,新,維
46,2012,id06_18_02,福井県２区,-,3,5273,4.1,藤岡繁樹,男,1951/2/10 0:00,,共,,,新,
46,2012,id06_18_03,福井県３区,当,1,77543,57.9,高木毅,男,1956/1/16 0:00,5,自,町,清和会,前,公
46,2012,id06_18_03,福井県３区,-,3,28364,21.2,松宮勲,男,1944/5/28 0:00,,民,,,前,国
46,2012,id06_18_03,福井県３区,-,3,20972,15.7,塚本崇,男,1974/6/6 0:00,,維,,,新,み
46,2012,id06_18_03,福井県３区,-,3,7048,5.3,山本雅彦,男,1957/3/22 0:00,,共,,,新,
46,2012,id06_20_01,長野県１区,当,1,89400,36.6,篠原孝,男,1948/7/17 0:00,4,民,,,前,国
46,2012,id06_20_01,長野県１区,比当,2,79860,32.7,小松裕,男,1961/12/3 0:00,,自,,,新,公
46,2012,id06_20_01,長野県１区,比当,2,47870,19.6,宮沢隆仁,男,1955/2/10 0:00,,維,,,新,み
46,2012,id06_20_01,長野県１区,-,3,27119,11.1,武田良介,男,1979/8/13 0:00,,共,,,新,
46,2012,id06_20_02,長野県２区,当,1,93092,39.5,務台俊介,男,1956/7/3 0:00,1,自,,,新,公
46,2012,id06_20_02,長野県２区,-,3,64278,27.3,下条みつ,男,1955/12/29 0:00,,民,,,前,国
46,2012,id06_20_02,長野県２区,比当,2,49489,21,百瀬智之,男,1983/2/4 0:00,,維,,,新,み
46,2012,id06_20_02,長野県２区,-,3,26626,11.3,北村正弘,男,1962/10/27 0:00,,共,,,新,
46,2012,id06_20_02,長野県２区,-,3,2239,0.9,味岡淳二,男,1959/1/22 0:00,,諸,,,新,
46,2012,id06_20_03,長野県３区,当,1,69843,27.8,寺島義幸,男,1953/8/28 0:00,1,民,,,新,国
46,2012,id06_20_03,長野県３区,比当,2,67750,26.9,井出庸生,男,1977/11/21 0:00,,み,,,新,
46,2012,id06_20_03,長野県３区,比当,2,62539,24.9,木内均,男,1964/8/3 0:00,,自,,,新,
46,2012,id06_20_03,長野県３区,-,3,29905,11.9,井出泰介,男,1968/4/10 0:00,,維,,,新,
46,2012,id06_20_03,長野県３区,-,3,21433,8.5,岩谷昇介,男,1953/10/17 0:00,,共,,,新,
46,2012,id06_20_04,長野県４区,当,1,68083,43.9,後藤茂之,男,1955/12/9 0:00,4,自,,,元,公
46,2012,id06_20_04,長野県４区,-,3,47089,30.3,矢崎公二,男,1959/9/26 0:00,,民,,,前,国
46,2012,id06_20_04,長野県４区,-,3,20462,13.2,三浦茂樹,男,1969/2/27 0:00,,未,生,,新,大
46,2012,id06_20_04,長野県４区,-,3,19552,12.6,上田秀昭,男,1954/7/3 0:00,,共,,,新,
46,2012,id06_20_05,長野県５区,当,1,99225,52.3,宮下一郎,男,1958/8/1 0:00,3,自,町,清和会,元,
46,2012,id06_20_05,長野県５区,-,3,30737,16.2,加藤学,男,1968/12/17 0:00,,未,生,,前,大
46,2012,id06_20_05,長野県５区,-,3,26079,13.7,花岡明久,男,1979/11/4 0:00,,民,,,新,
46,2012,id06_20_05,長野県５区,-,3,18723,9.9,三沢好夫,男,1944/2/29 0:00,,共,,,新,
46,2012,id06_20_05,長野県５区,-,3,15135,8,池田幸代,女,1972/1/13 0:00,,社,,,新,
46,2012,id07_21_01,岐阜県１区,当,1,90164,49.9,野田聖子,女,1960/9/3 0:00,7,自,,,前,公
46,2012,id07_21_01,岐阜県１区,-,3,54254,30,柴橋正直,男,1979/7/3 0:00,,民,,,前,
46,2012,id07_21_01,岐阜県１区,-,3,21294,11.8,笠原多見子,女,1965/4/30 0:00,,未,生,,前,大
46,2012,id07_21_01,岐阜県１区,-,3,12687,7,鈴木正典,男,1963/9/1 0:00,,共,,,新,
46,2012,id07_21_01,岐阜県１区,-,3,2179,1.2,野原典子,女,1956/10/30 0:00,,諸,,,新,
46,2012,id07_21_02,岐阜県２区,当,1,114983,63.4,棚橋泰文,男,1963/2/11 0:00,6,自,,,前,公
46,2012,id07_21_02,岐阜県２区,-,3,31622,17.4,橋本勉,男,1953/8/21 0:00,,未,減,,前,大
46,2012,id07_21_02,岐阜県２区,-,3,22790,12.6,堀誠,男,1973/11/9 0:00,,民,,,新,国
46,2012,id07_21_02,岐阜県２区,-,3,11855,6.5,高木光弘,男,1959/8/16 0:00,,共,,,新,
46,2012,id07_21_03,岐阜県３区,当,1,120865,50.8,武藤容治,男,1955/10/18 0:00,2,自,麻,志公会,元,公
46,2012,id07_21_03,岐阜県３区,-,3,70107,29.5,園田康博,男,1967/6/9 0:00,,民,,,前,国
46,2012,id07_21_03,岐阜県３区,-,3,30893,13,木村周二,男,1957/3/12 0:00,,未,,,新,大
46,2012,id07_21_03,岐阜県３区,-,3,15979,6.7,服部頼義,男,1958/3/3 0:00,,共,,,新,
46,2012,id07_21_04,岐阜県４区,当,1,121761,53.1,金子一義,男,1942/12/20 0:00,9,自,岸,宏池会,前,公
46,2012,id07_21_04,岐阜県４区,比当,2,59449,25.9,今井雅人,男,1962/2/21 0:00,,維,民,,前,み
46,2012,id07_21_04,岐阜県４区,-,3,32403,14.1,熊崎陽一,男,1987/9/18 0:00,,民,,,新,国
46,2012,id07_21_04,岐阜県４区,-,3,15808,6.9,日下部俊雄,男,1948/2/4 0:00,,共,,,新,
46,2012,id07_21_05,岐阜県５区,当,1,98718,55.6,古屋圭司,男,1952/11/1 0:00,8,自,,,前,公
46,2012,id07_21_05,岐阜県５区,-,3,55283,31.1,阿知波吉信,男,1963/6/21 0:00,,民,,,前,
46,2012,id07_21_05,岐阜県５区,-,3,18837,10.6,井上諭,男,1967/10/12 0:00,,共,,,新,
46,2012,id07_21_05,岐阜県５区,-,3,4789,2.7,加納有輝彦,男,1960/9/12 0:00,,諸,,,新,
46,2012,id07_22_01,静岡県１区,当,1,81278,36.2,上川陽子,女,1953/3/1 0:00,4,自,岸,宏池会,元,公
46,2012,id07_22_01,静岡県１区,-,3,53773,23.9,牧野聖修,男,1945/5/4 0:00,,民,,,前,国
46,2012,id07_22_01,静岡県１区,-,3,41479,18.5,尾崎剛司,男,1976/7/11 0:00,,維,,,新,
46,2012,id07_22_01,静岡県１区,比当,2,34457,15.3,小池政就,男,1974/6/23 0:00,,み,,,新,
46,2012,id07_22_01,静岡県１区,-,3,13646,6.1,河瀬幸代,女,1951/3/14 0:00,,共,,,新,
46,2012,id07_22_02,静岡県２区,当,1,108510,43.9,井林辰憲,男,1976/7/18 0:00,1,自,,,新,
46,2012,id07_22_02,静岡県２区,-,3,77426,31.3,津川祥吾,男,1972/1/25 0:00,,民,,,前,国
46,2012,id07_22_02,静岡県２区,-,3,47877,19.4,諸田洋之,男,1966/9/5 0:00,,維,,,新,み
46,2012,id07_22_02,静岡県２区,-,3,13588,5.5,四ツ谷恵,女,1952/10/11 0:00,,共,,,新,
46,2012,id07_22_03,静岡県３区,当,1,94477,40.3,宮沢博行,男,1975/1/10 0:00,1,自,,,新,公
46,2012,id07_22_03,静岡県３区,比当,2,63931,27.3,鈴木望,男,1949/4/20 0:00,,維,,,新,み
46,2012,id07_22_03,静岡県３区,-,3,62259,26.5,小山展弘,男,1975/12/26 0:00,,民,,,前,国
46,2012,id07_22_03,静岡県３区,-,3,13870,5.9,岡村哲志,男,1950/11/22 0:00,,共,,,新,
46,2012,id07_22_04,静岡県４区,当,1,101048,53.1,望月義夫,男,1947/5/2 0:00,6,自,岸,宏池会,前,公
46,2012,id07_22_04,静岡県４区,-,3,60989,32.1,田村謙治,男,1968/3/19 0:00,,民,,,前,国
46,2012,id07_22_04,静岡県４区,-,3,16043,8.4,小林正枝,女,1971/11/8 0:00,,未,生,,前,大
46,2012,id07_22_04,静岡県４区,-,3,12087,6.4,藤浪義浩,男,1947/8/6 0:00,,共,,,新,
46,2012,id07_22_05,静岡県５区,当,1,156887,59,細野豪志,男,1971/8/21 0:00,5,民,,,前,国
46,2012,id07_22_05,静岡県５区,比当,2,84800,31.9,吉川赳,男,1982/4/7 0:00,,自,,,新,
46,2012,id07_22_05,静岡県５区,-,3,15526,5.8,大庭桃子,女,1956/3/29 0:00,,共,,,新,
46,2012,id07_22_05,静岡県５区,-,3,8802,3.3,石下久雄,男,1954/6/20 0:00,,無,,,新,
46,2012,id07_22_06,静岡県６区,当,1,116084,45.6,渡辺周,男,1961/12/11 0:00,6,民,,,前,国
46,2012,id07_22_06,静岡県６区,比当,2,103967,40.8,勝俣孝明,男,1976/4/7 0:00,,自,,,新,
46,2012,id07_22_06,静岡県６区,-,3,20169,7.9,日吉雄太,男,1968/8/7 0:00,,未,生,,新,大
46,2012,id07_22_06,静岡県６区,-,3,14423,5.7,井口昌彦,男,1954/7/23 0:00,,共,,,新,
46,2012,id07_22_07,静岡県７区,当,1,125315,59.6,城内実,男,1965/4/19 0:00,3,自,,,前,公
46,2012,id07_22_07,静岡県７区,-,3,40452,19.2,斉木武志,男,1974/5/13 0:00,,民,,,前,
46,2012,id07_22_07,静岡県７区,-,3,29966,14.3,河合純一,男,1975/4/19 0:00,,み,,,新,維
46,2012,id07_22_07,静岡県７区,-,3,7413,3.5,落合勝二,男,1944/8/3 0:00,,共,,,新,
46,2012,id07_22_07,静岡県７区,-,3,7105,3.4,野末修治,男,1955/2/21 0:00,,未,生,,新,大
46,2012,id07_22_08,静岡県８区,当,1,97125,44.4,塩谷立,男,1950/2/18 0:00,7,自,町,清和会,前,公
46,2012,id07_22_08,静岡県８区,-,3,58928,26.9,源馬謙太郎,男,1972/12/21 0:00,,維,民,,新,み
46,2012,id07_22_08,静岡県８区,-,3,38546,17.6,斉藤進,男,1970/11/8 0:00,,民,,,前,国
46,2012,id07_22_08,静岡県８区,-,3,13297,6.1,平賀高成,男,1954/5/7 0:00,,共,,,元,
46,2012,id07_22_08,静岡県８区,-,3,10812,4.9,太田真平,男,1986/10/12 0:00,,未,生,,新,大
46,2012,id07_23_01,愛知県１区,当,1,77215,40.7,熊田裕通,男,1964/8/28 0:00,1,自,,,新,公・改
46,2012,id07_23_01,愛知県１区,-,3,60293,31.8,佐藤夕子,女,1963/1/6 0:00,,未,減,,前,大
46,2012,id07_23_01,愛知県１区,-,3,36578,19.3,吉田統彦,男,1974/11/14 0:00,,民,,,前,国
46,2012,id07_23_01,愛知県１区,-,3,15512,8.2,大野宙光,男,1963/9/6 0:00,,共,,,新,
46,2012,id07_23_02,愛知県２区,当,1,94058,44.8,古川元久,男,1965/12/6 0:00,6,民,,,前,国
46,2012,id07_23_02,愛知県２区,比当,2,67086,31.9,東郷哲也,男,1971/4/17 0:00,,自,,,新,
46,2012,id07_23_02,愛知県２区,-,3,31974,15.2,真野哲,男,1961/6/14 0:00,,未,,,新,大
46,2012,id07_23_02,愛知県２区,-,3,16991,8.1,黒田二郎,男,1948/3/16 0:00,,共,,,新,
46,2012,id07_23_03,愛知県３区,当,1,77700,36.7,池田佳隆,男,1966/6/20 0:00,1,自,町,清和会,新,改
46,2012,id07_23_03,愛知県３区,比当,2,73927,34.9,近藤昭一,男,1958/5/26 0:00,,民,,,前,国
46,2012,id07_23_03,愛知県３区,-,3,39861,18.8,磯浦東,男,1974/8/18 0:00,,未,,,新,大
46,2012,id07_23_03,愛知県３区,-,3,20421,9.6,石川寿,男,1965/6/11 0:00,,共,,,新,
46,2012,id07_23_04,愛知県４区,当,1,63932,34,工藤彰三,男,1964/12/8 0:00,1,自,伊,志帥会,新,
46,2012,id07_23_04,愛知県４区,-,3,41730,22.2,牧義夫,男,1958/1/14 0:00,,未,生,,前,大
46,2012,id07_23_04,愛知県４区,-,3,33144,17.6,山本洋一,男,1978/7/20 0:00,,維,,,新,み
46,2012,id07_23_04,愛知県４区,-,3,30731,16.4,刀禰勝之,男,1970/8/27 0:00,,民,,,新,
46,2012,id07_23_04,愛知県４区,-,3,18351,9.8,西田敏子,女,1954/7/20 0:00,,共,,,新,
46,2012,id07_23_05,愛知県５区,当,1,67218,32,神田憲次,男,1963/2/19 0:00,1,自,,,新,
46,2012,id07_23_05,愛知県５区,比当,2,65423,31.1,赤松広隆,男,1948/5/3 0:00,,民,,,前,国
46,2012,id07_23_05,愛知県５区,-,3,37806,18,小山憲一,男,1960/8/7 0:00,,維,,,新,み
46,2012,id07_23_05,愛知県５区,-,3,23609,11.2,前田雄吉,男,1960/1/8 0:00,,未,減,,元,大
46,2012,id07_23_05,愛知県５区,-,3,16206,7.7,藤井博樹,男,1977/8/6 0:00,,共,,,新,
46,2012,id07_23_06,愛知県６区,当,1,113991,49.1,丹羽秀樹,男,1972/12/20 0:00,3,自,大,有隣会,前,公
46,2012,id07_23_06,愛知県６区,-,3,56644,24.4,天野正基,男,1970/3/19 0:00,,民,,,新,国
46,2012,id07_23_06,愛知県６区,-,3,37200,16,水野智彦,男,1956/1/25 0:00,,未,減,,前,大
46,2012,id07_23_06,愛知県６区,-,3,24203,10.4,柳沢けさ美,女,1950/3/19 0:00,,共,,,新,
46,2012,id07_23_07,愛知県７区,当,1,110390,42.8,鈴木淳司,男,1958/4/7 0:00,3,自,町,清和会,元,公
46,2012,id07_23_07,愛知県７区,-,3,92398,35.9,山尾志桜里,女,1974/7/24 0:00,,民,,,前,国
46,2012,id07_23_07,愛知県７区,-,3,39141,15.2,正木裕美,女,1981/10/20 0:00,,未,,,新,大
46,2012,id07_23_07,愛知県７区,-,3,15732,6.1,郷右近修,男,1978/3/18 0:00,,共,,,新,
46,2012,id07_23_08,愛知県８区,当,1,115407,46.7,伊藤忠彦,男,1964/7/11 0:00,2,自,伊,志帥会,元,公
46,2012,id07_23_08,愛知県８区,-,3,81078,32.8,伴野豊,男,1961/1/1 0:00,,民,,,前,国
46,2012,id07_23_08,愛知県８区,-,3,33693,13.6,増田成美,女,1973/8/21 0:00,,未,,,新,大
46,2012,id07_23_08,愛知県８区,-,3,16806,6.8,長友忠弘,男,1959/1/16 0:00,,共,,,新,
46,2012,id07_23_09,愛知県９区,当,1,93757,39.4,長坂康正,男,1957/4/10 0:00,1,自,,,新,公
46,2012,id07_23_09,愛知県９区,-,3,62033,26.1,岡本充功,男,1971/6/18 0:00,,民,,,前,国
46,2012,id07_23_09,愛知県９区,-,3,46739,19.6,中野正康,男,1967/1/27 0:00,,維,,,新,み
46,2012,id07_23_09,愛知県９区,-,3,20244,8.5,井桁亮,男,1969/9/1 0:00,,未,生,,新,大
46,2012,id07_23_09,愛知県９区,-,3,15186,6.4,松崎省三,男,1946/8/3 0:00,,共,,,新,
46,2012,id07_23_10,愛知県１０区,当,1,96548,41.4,江崎鉄磨,男,1943/9/17 0:00,5,自,伊,志帥会,元,公
46,2012,id07_23_10,愛知県１０区,比当,2,60563,26,杉本和巳,男,1960/9/17 0:00,,み,民,,前,維・改
46,2012,id07_23_10,愛知県１０区,-,3,33459,14.4,松尾和弥,男,1973/9/11 0:00,,民,,,新,国
46,2012,id07_23_10,愛知県１０区,-,3,25671,11,高橋一,男,1960/11/11 0:00,,未,,,新,大
46,2012,id07_23_10,愛知県１０区,-,3,16751,7.2,板倉正文,男,1958/4/10 0:00,,共,,,新,
46,2012,id07_23_11,愛知県１１区,当,1,126724,51.9,古本伸一郎,男,1965/3/11 0:00,4,民,,,前,国
46,2012,id07_23_11,愛知県１１区,比当,2,91164,37.3,八木哲也,男,1947/8/10 0:00,,自,,,新,
46,2012,id07_23_11,愛知県１１区,-,3,14670,6,渡辺裕,男,1980/8/11 0:00,,共,,,新,
46,2012,id07_23_11,愛知県１１区,-,3,11807,4.8,中根裕美,女,1974/7/4 0:00,,諸,,,新,
46,2012,id07_23_12,愛知県１２区,当,1,91816,32.3,青山周平,男,1977/4/28 0:00,1,自,町,清和会,新,
46,2012,id07_23_12,愛知県１２区,比当,2,82363,29,中根康浩,男,1962/8/17 0:00,,民,,,前,国
46,2012,id07_23_12,愛知県１２区,比当,2,69198,24.4,重徳和彦,男,1970/12/21 0:00,,維,,,新,み
46,2012,id07_23_12,愛知県１２区,-,3,30850,10.9,都築譲,男,1950/9/23 0:00,,未,,,元,大
46,2012,id07_23_12,愛知県１２区,-,3,9687,3.4,若山晴史,男,1948/6/15 0:00,,共,,,新,
46,2012,id07_23_13,愛知県１３区,当,1,98670,40.3,大見正,男,1958/6/20 0:00,1,自,,,新,
46,2012,id07_23_13,愛知県１３区,比当,2,97187,39.7,大西健介,男,1971/4/13 0:00,,民,,,前,国
46,2012,id07_23_13,愛知県１３区,-,3,37405,15.3,小林興起,男,1944/1/1 0:00,,未,減,,前,大
46,2012,id07_23_13,愛知県１３区,-,3,11514,4.7,宮地勲,男,1954/5/19 0:00,,共,,,新,
46,2012,id07_23_14,愛知県１４区,当,1,71881,44.7,今枝宗一郎,男,1984/2/18 0:00,1,自,,,新,
46,2012,id07_23_14,愛知県１４区,比当,2,59353,36.9,鈴木克昌,男,1943/11/14 0:00,,未,生,,前,大
46,2012,id07_23_14,愛知県１４区,-,3,20124,12.5,磯谷香代子,女,1965/10/15 0:00,,民,,,前,
46,2012,id07_23_14,愛知県１４区,-,3,9283,5.8,稲生俊郎,男,1958/10/7 0:00,,共,,,新,
46,2012,id07_23_15,愛知県１５区,当,1,73521,36.6,根本幸典,男,1965/2/21 0:00,1,自,町,清和会,新,
46,2012,id07_23_15,愛知県１５区,-,3,49053,24.4,森本和義,男,1966/6/16 0:00,,民,,,前,国
46,2012,id07_23_15,愛知県１５区,-,3,39018,19.4,近藤剛,男,1965/1/1 0:00,,維,,,新,み
46,2012,id07_23_15,愛知県１５区,-,3,21112,10.5,杉田元司,男,1951/7/28 0:00,,無,,,元,
46,2012,id07_23_15,愛知県１５区,-,3,10404,5.2,串田真吾,男,1976/1/15 0:00,,共,,,新,
46,2012,id07_23_15,愛知県１５区,-,3,7927,3.9,豊田八千代,女,1949/1/16 0:00,,社,,,新,
46,2012,id07_24_01,三重県１区,当,1,88989,47.3,川崎二郎,男,1947/11/15 0:00,10,自,,,前,公
46,2012,id07_24_01,三重県１区,-,3,54970,29.2,松田直久,男,1954/5/8 0:00,,維,,,新,
46,2012,id07_24_01,三重県１区,-,3,29041,15.4,橋本千晶,女,1968/3/19 0:00,,民,,,新,
46,2012,id07_24_01,三重県１区,-,3,15059,8,岡野恵美,女,1952/5/6 0:00,,共,,,新,
46,2012,id07_24_02,三重県２区,当,1,79908,43.1,中川正春,男,1950/6/10 0:00,6,民,,,前,国
46,2012,id07_24_02,三重県２区,比当,2,53375,28.8,島田佳和,男,1970/5/8 0:00,,自,,,新,
46,2012,id07_24_02,三重県２区,-,3,34644,18.7,珍道直人,男,1967/7/14 0:00,,維,,,新,み
46,2012,id07_24_02,三重県２区,-,3,13537,7.3,中野武史,男,1974/6/14 0:00,,共,,,新,
46,2012,id07_24_02,三重県２区,-,3,3756,2,今村昭一,男,1947/3/18 0:00,,無,,,新,
46,2012,id07_24_03,三重県３区,当,1,126679,64.1,岡田克也,男,1953/7/14 0:00,8,民,,,前,
46,2012,id07_24_03,三重県３区,比当,2,54903,27.8,桜井宏,男,1956/4/15 0:00,,自,,,新,
46,2012,id07_24_03,三重県３区,-,3,16009,8.1,釜井敏行,男,1982/1/23 0:00,,共,,,新,
46,2012,id07_24_04,三重県４区,当,1,86131,57.5,田村憲久,男,1964/12/15 0:00,6,自,額,平成研,前,公
46,2012,id07_24_04,三重県４区,-,3,51943,34.7,森本哲生,男,1949/9/29 0:00,,民,,,前,国
46,2012,id07_24_04,三重県４区,-,3,11636,7.8,中川民英,男,1967/9/16 0:00,,共,,,新,
46,2012,id07_24_05,三重県５区,当,1,101327,58.9,三ツ矢憲生,男,1950/12/13 0:00,4,自,岸,宏池会,前,公
46,2012,id07_24_05,三重県５区,-,3,56489,32.8,藤田大助,男,1976/9/26 0:00,,民,,,前,国
46,2012,id07_24_05,三重県５区,-,3,14293,8.3,内藤弘一,男,1964/4/15 0:00,,共,,,新,
46,2012,id08_25_01,滋賀県１区,当,1,67259,34.9,大岡敏孝,男,1972/4/16 0:00,1,自,,,新,公
46,2012,id08_25_01,滋賀県１区,-,3,60921,31.6,川端達夫,男,1945/1/24 0:00,,民,,,前,国
46,2012,id08_25_01,滋賀県１区,-,3,43003,22.3,奥村利樹,男,1963/9/9 0:00,,維,,,新,み
46,2012,id08_25_01,滋賀県１区,-,3,19643,10.2,節木三千代,女,1958/4/12 0:00,,共,,,新,
46,2012,id08_25_01,滋賀県１区,-,3,2048,1.1,西田幸光,男,1957/9/6 0:00,,無,,,新,
46,2012,id08_25_02,滋賀県２区,当,1,67182,43.3,上野賢一郎,男,1965/8/3 0:00,2,自,山,近未来,元,公
46,2012,id08_25_02,滋賀県２区,-,3,48924,31.5,田島一成,男,1962/6/15 0:00,,民,,,前,国
46,2012,id08_25_02,滋賀県２区,-,3,26978,17.4,世一良幸,男,1960/1/16 0:00,,み,,,新,維
46,2012,id08_25_02,滋賀県２区,-,3,12084,7.8,中川睦子,女,1958/1/1 0:00,,共,,,新,
46,2012,id08_25_03,滋賀県３区,当,1,57828,37.7,武村展英,男,1972/1/21 0:00,1,自,,,新,公
46,2012,id08_25_03,滋賀県３区,比当,2,53257,34.8,三日月大造,男,1971/5/24 0:00,,民,,,前,国
46,2012,id08_25_03,滋賀県３区,-,3,32281,21.1,久保田暁,男,1968/4/8 0:00,,維,,,新,み
46,2012,id08_25_03,滋賀県３区,-,3,9828,6.4,西川仁,男,1947/7/29 0:00,,共,,,新,
46,2012,id08_25_04,滋賀県４区,当,1,57049,32.8,武藤貴也,男,1979/5/25 0:00,1,自,,,新,公
46,2012,id08_25_04,滋賀県４区,比当,2,47715,27.4,岩永裕貴,男,1973/9/3 0:00,,維,,,新,み
46,2012,id08_25_04,滋賀県４区,-,3,44231,25.4,奥村展三,男,1944/8/10 0:00,,民,,,前,国
46,2012,id08_25_04,滋賀県４区,-,3,12674,7.3,西沢耕一,男,1978/1/1 0:00,,共,,,新,
46,2012,id08_25_04,滋賀県４区,-,3,12308,7.1,小西理,男,1958/8/22 0:00,,無,,,元,
46,2012,id08_26_01,京都府１区,当,1,69287,33.2,伊吹文明,男,1938/1/9 0:00,10,自,伊,志帥会,前,公
46,2012,id08_26_01,京都府１区,-,3,47273,22.7,田坂幾太,男,1952/2/23 0:00,,維,自,,新,
46,2012,id08_26_01,京都府１区,比当,2,41349,19.8,穀田恵二,男,1947/1/11 0:00,,共,,,前,
46,2012,id08_26_01,京都府１区,-,3,24591,11.8,平智之,男,1959/7/10 0:00,,み,民,,前,
46,2012,id08_26_01,京都府１区,-,3,24129,11.6,祐野恵,女,1979/4/20 0:00,,民,,,新,
46,2012,id08_26_01,京都府１区,-,3,1932,0.9,田部雄治,男,1976/4/20 0:00,,諸,,,新,
46,2012,id08_26_02,京都府２区,当,1,72170,49.4,前原誠司,男,1962/4/30 0:00,7,民,,,前,国
46,2012,id08_26_02,京都府２区,-,3,42017,28.7,上中康司,男,1962/8/6 0:00,,自,,,新,
46,2012,id08_26_02,京都府２区,-,3,24633,16.8,原俊史,男,1967/6/16 0:00,,共,,,新,
46,2012,id08_26_02,京都府２区,-,3,7416,5.1,佐藤大,男,1979/5/6 0:00,,社,,,新,
46,2012,id08_26_03,京都府３区,当,1,58951,31.6,宮崎謙介,男,1981/1/17 0:00,1,自,,,新,
46,2012,id08_26_03,京都府３区,比当,2,58735,31.5,泉健太,男,1974/7/29 0:00,,民,,,前,国
46,2012,id08_26_03,京都府３区,-,3,41996,22.5,山内成介,男,1965/9/28 0:00,,維,,,新,み
46,2012,id08_26_03,京都府３区,-,3,26674,14.3,石村和子,女,1949/12/21 0:00,,共,,,新,
46,2012,id08_26_04,京都府４区,当,1,73162,33.1,田中英之,男,1970/7/11 0:00,1,自,,,新,公
46,2012,id08_26_04,京都府４区,-,3,48934,22.2,北神圭朗,男,1967/2/1 0:00,,民,,,前,国
46,2012,id08_26_04,京都府４区,-,3,36587,16.6,畑本久仁枝,女,1954/11/23 0:00,,維,,,新,
46,2012,id08_26_04,京都府４区,-,3,25276,11.4,吉田幸一,男,1974/4/1 0:00,,共,,,新,
46,2012,id08_26_04,京都府４区,-,3,13283,6,石田哲雄,男,1950/11/23 0:00,,み,,,新,
46,2012,id08_26_04,京都府４区,-,3,12505,5.7,中川泰宏,男,1951/9/19 0:00,,無,自,,元,
46,2012,id08_26_04,京都府４区,-,3,9271,4.2,豊田潤多郎,男,1949/8/22 0:00,,未,生,,前,大
46,2012,id08_26_04,京都府４区,-,3,1745,0.8,和田美奈,女,1982/5/16 0:00,,諸,,,新,
46,2012,id08_26_05,京都府５区,当,1,87879,56.5,谷垣禎一,男,1945/3/7 0:00,11,自,,,前,公
46,2012,id08_26_05,京都府５区,-,3,39009,25.1,小原舞,女,1974/7/10 0:00,,民,,,前,
46,2012,id08_26_05,京都府５区,-,3,19225,12.4,吉田早由美,女,1950/11/21 0:00,,共,,,新,
46,2012,id08_26_05,京都府５区,-,3,9434,6.1,沼田憲男,男,1947/10/18 0:00,,未,,,新,大
46,2012,id08_26_06,京都府６区,当,1,89672,33.5,山井和則,男,1962/1/6 0:00,5,民,,,前,国
46,2012,id08_26_06,京都府６区,比当,2,80990,30.3,安藤裕,男,1965/3/28 0:00,,自,,,新,
46,2012,id08_26_06,京都府６区,-,3,69691,26.1,清水鴻一郎,男,1946/3/5 0:00,,維,み,,元,
46,2012,id08_26_06,京都府６区,-,3,26938,10.1,上條亮一,男,1986/2/22 0:00,,共,,,新,
46,2012,id08_27_01,大阪府１区,当,1,80230,38,井上英孝,男,1971/10/25 0:00,1,維,自,,新,
46,2012,id08_27_01,大阪府１区,-,3,55039,26.1,大西宏幸,男,1967/7/15 0:00,,自,,,新,
46,2012,id08_27_01,大阪府１区,-,3,22368,10.6,熊田篤嗣,男,1971/3/3 0:00,,未,減,,前,大
46,2012,id08_27_01,大阪府１区,-,3,20167,9.6,中馬弘毅,男,1936/10/8 0:00,,無,,,元,
46,2012,id08_27_01,大阪府１区,-,3,17281,8.2,吉川玲子,女,1961/11/27 0:00,,共,,,新,
46,2012,id08_27_01,大阪府１区,-,3,15878,7.5,吉羽美華,女,1980/7/26 0:00,,民,,,新,国
46,2012,id08_27_02,大阪府２区,当,1,80817,40,左藤章,男,1951/7/12 0:00,3,自,岸,宏池会,元,公
46,2012,id08_27_02,大阪府２区,比当,2,69200,34.2,西根由佳,女,1975/10/6 0:00,,維,,,新,み
46,2012,id08_27_02,大阪府２区,-,3,24193,12,山本陽子,女,1953/12/30 0:00,,共,,,新,
46,2012,id08_27_02,大阪府２区,-,3,16647,8.2,萩原仁,男,1967/9/12 0:00,,未,生,,前,大
46,2012,id08_27_02,大阪府２区,-,3,11359,5.6,川条志嘉,女,1970/1/25 0:00,,無,,,元,
46,2012,id08_27_03,大阪府３区,当,1,101910,53.2,佐藤茂樹,男,1959/6/8 0:00,7,公,,,前,自・維
46,2012,id08_27_03,大阪府３区,-,3,49015,25.6,渡部結,女,1981/2/26 0:00,,共,,,新,
46,2012,id08_27_03,大阪府３区,-,3,40687,21.2,藤原一威,男,1983/1/12 0:00,,民,,,新,
46,2012,id08_27_04,大阪府４区,当,1,95452,38.6,村上政俊,男,1983/7/7 0:00,1,維,,,新,み
46,2012,id08_27_04,大阪府４区,比当,2,89894,36.4,中山泰秀,男,1970/10/14 0:00,,自,町,清和会,元,公
46,2012,id08_27_04,大阪府４区,-,3,30563,12.4,吉田治,男,1962/3/16 0:00,,民,,,前,国
46,2012,id08_27_04,大阪府４区,-,3,25694,10.4,清水忠史,男,1968/5/5 0:00,,共,,,新,
46,2012,id08_27_04,大阪府４区,-,3,5438,2.2,井上幸洋,男,1949/1/1 0:00,,社,,,新,
46,2012,id08_27_05,大阪府５区,当,1,111028,53.8,国重徹,男,1974/11/23 0:00,1,公,,,新,自・維
46,2012,id08_27_05,大阪府５区,-,3,48958,23.7,瀬戸一正,男,1949/4/4 0:00,,共,,,新,
46,2012,id08_27_05,大阪府５区,-,3,46378,22.5,尾辻かな子,女,1974/12/16 0:00,,民,,,新,
46,2012,id08_27_06,大阪府６区,当,1,116855,59.6,伊佐進一,男,1974/12/10 0:00,1,公,,,新,自・維
46,2012,id08_27_06,大阪府６区,比当,2,44565,22.7,村上史好,男,1952/6/10 0:00,,未,生,,前,大
46,2012,id08_27_06,大阪府６区,-,3,34783,17.7,北原洋子,女,1958/2/14 0:00,,共,,,新,
46,2012,id08_27_07,大阪府７区,当,1,70361,33.3,渡嘉敷奈緒美,女,1962/7/16 0:00,2,自,額,平成研,元,公
46,2012,id08_27_07,大阪府７区,比当,2,62856,29.7,上西小百合,女,1983/4/30 0:00,,維,,,新,み
46,2012,id08_27_07,大阪府７区,-,3,45531,21.5,藤村修,男,1949/11/3 0:00,,民,,,前,国
46,2012,id08_27_07,大阪府７区,-,3,21569,10.2,石川多枝,女,1967/10/21 0:00,,共,,,新,
46,2012,id08_27_07,大阪府７区,-,3,10989,5.2,渡辺義彦,男,1956/8/11 0:00,,未,生,,前,大
46,2012,id08_27_08,大阪府８区,当,1,76451,39.9,木下智彦,男,1969/4/30 0:00,1,維,,,新,み
46,2012,id08_27_08,大阪府８区,比当,2,71091,37.1,大塚高司,男,1964/9/11 0:00,,自,額,平成研,元,公
46,2012,id08_27_08,大阪府８区,-,3,25432,13.3,松岡広隆,男,1982/2/25 0:00,,民,,,前,国
46,2012,id08_27_08,大阪府８区,-,3,18505,9.7,五十川和洋,男,1959/4/26 0:00,,共,,,新,
46,2012,id08_27_09,大阪府９区,当,1,104015,39.8,足立康史,男,1965/10/14 0:00,1,維,み,,新,
46,2012,id08_27_09,大阪府９区,比当,2,89671,34.3,原田憲治,男,1948/6/9 0:00,,自,額,平成研,元,公
46,2012,id08_27_09,大阪府９区,-,3,46550,17.8,大谷信盛,男,1962/12/4 0:00,,民,,,前,国
46,2012,id08_27_09,大阪府９区,-,3,20891,8,末武和美,男,1946/11/25 0:00,,共,,,新,
46,2012,id08_27_10,大阪府１０区,当,1,71117,36.2,松浪健太,男,1971/8/17 0:00,4,維,自,,前,み
46,2012,id08_27_10,大阪府１０区,比当,2,65411,33.3,辻元清美,女,1960/4/28 0:00,,民,社,,前,国
46,2012,id08_27_10,大阪府１０区,-,3,45261,23,大隈和英,男,1969/8/23 0:00,,自,,,新,
46,2012,id08_27_10,大阪府１０区,-,3,14706,7.5,浅沼和仁,男,1961/5/26 0:00,,共,,,新,
46,2012,id08_27_11,大阪府１１区,当,1,93763,40.3,伊東信久,男,1964/1/4 0:00,1,維,,,新,み
46,2012,id08_27_11,大阪府１１区,-,3,67756,29.1,平野博文,男,1949/3/19 0:00,,民,,,前,国
46,2012,id08_27_11,大阪府１１区,-,3,51110,22,井脇ノブ子,女,1946/2/11 0:00,,自,伊,志帥会,元,
46,2012,id08_27_11,大阪府１１区,-,3,19823,8.5,三和智之,男,1975/1/28 0:00,,共,,,新,
46,2012,id08_27_12,大阪府１２区,当,1,76972,39.9,北川知克,男,1951/11/8 0:00,4,自,大,有隣会,元,公
46,2012,id08_27_12,大阪府１２区,-,3,49750,25.8,石井竜馬,男,1969/5/13 0:00,,み,,,新,維
46,2012,id08_27_12,大阪府１２区,-,3,49153,25.5,樽床伸二,男,1959/8/6 0:00,,民,,,前,国
46,2012,id08_27_12,大阪府１２区,-,3,17006,8.8,吉井芳子,女,1962/11/6 0:00,,共,,,新,
46,2012,id08_27_13,大阪府１３区,当,1,109756,51.5,西野弘一,男,1969/1/11 0:00,1,維,自,,新,
46,2012,id08_27_13,大阪府１３区,-,3,58465,27.4,神谷宗幣,男,1977/10/12 0:00,,自,,,新,
46,2012,id08_27_13,大阪府１３区,-,3,25538,12,寺山初代,女,1955/10/27 0:00,,共,,,新,
46,2012,id08_27_13,大阪府１３区,-,3,16389,7.7,樋口俊一,男,1951/10/5 0:00,,民,,,前,国
46,2012,id08_27_13,大阪府１３区,-,3,3131,1.5,皿田幸市,男,1948/1/12 0:00,,無,,,新,
46,2012,id08_27_14,大阪府１４区,当,1,108989,48.6,谷畑孝,男,1947/1/10 0:00,6,維,自,,前,み
46,2012,id08_27_14,大阪府１４区,-,3,61503,27.4,長尾敬,男,1962/11/29 0:00,,自,民,,前,
46,2012,id08_27_14,大阪府１４区,-,3,32290,14.4,野沢倫昭,男,1948/2/15 0:00,,共,,,新,
46,2012,id08_27_14,大阪府１４区,-,3,21584,9.6,鳥居豊橘,男,1964/4/23 0:00,,民,,,新,国
46,2012,id08_27_15,大阪府１５区,当,1,91830,41.2,浦野靖人,男,1973/4/4 0:00,1,維,自,,新,
46,2012,id08_27_15,大阪府１５区,比当,2,88500,39.7,竹本直一,男,1940/11/23 0:00,,自,岸,宏池会,前,公
46,2012,id08_27_15,大阪府１５区,-,3,21616,9.7,大谷啓,男,1970/12/2 0:00,,未,生,,前,大
46,2012,id08_27_15,大阪府１５区,-,3,21106,9.5,為仁史,男,1948/12/16 0:00,,共,,,新,
46,2012,id08_27_16,大阪府１６区,当,1,86464,50.8,北側一雄,男,1953/3/2 0:00,7,公,,,元,自・維
46,2012,id08_27_16,大阪府１６区,-,3,42328,24.9,森山浩行,男,1971/4/8 0:00,,民,,,前,
46,2012,id08_27_16,大阪府１６区,-,3,23652,13.9,岡井勤,男,1951/5/16 0:00,,共,,,新,
46,2012,id08_27_16,大阪府１６区,-,3,17711,10.4,中村勝,男,1951/2/18 0:00,,諸,,,新,
46,2012,id08_27_17,大阪府１７区,当,1,81663,44.2,馬場伸幸,男,1965/1/27 0:00,1,維,自,,新,
46,2012,id08_27_17,大阪府１７区,-,3,52634,28.5,岡下信子,女,1939/6/28 0:00,,自,額,平成研,元,
46,2012,id08_27_17,大阪府１７区,-,3,19895,10.8,西哲史,男,1977/7/7 0:00,,民,,,新,国
46,2012,id08_27_17,大阪府１７区,-,3,16144,8.7,吉岡孝嘉,男,1958/5/15 0:00,,共,,,新,
46,2012,id08_27_17,大阪府１７区,-,3,11544,6.3,辻恵,男,1948/6/12 0:00,,未,民,,前,大
46,2012,id08_27_17,大阪府１７区,-,3,2778,1.5,奥田クスミ,女,1947/6/11 0:00,,無,,,新,
46,2012,id08_27_18,大阪府１８区,当,1,100312,43.7,遠藤敬,男,1968/6/6 0:00,1,維,自,,新,み
46,2012,id08_27_18,大阪府１８区,-,3,83388,36.3,神谷昇,男,1949/4/12 0:00,,自,,,新,公
46,2012,id08_27_18,大阪府１８区,-,3,24467,10.7,中川治,男,1951/2/10 0:00,,未,生,,前,大
46,2012,id08_27_18,大阪府１８区,-,3,21500,9.4,矢野忠重,男,1950/3/3 0:00,,共,,,新,
46,2012,id08_27_19,大阪府１９区,当,1,65158,38.4,丸山穂高,男,1984/1/10 0:00,1,維,,,新,み
46,2012,id08_27_19,大阪府１９区,-,3,50242,29.6,谷川とむ,男,1976/4/27 0:00,,自,,,新,公
46,2012,id08_27_19,大阪府１９区,-,3,42554,25.1,長安豊,男,1968/9/5 0:00,,民,,,前,国
46,2012,id08_27_19,大阪府１９区,-,3,9606,5.7,田上聡太郎,男,1978/6/19 0:00,,共,,,新,
46,2012,id08_27_19,大阪府１９区,-,3,1957,1.2,豊田隆久,男,1972/9/18 0:00,,諸,,,新,
46,2012,id08_28_01,兵庫県１区,当,1,76401,37.2,盛山正仁,男,1953/12/14 0:00,2,自,岸,宏池会,元,公
46,2012,id08_28_01,兵庫県１区,比当,2,73587,35.8,井坂信彦,男,1974/3/27 0:00,,み,,,新,維
46,2012,id08_28_01,兵庫県１区,-,3,37584,18.3,井戸正枝,女,1965/12/13 0:00,,民,,,前,国
46,2012,id08_28_01,兵庫県１区,-,3,18059,8.8,筒井哲二朗,男,1971/2/26 0:00,,共,,,新,
46,2012,id08_28_02,兵庫県２区,当,1,87969,47.3,赤羽一嘉,男,1958/5/7 0:00,6,公,,,元,自・維
46,2012,id08_28_02,兵庫県２区,-,3,43900,23.6,向山好一,男,1957/7/18 0:00,,民,,,前,
46,2012,id08_28_02,兵庫県２区,-,3,30658,16.5,五島大亮,男,1977/7/4 0:00,,無,,,新,
46,2012,id08_28_02,兵庫県２区,-,3,23367,12.6,貫名ユウナ,女,1951/11/4 0:00,,共,,,新,
46,2012,id08_28_03,兵庫県３区,当,1,67920,37.8,関芳弘,男,1965/6/7 0:00,2,自,町,清和会,元,公
46,2012,id08_28_03,兵庫県３区,比当,2,55835,31.1,新原秀人,男,1962/4/29 0:00,,維,自,,新,み
46,2012,id08_28_03,兵庫県３区,-,3,26875,15,横畑和幸,男,1971/11/11 0:00,,民,,,新,国
46,2012,id08_28_03,兵庫県３区,-,3,15030,8.4,三橋真記,女,1977/9/30 0:00,,未,生,,新,大
46,2012,id08_28_03,兵庫県３区,-,3,13811,7.7,大椙鉄夫,男,1948/4/9 0:00,,共,,,新,
46,2012,id08_28_04,兵庫県４区,当,1,104202,43.1,藤井比早之,男,1971/9/11 0:00,1,自,,,新,公
46,2012,id08_28_04,兵庫県４区,-,3,78565,32.5,清水貴之,男,1974/6/29 0:00,,維,,,新,み
46,2012,id08_28_04,兵庫県４区,-,3,43386,17.9,高橋昭一,男,1964/6/24 0:00,,民,,,前,国
46,2012,id08_28_04,兵庫県４区,-,3,15769,6.5,松本勝雄,男,1944/8/18 0:00,,共,,,新,
46,2012,id08_28_05,兵庫県５区,当,1,104403,47,谷公一,男,1952/1/28 0:00,4,自,伊,志帥会,前,公
46,2012,id08_28_05,兵庫県５区,比当,2,51341,23.1,三木圭恵,女,1966/7/7 0:00,,維,太,,新,み
46,2012,id08_28_05,兵庫県５区,-,3,50732,22.9,梶原康弘,男,1956/10/14 0:00,,民,,,前,国
46,2012,id08_28_05,兵庫県５区,-,3,15534,7,平山和志,男,1953/11/21 0:00,,共,,,新,
46,2012,id08_28_06,兵庫県６区,当,1,99988,36,大串正樹,男,1966/1/20 0:00,1,自,,,新,公
46,2012,id08_28_06,兵庫県６区,比当,2,79187,28.5,杉田水脈,女,1967/4/22 0:00,,維,み,,新,
46,2012,id08_28_06,兵庫県６区,-,3,58270,21,市村浩一郎,男,1964/7/16 0:00,,民,,,前,国
46,2012,id08_28_06,兵庫県６区,-,3,21739,7.8,松崎克彦,男,1955/3/12 0:00,,未,自,,新,大
46,2012,id08_28_06,兵庫県６区,-,3,18221,6.6,吉見秋彦,男,1974/10/5 0:00,,共,,,新,
46,2012,id08_28_07,兵庫県７区,当,1,105092,39.3,山田賢司,男,1966/4/20 0:00,1,自,麻,志公会,新,公
46,2012,id08_28_07,兵庫県７区,比当,2,80480,30.1,畠中光成,男,1972/6/30 0:00,,み,,,新,維
46,2012,id08_28_07,兵庫県７区,-,3,59385,22.2,石井登志郎,男,1971/5/29 0:00,,民,,,前,国
46,2012,id08_28_07,兵庫県７区,-,3,22377,8.4,浜本信義,男,1953/7/26 0:00,,共,,,新,
46,2012,id08_28_08,兵庫県８区,当,1,97526,46.6,中野洋昌,男,1978/1/4 0:00,1,公,,,新,自・維
46,2012,id08_28_08,兵庫県８区,-,3,62697,30,田中康夫,男,1956/4/12 0:00,,新日,,,前,
46,2012,id08_28_08,兵庫県８区,-,3,26246,12.6,室井秀子,女,1955/10/14 0:00,,民,,,前,
46,2012,id08_28_08,兵庫県８区,-,3,22645,10.8,庄本悦子,女,1954/8/16 0:00,,共,,,新,
46,2012,id08_28_09,兵庫県９区,当,1,120590,59.4,西村康稔,男,1962/10/15 0:00,4,自,,,前,公
46,2012,id08_28_09,兵庫県９区,-,3,45097,22.2,谷俊二,男,1967/4/24 0:00,,維,,,新,み
46,2012,id08_28_09,兵庫県９区,-,3,21016,10.3,浜本宏,男,1952/4/22 0:00,,民,,,前,国
46,2012,id08_28_09,兵庫県９区,-,3,16393,8.1,新町美千代,女,1947/3/19 0:00,,共,,,新,
46,2012,id08_28_10,兵庫県１０区,当,1,87902,44.2,渡海紀三朗,男,1948/2/11 0:00,7,自,,,元,公
46,2012,id08_28_10,兵庫県１０区,-,3,54852,27.6,岡田康裕,男,1975/7/13 0:00,,民,,,前,国
46,2012,id08_28_10,兵庫県１０区,-,3,43948,22.1,岡田久雄,男,1982/11/13 0:00,,維,,,新,み
46,2012,id08_28_10,兵庫県１０区,-,3,12106,6.1,井沢孝典,男,1950/11/1 0:00,,共,,,新,
46,2012,id08_28_11,兵庫県１１区,当,1,80760,39.6,松本剛明,男,1959/4/25 0:00,5,民,,,前,国
46,2012,id08_28_11,兵庫県１１区,-,3,64509,31.6,頭師暢秀,男,1970/7/7 0:00,,自,,,新,公
46,2012,id08_28_11,兵庫県１１区,-,3,46462,22.8,堅田壮一郎,男,1986/11/15 0:00,,維,,,新,み
46,2012,id08_28_11,兵庫県１１区,-,3,12304,6,白髪みどり,女,1975/7/9 0:00,,共,,,新,
46,2012,id08_28_12,兵庫県１２区,当,1,81528,44.2,山口壮,男,1954/10/3 0:00,4,民,,,前,国
46,2012,id08_28_12,兵庫県１２区,-,3,56317,30.5,岡崎晃,男,1963/12/23 0:00,,自,,,新,公
46,2012,id08_28_12,兵庫県１２区,-,3,37424,20.3,宮崎健治,男,1966/11/8 0:00,,維,,,新,み
46,2012,id08_28_12,兵庫県１２区,-,3,9232,5,竹内典昭,男,1975/1/14 0:00,,共,,,新,
46,2012,id08_29_01,奈良県１区,当,1,68712,37.9,馬淵澄夫,男,1960/8/23 0:00,4,民,,,前,国
46,2012,id08_29_01,奈良県１区,比当,2,61043,33.6,小林茂樹,男,1964/10/9 0:00,,自,,,新,公
46,2012,id08_29_01,奈良県１区,-,3,38791,21.4,大野祐司,男,1960/10/16 0:00,,維,,,新,み
46,2012,id08_29_01,奈良県１区,-,3,12954,7.1,伊藤恵美子,女,1946/3/26 0:00,,共,,,新,
46,2012,id08_29_02,奈良県２区,当,1,86747,46.7,高市早苗,女,1961/3/7 0:00,6,自,,,前,公
46,2012,id08_29_02,奈良県２区,-,3,45014,24.2,並河健,男,1978/12/26 0:00,,維,,,新,み
46,2012,id08_29_02,奈良県２区,-,3,22321,12,百武威,男,1975/7/2 0:00,,民,,,新,国
46,2012,id08_29_02,奈良県２区,-,3,19200,10.3,中村哲治,男,1971/7/24 0:00,,未,生,,元,大
46,2012,id08_29_02,奈良県２区,-,3,12444,6.7,中野明美,女,1948/3/14 0:00,,共,,,新,
46,2012,id08_29_03,奈良県３区,当,1,76073,43.1,奥野信亮,男,1944/3/5 0:00,3,自,町,清和会,元,公
46,2012,id08_29_03,奈良県３区,-,3,49928,28.3,西峰正佳,男,1967/8/23 0:00,,維,,,新,み
46,2012,id08_29_03,奈良県３区,-,3,35974,20.4,吉川政重,男,1963/10/12 0:00,,民,,,前,国
46,2012,id08_29_03,奈良県３区,-,3,14466,8.2,豆田至功,男,1953/3/4 0:00,,共,,,新,
46,2012,id08_29_04,奈良県４区,当,1,82125,50.6,田野瀬太道,男,1974/7/4 0:00,1,自,,,新,公
46,2012,id08_29_04,奈良県４区,-,3,35969,22.1,松浪武久,男,1967/3/27 0:00,,維,自,,新,み
46,2012,id08_29_04,奈良県４区,-,3,35636,21.9,大西孝典,男,1956/3/30 0:00,,民,,,前,
46,2012,id08_29_04,奈良県４区,-,3,8723,5.4,山崎タヨ,女,1950/8/9 0:00,,共,,,新,
46,2012,id08_30_01,和歌山県１区,当,1,60577,34.9,岸本周平,男,1956/7/12 0:00,2,民,,,前,国
46,2012,id08_30_01,和歌山県１区,比当,2,60277,34.8,門博文,男,1965/8/18 0:00,,自,,,新,公
46,2012,id08_30_01,和歌山県１区,-,3,39395,22.7,林潤,男,1972/10/23 0:00,,維,自,,元,
46,2012,id08_30_01,和歌山県１区,-,3,13094,7.6,国重秀明,男,1960/10/25 0:00,,共,,,新,
46,2012,id08_30_02,和歌山県２区,当,1,72957,52.6,石田真敏,男,1952/4/11 0:00,5,自,,,前,公
46,2012,id08_30_02,和歌山県２区,比当,2,36110,26.1,阪口直人,男,1963/6/12 0:00,,維,民,,前,み
46,2012,id08_30_02,和歌山県２区,-,3,17567,12.7,坂口親宏,男,1960/8/28 0:00,,民,,,新,
46,2012,id08_30_02,和歌山県２区,-,3,11942,8.6,吉田雅哉,男,1975/10/26 0:00,,共,,,新,
46,2012,id08_30_03,和歌山県３区,当,1,112916,60.4,二階俊博,男,1939/2/17 0:00,10,自,伊,志帥会,前,公
46,2012,id08_30_03,和歌山県３区,-,3,52358,28,山下大輔,男,1967/8/25 0:00,,維,民,,新,み
46,2012,id08_30_03,和歌山県３区,-,3,21570,11.5,原矢寸久,男,1951/10/21 0:00,,共,,,新,
46,2012,id09_31_01,鳥取県１区,当,1,124746,84.5,石破茂,男,1957/2/4 0:00,9,自,,,前,公
46,2012,id09_31_01,鳥取県１区,-,3,17550,11.9,塚田成幸,男,1964/2/6 0:00,,共,,,新,
46,2012,id09_31_01,鳥取県１区,-,3,5325,3.6,井上洋,男,1949/2/2 0:00,,無,,,新,
46,2012,id09_31_02,鳥取県２区,当,1,87395,60.8,赤沢亮正,男,1960/12/18 0:00,3,自,,,前,公
46,2012,id09_31_02,鳥取県２区,-,3,45728,31.8,湯原俊二,男,1962/11/20 0:00,,民,,,前,
46,2012,id09_31_02,鳥取県２区,-,3,10584,7.4,福住英行,男,1975/12/8 0:00,,共,,,新,
46,2012,id09_32_01,島根県１区,当,1,112605,64.7,細田博之,男,1944/4/5 0:00,8,自,町,清和会,前,公
46,2012,id09_32_01,島根県１区,-,3,47343,27.2,小室寿明,男,1960/9/18 0:00,,民,,,前,
46,2012,id09_32_01,島根県１区,-,3,14173,8.1,吉儀敬子,女,1951/1/25 0:00,,共,,,新,
46,2012,id09_32_02,島根県２区,当,1,135270,67.7,竹下亘,男,1946/11/3 0:00,5,自,額,平成研,前,公
46,2012,id09_32_02,島根県２区,-,3,48046,24.1,石田祥吾,男,1980/6/16 0:00,,民,,,新,
46,2012,id09_32_02,島根県２区,-,3,16442,8.2,向瀬慎一,男,1971/1/12 0:00,,共,,,新,
46,2012,id09_33_01,岡山県１区,当,1,100960,56.3,逢沢一郎,男,1954/6/10 0:00,9,自,,,前,公
46,2012,id09_33_01,岡山県１区,-,3,41258,23,高井崇志,男,1969/9/26 0:00,,民,,,前,国
46,2012,id09_33_01,岡山県１区,-,3,24370,13.6,赤木正幸,男,1975/2/22 0:00,,み,,,新,維
46,2012,id09_33_01,岡山県１区,-,3,10291,5.7,垣内雄一,男,1964/9/2 0:00,,共,,,新,
46,2012,id09_33_01,岡山県１区,-,3,2480,1.4,安原園枝,女,1962/6/9 0:00,,諸,,,新,
46,2012,id09_33_02,岡山県２区,当,1,82061,52.8,山下貴司,男,1965/9/8 0:00,1,自,,,新,公
46,2012,id09_33_02,岡山県２区,比当,2,57573,37,津村啓介,男,1971/10/27 0:00,,民,,,前,国
46,2012,id09_33_02,岡山県２区,-,3,15789,10.2,井上素子,女,1947/8/6 0:00,,共,,,新,
46,2012,id09_33_03,岡山県３区,当,1,73752,44.8,平沼赳夫,男,1939/8/3 0:00,11,維,太,,前,
46,2012,id09_33_03,岡山県３区,比当,2,53986,32.8,阿部俊子,女,1959/5/19 0:00,,自,,,前,公
46,2012,id09_33_03,岡山県３区,-,3,29095,17.7,西村啓聡,男,1975/12/9 0:00,,民,,,新,国
46,2012,id09_33_03,岡山県３区,-,3,7904,4.8,古松国昭,男,1945/1/11 0:00,,共,,,新,
46,2012,id09_33_04,岡山県４区,当,1,91155,46.4,橋本岳,男,1974/2/5 0:00,2,自,額,平成研,元,公
46,2012,id09_33_04,岡山県４区,比当,2,64293,32.7,柚木道義,男,1972/5/28 0:00,,民,,,前,国
46,2012,id09_33_04,岡山県４区,-,3,29798,15.2,赤沢幹温,男,1960/12/27 0:00,,維,,,新,
46,2012,id09_33_04,岡山県４区,-,3,11125,5.7,須増伸子,女,1966/5/15 0:00,,共,,,新,
46,2012,id09_33_05,岡山県５区,当,1,101117,66.7,加藤勝信,男,1955/11/22 0:00,4,自,額,平成研,前,公
46,2012,id09_33_05,岡山県５区,-,3,39989,26.4,花咲宏基,男,1966/8/14 0:00,,民,,,前,国
46,2012,id09_33_05,岡山県５区,-,3,10593,7,古松健治,男,1971/7/7 0:00,,共,,,新,
46,2012,id09_34_01,広島県１区,当,1,103689,63.5,岸田文雄,男,1957/7/29 0:00,7,自,岸,宏池会,前,公
46,2012,id09_34_01,広島県１区,-,3,25429,15.6,野中幸市,男,1963/5/22 0:00,,民,,,新,
46,2012,id09_34_01,広島県１区,-,3,21698,13.3,菅川洋,男,1968/10/19 0:00,,未,生,,前,大
46,2012,id09_34_01,広島県１区,-,3,12444,7.6,大西理,男,1966/2/8 0:00,,共,,,新,
46,2012,id09_34_02,広島県２区,当,1,109823,49.7,平口洋,男,1948/8/1 0:00,2,自,額,平成研,元,公
46,2012,id09_34_02,広島県２区,-,3,61373,27.8,松本大輔,男,1971/8/5 0:00,,民,,,前,国
46,2012,id09_34_02,広島県２区,-,3,36979,16.7,辻康裕,男,1968/12/20 0:00,,維,,,新,み
46,2012,id09_34_02,広島県２区,-,3,12619,5.7,中森辰一,男,1952/8/1 0:00,,共,,,新,
46,2012,id09_34_03,広島県３区,当,1,87993,46.2,河井克行,男,1963/3/11 0:00,5,自,,,前,公
46,2012,id09_34_03,広島県３区,-,3,51666,27.1,橋本博明,男,1970/7/22 0:00,,民,,,前,
46,2012,id09_34_03,広島県３区,比当,2,36993,19.4,中丸啓,男,1963/11/17 0:00,,維,太,,新,
46,2012,id09_34_03,広島県３区,-,3,13875,7.3,藤井敏子,女,1953/6/18 0:00,,共,,,新,
46,2012,id09_34_04,広島県４区,当,1,91611,57.8,中川俊直,男,1970/4/25 0:00,1,自,,,新,公
46,2012,id09_34_04,広島県４区,-,3,53340,33.6,空本誠喜,男,1964/3/11 0:00,,民,,,前,国
46,2012,id09_34_04,広島県４区,-,3,13576,8.6,中石仁,男,1962/11/25 0:00,,共,,,新,
46,2012,id09_34_05,広島県５区,当,1,99842,63.1,寺田稔,男,1958/1/24 0:00,3,自,岸,宏池会,元,公
46,2012,id09_34_05,広島県５区,-,3,49356,31.2,三谷光男,男,1959/6/16 0:00,,民,,,前,国
46,2012,id09_34_05,広島県５区,-,3,9126,5.8,尾崎光,男,1952/11/8 0:00,,共,,,新,
46,2012,id09_34_06,広島県６区,当,1,91078,49,亀井静香,男,1936/11/1 0:00,12,未,国,,前,大
46,2012,id09_34_06,広島県６区,比当,2,78747,42.4,小島敏文,男,1950/9/7 0:00,,自,,,新,
46,2012,id09_34_06,広島県６区,-,3,16046,8.6,花岡多美世,女,1957/7/30 0:00,,共,,,新,
46,2012,id09_34_07,広島県７区,当,1,93491,47.5,小林史明,男,1983/4/8 0:00,1,自,,,新,公
46,2012,id09_34_07,広島県７区,-,3,52543,26.7,和田隆志,男,1963/7/18 0:00,,民,,,前,国
46,2012,id09_34_07,広島県７区,比当,2,38919,19.8,坂元大輔,男,1982/8/20 0:00,,維,,,新,み
46,2012,id09_34_07,広島県７区,-,3,11777,6,神原卓志,男,1956/11/8 0:00,,共,,,新,
46,2012,id09_35_01,山口県１区,当,1,133776,65.9,高村正彦,男,1942/3/15 0:00,11,自,,,前,公
46,2012,id09_35_01,山口県１区,-,3,35622,17.6,飯田哲也,男,1959/1/8 0:00,,未,,,新,大
46,2012,id09_35_01,山口県１区,-,3,23813,11.7,冨村郷司,男,1983/1/22 0:00,,民,,,新,
46,2012,id09_35_01,山口県１区,-,3,9753,4.8,魚永智行,男,1958/3/2 0:00,,共,,,新,
46,2012,id09_35_02,山口県２区,当,1,105760,55.4,岸信夫,男,1959/4/1 0:00,1,自,町,清和会,新,公
46,2012,id09_35_02,山口県２区,-,3,53493,28,平岡秀夫,男,1954/1/14 0:00,,民,,,前,国
46,2012,id09_35_02,山口県２区,-,3,23861,12.5,灰岡香奈,女,1983/6/28 0:00,,維,,,新,み
46,2012,id09_35_02,山口県２区,-,3,7894,4.1,赤松義生,男,1954/5/23 0:00,,共,,,新,
46,2012,id09_35_03,山口県３区,当,1,107833,70.8,河村建夫,男,1942/11/10 0:00,8,自,伊,志帥会,前,公
46,2012,id09_35_03,山口県３区,-,3,28663,18.8,中屋大介,男,1978/2/3 0:00,,民,,,前,国
46,2012,id09_35_03,山口県３区,-,3,15709,10.3,五十嵐仁美,女,1961/11/14 0:00,,共,,,新,
46,2012,id09_35_04,山口県４区,当,1,118696,78.2,安倍晋三,男,1954/9/21 0:00,7,自,,,前,公
46,2012,id09_35_04,山口県４区,-,3,19336,12.7,財満慎太郎,男,1967/4/8 0:00,,民,,,新,
46,2012,id09_35_04,山口県４区,-,3,13815,9.1,桧垣徳雄,男,1964/11/3 0:00,,共,,,新,
46,2012,id10_36_01,徳島県１区,当,1,59231,53.2,福山守,男,1952/12/19 0:00,1,自,,,新,公
46,2012,id10_36_01,徳島県１区,-,3,39402,35.4,仙谷由人,男,1946/1/15 0:00,,民,,,前,国
46,2012,id10_36_01,徳島県１区,-,3,12724,11.4,古田元則,男,1948/1/28 0:00,,共,,,新,
46,2012,id10_36_02,徳島県２区,当,1,68526,55.7,山口俊一,男,1950/2/28 0:00,8,自,麻,志公会,前,公
46,2012,id10_36_02,徳島県２区,-,3,44959,36.6,高井美穂,女,1971/11/30 0:00,,民,,,前,
46,2012,id10_36_02,徳島県２区,-,3,9449,7.7,手塚弘司,男,1961/1/25 0:00,,共,,,新,
46,2012,id10_36_03,徳島県３区,当,1,70197,53.8,後藤田正純,男,1969/8/5 0:00,5,自,,,前,公
46,2012,id10_36_03,徳島県３区,-,3,50803,38.9,仁木博文,男,1966/5/23 0:00,,民,,,前,国
46,2012,id10_36_03,徳島県３区,-,3,6191,4.7,谷内智和,男,1980/11/24 0:00,,共,,,新,
46,2012,id10_36_03,徳島県３区,-,3,3395,2.6,小松由佳,女,1982/1/21 0:00,,諸,,,新,
46,2012,id10_37_01,香川県１区,当,1,84080,47.9,平井卓也,男,1958/1/25 0:00,5,自,,,前,公
46,2012,id10_37_01,香川県１区,比当,2,63114,35.9,小川淳也,男,1971/4/18 0:00,,民,,,前,国
46,2012,id10_37_01,香川県１区,-,3,20143,11.5,今西永児,男,1946/3/31 0:00,,維,,,新,
46,2012,id10_37_01,香川県１区,-,3,8260,4.7,河村整,男,1959/6/6 0:00,,共,,,新,
46,2012,id10_37_02,香川県２区,当,1,79153,50,玉木雄一郎,男,1969/5/1 0:00,2,民,,,前,国
46,2012,id10_37_02,香川県２区,比当,2,72030,45.5,瀬戸隆一,男,1965/8/2 0:00,,自,,,新,公
46,2012,id10_37_02,香川県２区,-,3,7010,4.4,佐伯守,男,1960/10/25 0:00,,共,,,新,
46,2012,id10_37_03,香川県３区,当,1,85463,62.7,大野敬太郎,男,1968/11/1 0:00,1,自,,,新,公
46,2012,id10_37_03,香川県３区,-,3,42907,31.5,米田晴彦,男,1958/9/8 0:00,,社,,,新,
46,2012,id10_37_03,香川県３区,-,3,7888,5.8,藤田均,男,1960/7/1 0:00,,共,,,新,
46,2012,id10_38_01,愛媛県１区,当,1,115798,51.7,塩崎恭久,男,1950/11/7 0:00,6,自,岸,宏池会,前,
46,2012,id10_38_01,愛媛県１区,-,3,49382,22,永江孝子,女,1960/6/15 0:00,,民,,,前,国
46,2012,id10_38_01,愛媛県１区,-,3,48171,21.5,池本俊英,男,1958/9/5 0:00,,維,自,,新,
46,2012,id10_38_01,愛媛県１区,-,3,9902,4.4,田中克彦,男,1967/4/22 0:00,,共,,,新,
46,2012,id10_38_01,愛媛県１区,-,3,875,0.4,郡昭浩,男,1961/2/9 0:00,,無,,,新,
46,2012,id10_38_02,愛媛県２区,当,1,77078,46.8,村上誠一郎,男,1952/5/11 0:00,9,自,,,前,
46,2012,id10_38_02,愛媛県２区,比当,2,48762,29.6,西岡新,男,1973/2/3 0:00,,維,,,新,み
46,2012,id10_38_02,愛媛県２区,-,3,28805,17.5,友近聡朗,男,1975/4/24 0:00,,未,生,,新,大
46,2012,id10_38_02,愛媛県２区,-,3,10205,6.2,竹中由美子,女,1955/2/6 0:00,,共,,,新,
46,2012,id10_38_03,愛媛県３区,当,1,71033,47.2,白石徹,男,1956/4/1 0:00,1,自,,,新,
46,2012,id10_38_03,愛媛県３区,-,3,42725,28.4,白石洋一,男,1963/6/25 0:00,,民,,,前,国
46,2012,id10_38_03,愛媛県３区,-,3,29695,19.7,森夏枝,女,1981/7/2 0:00,,維,,,新,み
46,2012,id10_38_03,愛媛県３区,-,3,7147,4.7,植木正勝,男,1952/9/15 0:00,,共,,,新,
46,2012,id10_38_04,愛媛県４区,当,1,65744,43.1,山本公一,男,1947/9/4 0:00,7,自,,,前,公
46,2012,id10_38_04,愛媛県４区,比当,2,51435,33.8,桜内文城,男,1965/10/21 0:00,,維,み,,新,み
46,2012,id10_38_04,愛媛県４区,-,3,30322,19.9,高橋英行,男,1972/1/17 0:00,,民,,,前,国
46,2012,id10_38_04,愛媛県４区,-,3,4899,3.2,西井直人,男,1957/8/10 0:00,,共,,,新,
46,2012,id10_39_01,高知県１区,当,1,44027,42,福井照,男,1953/12/14 0:00,5,自,岸,宏池会,前,公
46,2012,id10_39_01,高知県１区,-,3,25944,24.7,大石宗,男,1980/9/11 0:00,,民,,,新,国
46,2012,id10_39_01,高知県１区,-,3,18562,17.7,春名直章,男,1959/4/16 0:00,,共,,,元,
46,2012,id10_39_01,高知県１区,-,3,16331,15.6,藤村慎也,男,1977/1/6 0:00,,維,,,新,み
46,2012,id10_39_02,高知県２区,当,1,76662,73.6,中谷元,男,1957/10/14 0:00,8,自,,,前,公
46,2012,id10_39_02,高知県２区,-,3,27513,26.4,岡田芳秀,男,1958/1/7 0:00,,共,,,新,
46,2012,id10_39_03,高知県３区,当,1,80547,71.3,山本有二,男,1952/5/11 0:00,8,自,,,前,公
46,2012,id10_39_03,高知県３区,-,3,32427,28.7,橋元陽一,男,1950/8/1 0:00,,共,,,新,
46,2012,id11_40_01,福岡県１区,当,1,96706,48.3,井上貴博,男,1962/4/2 0:00,1,自,,,新,
46,2012,id11_40_01,福岡県１区,-,3,45014,22.5,竹内今日生,男,1974/3/22 0:00,,み,,,新,維
46,2012,id11_40_01,福岡県１区,-,3,36632,18.3,松本龍,男,1951/5/17 0:00,,民,,,前,国
46,2012,id11_40_01,福岡県１区,-,3,15992,8,比江嶋俊和,男,1947/1/3 0:00,,共,,,新,
46,2012,id11_40_01,福岡県１区,-,3,5762,2.9,犬丸勝子,女,1955/1/22 0:00,,無,,,新,
46,2012,id11_40_02,福岡県２区,当,1,105493,43.6,鬼木誠,男,1972/10/16 0:00,1,自,,,新,
46,2012,id11_40_02,福岡県２区,-,3,68359,28.2,稲富修二,男,1970/8/26 0:00,,民,,,前,国
46,2012,id11_40_02,福岡県２区,-,3,42731,17.6,頭山晋太郎,男,1977/5/23 0:00,,維,太,,新,
46,2012,id11_40_02,福岡県２区,-,3,14115,5.8,倉元達朗,男,1967/7/11 0:00,,共,,,新,
46,2012,id11_40_02,福岡県２区,-,3,11442,4.7,小谷学,男,1973/7/27 0:00,,未,生,,新,大
46,2012,id11_40_03,福岡県３区,当,1,118299,51.2,古賀篤,男,1972/7/14 0:00,1,自,,,新,公
46,2012,id11_40_03,福岡県３区,-,3,57472,24.9,藤田一枝,女,1949/7/20 0:00,,民,,,前,国
46,2012,id11_40_03,福岡県３区,-,3,42126,18.2,寺島浩幸,男,1961/5/17 0:00,,み,,,新,維
46,2012,id11_40_03,福岡県３区,-,3,13093,5.7,川原康裕,男,1981/9/8 0:00,,共,,,新,
46,2012,id11_40_04,福岡県４区,当,1,86039,44.7,宮内秀樹,男,1962/10/19 0:00,1,自,,,新,公
46,2012,id11_40_04,福岡県４区,比当,2,42319,22,河野正美,男,1961/6/30 0:00,,維,太,,新,
46,2012,id11_40_04,福岡県４区,-,3,31432,16.3,岸本善成,男,1974/5/4 0:00,,民,,,新,国
46,2012,id11_40_04,福岡県４区,-,3,17237,9,古賀敬章,男,1953/4/25 0:00,,未,生,,前,大
46,2012,id11_40_04,福岡県４区,-,3,11946,6.2,新留清隆,男,1955/7/28 0:00,,共,,,新,
46,2012,id11_40_04,福岡県４区,-,3,3543,1.8,吉冨和枝,女,1959/4/12 0:00,,諸,,,新,
46,2012,id11_40_05,福岡県５区,当,1,113155,47.4,原田義昭,男,1944/10/1 0:00,6,自,山,近未来,元,公
46,2012,id11_40_05,福岡県５区,-,3,56940,23.8,楠田大蔵,男,1975/4/20 0:00,,民,,,前,国
46,2012,id11_40_05,福岡県５区,-,3,46416,19.4,吉田俊之,男,1956/6/7 0:00,,維,,,新,み
46,2012,id11_40_05,福岡県５区,-,3,11213,4.7,浜武振一,男,1965/10/23 0:00,,未,,,新,大
46,2012,id11_40_05,福岡県５区,-,3,11068,4.6,田中陽二,男,1956/7/16 0:00,,共,,,新,
46,2012,id11_40_06,福岡県６区,当,1,87705,41.6,鳩山邦夫,男,1948/9/13 0:00,12,無,自,,前,自
46,2012,id11_40_06,福岡県６区,-,3,47643,22.6,古賀一成,男,1947/7/30 0:00,,民,,,前,国
46,2012,id11_40_06,福岡県６区,-,3,32321,15.3,内野雅晴,男,1976/11/12 0:00,,維,,,新,み
46,2012,id11_40_06,福岡県６区,-,3,32305,15.3,江口善明,男,1974/3/26 0:00,,無,自,,新,
46,2012,id11_40_06,福岡県６区,-,3,11003,5.2,金子睦美,女,1961/2/23 0:00,,共,,,新,
46,2012,id11_40_07,福岡県７区,当,1,96172,53.6,藤丸敏,男,1960/1/19 0:00,1,自,,,新,公
46,2012,id11_40_07,福岡県７区,-,3,53647,29.9,野田国義,男,1958/6/3 0:00,,民,,,前,国
46,2012,id11_40_07,福岡県７区,-,3,19775,11,古賀輝生,男,1963/8/5 0:00,,み,,,新,維
46,2012,id11_40_07,福岡県７区,-,3,9845,5.5,江口学,男,1974/6/27 0:00,,共,,,新,
46,2012,id11_40_08,福岡県８区,当,1,146712,68.4,麻生太郎,男,1940/9/20 0:00,11,自,麻,志公会,前,
46,2012,id11_40_08,福岡県８区,-,3,46213,21.5,山本剛正,男,1972/1/1 0:00,,民,,,前,
46,2012,id11_40_08,福岡県８区,-,3,21678,10.1,新井高雄,男,1949/1/26 0:00,,共,,,新,
46,2012,id11_40_09,福岡県９区,当,1,97419,46,三原朝彦,男,1947/5/23 0:00,6,自,額,平成研,元,公
46,2012,id11_40_09,福岡県９区,-,3,62186,29.4,緒方林太郎,男,1973/1/8 0:00,,民,,,前,国
46,2012,id11_40_09,福岡県９区,-,3,30093,14.2,荒木学,男,1965/4/16 0:00,,維,,,新,み
46,2012,id11_40_09,福岡県９区,-,3,22109,10.4,真島省三,男,1963/1/12 0:00,,共,,,新,
46,2012,id11_40_10,福岡県１０区,当,1,87460,41.6,山本幸三,男,1948/8/8 0:00,6,自,岸,宏池会,前,公
46,2012,id11_40_10,福岡県１０区,-,3,55040,26.2,城井崇,男,1973/6/23 0:00,,民,,,前,国
46,2012,id11_40_10,福岡県１０区,比当,2,45698,21.7,佐藤正夫,男,1955/4/9 0:00,,み,自,,新,維
46,2012,id11_40_10,福岡県１０区,-,3,22214,10.6,高瀬菜穂子,女,1960/7/5 0:00,,共,,,新,
46,2012,id11_40_11,福岡県１１区,当,1,86443,55.9,武田良太,男,1968/4/1 0:00,4,自,,,前,公
46,2012,id11_40_11,福岡県１１区,-,3,38091,24.6,堀大助,男,1979/10/31 0:00,,維,,,新,み
46,2012,id11_40_11,福岡県１１区,-,3,18715,12.1,谷瀬綾子,女,1976/6/1 0:00,,社,,,新,
46,2012,id11_40_11,福岡県１１区,-,3,11469,7.4,山下登美子,女,1953/10/15 0:00,,共,,,新,
46,2012,id11_41_01,佐賀県１区,当,1,70547,49.2,岩田和親,男,1973/9/20 0:00,1,自,,,新,公
46,2012,id11_41_01,佐賀県１区,比当,2,63007,43.9,原口一博,男,1959/7/2 0:00,,民,,,前,国
46,2012,id11_41_01,佐賀県１区,-,3,9857,6.9,大森斉,男,1955/7/17 0:00,,共,,,新,
46,2012,id11_41_02,佐賀県２区,当,1,70767,50.7,今村雅弘,男,1947/1/5 0:00,6,自,,,前,公
46,2012,id11_41_02,佐賀県２区,比当,2,63208,45.3,大串博志,男,1965/8/31 0:00,,民,,,前,
46,2012,id11_41_02,佐賀県２区,-,3,5618,4,上村泰稔,男,1965/5/4 0:00,,共,,,新,
46,2012,id11_41_03,佐賀県３区,当,1,96544,78.3,保利耕輔,男,1934/9/23 0:00,12,自,,,前,
46,2012,id11_41_03,佐賀県３区,-,3,26823,21.7,山口勝弘,男,1955/8/17 0:00,,共,,,新,
46,2012,id11_42_01,長崎県１区,当,1,92624,48.2,冨岡勉,男,1948/7/4 0:00,2,自,山,近未来,元,公
46,2012,id11_42_01,長崎県１区,比当,2,82088,42.7,高木義明,男,1945/12/22 0:00,,民,,,前,国
46,2012,id11_42_01,長崎県１区,-,3,17534,9.1,牧山隆,男,1957/3/9 0:00,,共,,,新,
46,2012,id11_42_02,長崎県２区,当,1,93448,48.2,加藤寛治,男,1946/4/24 0:00,1,自,,,新,公
46,2012,id11_42_02,長崎県２区,-,3,51002,26.3,奥村慎太郎,男,1954/10/13 0:00,,無,,,新,
46,2012,id11_42_02,長崎県２区,-,3,36602,18.9,川越孝洋,男,1943/7/12 0:00,,民,,,前,国
46,2012,id11_42_02,長崎県２区,-,3,9240,4.8,矢崎勝己,男,1949/12/9 0:00,,共,,,新,
46,2012,id11_42_02,長崎県２区,-,3,3625,1.9,森文義,男,1949/1/28 0:00,,無,,,新,
46,2012,id11_42_03,長崎県３区,当,1,69903,53.5,谷川弥一,男,1941/8/12 0:00,4,自,町,清和会,前,公
46,2012,id11_42_03,長崎県３区,-,3,52536,40.2,山田正彦,男,1942/4/8 0:00,,未,民,,前,大
46,2012,id11_42_03,長崎県３区,-,3,8301,6.3,石丸完治,男,1949/7/9 0:00,,共,,,新,
46,2012,id11_42_04,長崎県４区,当,1,81771,51.3,北村誠吾,男,1947/1/29 0:00,5,自,岸,宏池会,前,公
46,2012,id11_42_04,長崎県４区,-,3,53918,33.8,宮島大典,男,1963/6/6 0:00,,民,,,前,国
46,2012,id11_42_04,長崎県４区,-,3,17269,10.8,末次精一,男,1962/12/2 0:00,,未,生,,新,大
46,2012,id11_42_04,長崎県４区,-,3,6500,4.1,石川悟,男,1952/10/20 0:00,,共,,,新,
46,2012,id11_43_01,熊本県１区,当,1,94368,46.4,木原稔,男,1969/8/12 0:00,2,自,額,平成研,元,
46,2012,id11_43_01,熊本県１区,比当,2,66195,32.6,松野頼久,男,1960/9/19 0:00,,維,民,,前,み
46,2012,id11_43_01,熊本県１区,-,3,28229,13.9,池崎一郎,男,1952/2/23 0:00,,民,,,新,
46,2012,id11_43_01,熊本県１区,-,3,12012,5.9,山部洋史,男,1966/5/24 0:00,,共,,,新,
46,2012,id11_43_01,熊本県１区,-,3,2472,1.2,倉田千代喜,男,1950/8/3 0:00,,無,,,新,
46,2012,id11_43_02,熊本県２区,当,1,88744,53.5,野田毅,男,1941/10/3 0:00,14,自,山,近未来,前,公
46,2012,id11_43_02,熊本県２区,-,3,33283,20.1,本田顕子,女,1971/9/29 0:00,,み,,,新,維
46,2012,id11_43_02,熊本県２区,-,3,25891,15.6,濱田大造,男,1970/7/19 0:00,,民,,,新,
46,2012,id11_43_02,熊本県２区,-,3,11520,6.9,福嶋健一郎,男,1966/4/22 0:00,,未,生,,前,大
46,2012,id11_43_02,熊本県２区,-,3,6358,3.8,松山邦夫,男,1953/10/16 0:00,,共,,,新,
46,2012,id11_43_03,熊本県３区,当,1,95651,58.7,坂本哲志,男,1950/11/6 0:00,4,自,山,近未来,前,公
46,2012,id11_43_03,熊本県３区,-,3,38548,23.7,本田浩一,男,1967/4/20 0:00,,維,民,,新,
46,2012,id11_43_03,熊本県３区,-,3,20497,12.6,森本康仁,男,1978/1/25 0:00,,民,,,新,国
46,2012,id11_43_03,熊本県３区,-,3,8197,5,東奈津子,女,1969/7/24 0:00,,共,,,新,
46,2012,id11_43_04,熊本県４区,当,1,102975,65.9,園田博之,男,1942/2/19 0:00,9,維,太,,前,
46,2012,id11_43_04,熊本県４区,-,3,36652,23.5,矢上雅義,男,1960/8/8 0:00,,無,,,元,
46,2012,id11_43_04,熊本県４区,-,3,16585,10.6,蓑田庸子,女,1951/3/10 0:00,,共,,,新,
46,2012,id11_43_05,熊本県５区,当,1,90553,64.5,金子恭之,男,1961/2/27 0:00,5,自,,,前,公
46,2012,id11_43_05,熊本県５区,-,3,42118,30,中島隆利,男,1943/6/22 0:00,,社,,,前,
46,2012,id11_43_05,熊本県５区,-,3,7691,5.5,橋田芳昭,男,1955/10/20 0:00,,共,,,新,
46,2012,id11_44_01,大分県１区,当,1,84848,39.9,穴見陽一,男,1969/7/24 0:00,1,自,,,新,公
46,2012,id11_44_01,大分県１区,-,3,74590,35,吉良州司,男,1958/3/16 0:00,,民,,,前,国
46,2012,id11_44_01,大分県１区,-,3,34367,16.1,桑原宏史,男,1970/4/16 0:00,,維,,,新,み
46,2012,id11_44_01,大分県１区,-,3,9316,4.4,山本茂,男,1951/2/20 0:00,,共,,,新,
46,2012,id11_44_01,大分県１区,-,3,8586,4,小手川裕市,男,1967/6/15 0:00,,未,生,,新,大
46,2012,id11_44_01,大分県１区,-,3,1149,0.5,染矢誠治,男,1964/11/4 0:00,,無,,,新,
46,2012,id11_44_02,大分県２区,当,1,94666,51.4,衛藤征士郎,男,1941/4/29 0:00,10,自,町,清和会,前,公
46,2012,id11_44_02,大分県２区,比当,2,46786,25.4,吉川元,男,1966/9/28 0:00,,社,,,新,
46,2012,id11_44_02,大分県２区,-,3,31779,17.2,竹内紀彦,男,1969/12/9 0:00,,維,,,新,み
46,2012,id11_44_02,大分県２区,-,3,11008,6,山下魁,男,1976/12/27 0:00,,共,,,新,
46,2012,id11_44_03,大分県３区,当,1,100606,50.3,岩屋毅,男,1957/8/24 0:00,6,自,麻,志公会,前,公
46,2012,id11_44_03,大分県３区,-,3,62949,31.5,横光克彦,男,1943/11/4 0:00,,民,,,前,国
46,2012,id11_44_03,大分県３区,-,3,28013,14,神雅敏,男,1976/6/13 0:00,,み,,,新,維
46,2012,id11_44_03,大分県３区,-,3,8301,4.2,大塚光義,男,1955/10/23 0:00,,共,,,新,
46,2012,id11_45_01,宮崎県１区,当,1,78392,41.4,武井俊輔,男,1975/3/29 0:00,1,自,,,新,
46,2012,id11_45_01,宮崎県１区,-,3,42748,22.6,川村秀三郎,男,1949/2/8 0:00,,民,,,前,国
46,2012,id11_45_01,宮崎県１区,比当,2,37198,19.6,中山成彬,男,1943/6/7 0:00,,維,太,,元,
46,2012,id11_45_01,宮崎県１区,-,3,15300,8.1,外山斎,男,1976/4/23 0:00,,未,生,,新,大
46,2012,id11_45_01,宮崎県１区,-,3,8414,4.4,松村秀利,男,1956/12/10 0:00,,社,,,新,
46,2012,id11_45_01,宮崎県１区,-,3,7475,3.9,松本隆,男,1961/8/6 0:00,,共,,,新,
46,2012,id11_45_02,宮崎県２区,当,1,113432,68.3,江藤拓,男,1960/7/1 0:00,4,自,,,前,公
46,2012,id11_45_02,宮崎県２区,-,3,41070,24.7,道休誠一郎,男,1953/4/1 0:00,,民,,,前,
46,2012,id11_45_02,宮崎県２区,-,3,11545,7,吉田貴行,男,1955/4/11 0:00,,共,,,新,
46,2012,id11_45_03,宮崎県３区,当,1,119174,81.8,古川禎久,男,1965/8/3 0:00,4,自,,,前,公
46,2012,id11_45_03,宮崎県３区,-,3,26533,18.2,来住一人,男,1945/3/15 0:00,,共,,,新,
46,2012,id11_46_01,鹿児島県１区,当,1,76652,45.5,保岡興治,男,1939/5/11 0:00,12,自,山,近未来,元,公
46,2012,id11_46_01,鹿児島県１区,-,3,42792,25.4,川内博史,男,1961/11/2 0:00,,民,,,前,国
46,2012,id11_46_01,鹿児島県１区,比当,2,36188,21.5,山之内毅,男,1981/12/16 0:00,,維,,,新,
46,2012,id11_46_01,鹿児島県１区,-,3,6926,4.1,渡辺信一郎,男,1957/7/20 0:00,,未,,,新,大
46,2012,id11_46_01,鹿児島県１区,-,3,5951,3.5,山口広延,男,1975/4/2 0:00,,共,,,新,
46,2012,id11_46_02,鹿児島県２区,当,1,109744,66.7,徳田毅,男,1971/5/30 0:00,3,自,,,前,公
46,2012,id11_46_02,鹿児島県２区,-,3,45707,27.8,打越明司,男,1958/4/11 0:00,,民,,,前,国
46,2012,id11_46_02,鹿児島県２区,-,3,9177,5.6,三島照,男,1942/2/15 0:00,,共,,,新,
46,2012,id11_46_03,鹿児島県３区,当,1,70320,45.2,野間健,男,1958/10/8 0:00,1,国,,,新,民
46,2012,id11_46_03,鹿児島県３区,比当,2,64169,41.3,宮路和明,男,1940/11/29 0:00,,自,町,清和会,前,公
46,2012,id11_46_03,鹿児島県３区,-,3,15681,10.1,福留大士,男,1976/3/25 0:00,,維,,,新,み
46,2012,id11_46_03,鹿児島県３区,-,3,4098,2.6,大倉野由美子,女,1950/1/8 0:00,,共,,,新,
46,2012,id11_46_03,鹿児島県３区,-,3,1210,0.8,松沢力,男,1982/4/11 0:00,,諸,,,新,
46,2012,id11_46_04,鹿児島県４区,当,1,100415,66.9,小里泰弘,男,1958/9/29 0:00,3,自,,,前,公
46,2012,id11_46_04,鹿児島県４区,-,3,39834,26.5,皆吉稲生,男,1950/7/9 0:00,,民,,,前,国
46,2012,id11_46_04,鹿児島県４区,-,3,9925,6.6,永田義人,男,1949/1/27 0:00,,共,,,新,
46,2012,id11_46_05,鹿児島県５区,当,1,107933,83.1,森山裕,男,1945/4/8 0:00,4,自,山,近未来,前,公
46,2012,id11_46_05,鹿児島県５区,-,3,21886,16.9,野口寛,男,1945/9/23 0:00,,共,,,新,
46,2012,id11_47_01,沖縄県１区,当,1,65233,43.1,国場幸之助,男,1973/1/10 0:00,1,自,,,新,公
46,2012,id11_47_01,沖縄県１区,-,3,46865,30.9,下地幹郎,男,1961/8/14 0:00,,国,,,前,民
46,2012,id11_47_01,沖縄県１区,比当,2,27856,18.4,赤嶺政賢,男,1947/12/18 0:00,,共,,,前,
46,2012,id11_47_01,沖縄県１区,-,3,11514,7.6,安田邦弘,男,1945/2/14 0:00,,維,民,,新,み
46,2012,id11_47_02,沖縄県２区,当,1,73498,49,照屋寛徳,男,1945/7/24 0:00,4,社,,,前,
46,2012,id11_47_02,沖縄県２区,比当,2,55373,36.9,宮崎政久,男,1965/8/8 0:00,,自,,,新,公
46,2012,id11_47_02,沖縄県２区,-,3,19551,13,金城利憲,男,1954/12/5 0:00,,維,,,新,み
46,2012,id11_47_02,沖縄県２区,-,3,1556,1,永井獏,男,1944/5/2 0:00,,無,,,新,
46,2012,id11_47_03,沖縄県３区,当,1,68523,43.6,比嘉奈津美,女,1958/10/3 0:00,1,自,,,新,公
46,2012,id11_47_03,沖縄県３区,比当,2,56711,36.1,玉城デニー,男,1959/10/13 0:00,,未,生,,前,大
46,2012,id11_47_03,沖縄県３区,-,3,12503,7.9,大城俊男,男,1967/4/4 0:00,,維,,,新,み
46,2012,id11_47_03,沖縄県３区,-,3,10269,6.5,宮里昇,男,1947/12/7 0:00,,共,,,新,
46,2012,id11_47_03,沖縄県３区,-,3,7404,4.7,崎浜宏信,男,1956/7/6 0:00,,民,,,新,国
46,2012,id11_47_03,沖縄県３区,-,3,1874,1.2,金城竜郎,男,1964/5/7 0:00,,諸,,,新,
46,2012,id11_47_04,沖縄県４区,当,1,72912,52.2,西銘恒三郎,男,1954/8/7 0:00,3,自,額,平成研,元,公
46,2012,id11_47_04,沖縄県４区,-,3,33791,24.2,瑞慶覧長敏,男,1958/10/24 0:00,,無,民,,前,
46,2012,id11_47_04,沖縄県４区,-,3,12918,9.3,魚森豪太郎,男,1978/8/10 0:00,,維,,,新,み
46,2012,id11_47_04,沖縄県４区,-,3,11825,8.5,真栄里保,男,1956/8/8 0:00,,共,,,新,
46,2012,id11_47_04,沖縄県４区,-,3,8193,5.9,大城信彦,男,1967/11/23 0:00,,民,,,新,
47,2014,id01_01_01,北海道１区,当,1,116398,43.5,横路孝弘,男,1941/1/3 0:00,12,民,,,前,
47,2014,id01_01_01,北海道１区,-,3,105918,39.6,船橋利実,男,1960/11/20 0:00,,自,麻,志公会,前,公
47,2014,id01_01_01,北海道１区,-,3,32031,12,野呂田博之,男,1958/6/25 0:00,,共,,,新,
47,2014,id01_01_01,北海道１区,-,3,13444,5,飯田佳宏,男,1973/3/22 0:00,,無,,,新,
47,2014,id01_01_02,北海道２区,当,1,88667,38.8,吉川貴盛,男,1950/10/20 0:00,5,自,,,前,公
47,2014,id01_01_02,北海道２区,比当,2,56375,24.7,松木謙公,男,1959/2/22 0:00,,維,大,,元,生
47,2014,id01_01_02,北海道２区,-,3,46922,20.6,池田真紀,女,1972/5/24 0:00,,無,,,新,
47,2014,id01_01_02,北海道２区,-,3,36277,15.9,金倉昌俊,男,1974/9/21 0:00,,共,,,新,
47,2014,id01_01_03,北海道３区,当,1,92649,39.5,高木宏寿,男,1960/4/9 0:00,2,自,二,志帥会,前,公
47,2014,id01_01_03,北海道３区,比当,2,85591,36.5,荒井聰,男,1946/5/27 0:00,,民,,,前,
47,2014,id01_01_03,北海道３区,-,3,30271,12.9,吉岡弘子,女,1951/8/15 0:00,,共,,,新,
47,2014,id01_01_03,北海道３区,-,3,26211,11.2,小和田康文,男,1970/8/27 0:00,,維,日維,,新,
47,2014,id01_01_04,北海道４区,当,1,77690,45.4,中村裕之,男,1961/2/23 0:00,2,自,麻,志公会,前,公
47,2014,id01_01_04,北海道４区,-,3,70049,40.9,鉢呂吉雄,男,1948/1/25 0:00,,民,,,元,
47,2014,id01_01_04,北海道４区,-,3,23532,13.7,酒井隆裕,男,1974/4/25 0:00,,共,,,新,
47,2014,id01_01_05,北海道５区,当,1,131394,50.9,町村信孝,男,1944/10/17 0:00,12,自,町,清和会,前,公
47,2014,id01_01_05,北海道５区,-,3,94975,36.8,勝部賢志,男,1959/9/6 0:00,,民,,,新,
47,2014,id01_01_05,北海道５区,-,3,31523,12.2,鈴木龍次,男,1960/4/20 0:00,,共,,,新,
47,2014,id01_01_06,北海道６区,当,1,104595,45.3,佐々木隆博,男,1949/3/10 0:00,3,民,,,元,
47,2014,id01_01_06,北海道６区,比当,2,101748,44,今津寛,男,1946/9/30 0:00,,自,額,平成研,前,公
47,2014,id01_01_06,北海道６区,-,3,24656,10.7,荻生和敏,男,1949/11/19 0:00,,共,,,新,
47,2014,id01_01_07,北海道７区,当,1,72281,45.9,伊東良孝,男,1948/11/24 0:00,3,自,二,志帥会,前,公
47,2014,id01_01_07,北海道７区,比当,2,72056,45.7,鈴木貴子,女,1986/1/5 0:00,,民,大地,,前,
47,2014,id01_01_07,北海道７区,-,3,13218,8.4,石川明美,男,1951/5/16 0:00,,共,,,新,
47,2014,id01_01_08,北海道８区,当,1,97745,47.3,逢坂誠二,男,1959/4/24 0:00,3,民,,,元,
47,2014,id01_01_08,北海道８区,比当,2,91351,44.2,前田一男,男,1966/5/27 0:00,,自,町,清和会,前,公
47,2014,id01_01_08,北海道８区,-,3,17465,8.5,原田有康,男,1948/8/29 0:00,,共,,,新,
47,2014,id01_01_09,北海道９区,当,1,97805,45.7,堀井学,男,1972/2/19 0:00,2,自,町,清和会,前,公
47,2014,id01_01_09,北海道９区,-,3,86252,40.3,山岡達丸,男,1979/7/22 0:00,,民,,,元,
47,2014,id01_01_09,北海道９区,-,3,29841,14,工藤良一,男,1954/4/22 0:00,,共,,,新,
47,2014,id01_01_10,北海道１０区,当,1,86722,48.5,稲津久,男,1958/2/9 0:00,3,公,,,前,自
47,2014,id01_01_10,北海道１０区,-,3,71219,39.8,神谷裕,男,1968/8/10 0:00,,民,,,新,
47,2014,id01_01_10,北海道１０区,-,3,20803,11.6,木村賢治,男,1951/3/31 0:00,,共,,,新,
47,2014,id01_01_11,北海道１１区,当,1,87118,52.2,中川郁子,女,1958/12/22 0:00,2,自,二,志帥会,前,公・改
47,2014,id01_01_11,北海道１１区,-,3,61405,36.8,三津丈夫,男,1946/1/19 0:00,,民,,,新,
47,2014,id01_01_11,北海道１１区,-,3,18303,11,畑中庸助,男,1951/5/7 0:00,,共,,,新,
47,2014,id01_01_12,北海道１２区,当,1,92357,53.4,武部新,男,1970/7/20 0:00,2,自,二,志帥会,前,公
47,2014,id01_01_12,北海道１２区,-,3,62035,35.9,水上美華,女,1982/2/1 0:00,,民,,,新,
47,2014,id01_01_12,北海道１２区,-,3,18451,10.7,菅原誠,男,1973/7/31 0:00,,共,,,新,
47,2014,id02_02_01,青森県１区,当,1,66041,45.1,津島淳,男,1966/10/18 0:00,2,自,額,平成研,前,公
47,2014,id02_02_01,青森県１区,比当,2,62254,42.5,升田世喜男,男,1957/6/5 0:00,,維,日維,,新,
47,2014,id02_02_01,青森県１区,-,3,18274,12.5,吉俣洋,男,1974/1/6 0:00,,共,,,新,
47,2014,id02_02_02,青森県２区,当,1,81054,67.5,江渡聡徳,男,1955/10/12 0:00,6,自,大,有隣会,前,公
47,2014,id02_02_02,青森県２区,-,3,28282,23.5,中野渡詔子,女,1970/12/11 0:00,,維,未,,元,
47,2014,id02_02_02,青森県２区,-,3,10775,9,小笠原良子,女,1949/8/21 0:00,,共,,,新,
47,2014,id02_02_03,青森県３区,当,1,59280,51.2,大島理森,男,1946/9/6 0:00,11,自,大,有隣会,前,公
47,2014,id02_02_03,青森県３区,-,3,49142,42.5,田名部匡代,女,1969/7/10 0:00,,民,,,元,
47,2014,id02_02_03,青森県３区,-,3,7311,6.3,松橋三夫,男,1949/7/14 0:00,,共,,,新,
47,2014,id02_02_04,青森県４区,当,1,79156,59.5,木村太郎,男,1965/7/20 0:00,7,自,町,清和会,前,公
47,2014,id02_02_04,青森県４区,-,3,38106,28.6,山内崇,男,1955/5/11 0:00,,民,,,新,
47,2014,id02_02_04,青森県４区,-,3,15831,11.9,千葉浩規,男,1961/5/6 0:00,,共,,,新,
47,2014,id02_03_01,岩手県１区,当,1,76787,52,階猛,男,1966/10/7 0:00,4,民,,,前,
47,2014,id02_03_01,岩手県１区,比当,2,46409,31.4,高橋比奈子,女,1958/1/19 0:00,,自,大,有隣会,前,公
47,2014,id02_03_01,岩手県１区,-,3,15374,10.4,吉田恭子,女,1981/2/5 0:00,,共,,,新,
47,2014,id02_03_01,岩手県１区,-,3,9052,6.1,細川光正,男,1949/2/6 0:00,,社,,,新,
47,2014,id02_03_02,岩手県２区,当,1,73661,50.1,鈴木俊一,男,1953/4/13 0:00,8,自,岸,宏池会,前,公・改
47,2014,id02_03_02,岩手県２区,-,3,62009,42.2,畑浩治,男,1963/9/28 0:00,,生,未,,前,
47,2014,id02_03_02,岩手県２区,-,3,11289,7.7,久保幸男,男,1958/3/19 0:00,,共,,,新,
47,2014,id02_03_03,岩手県３区,当,1,80339,56.6,黄川田徹,男,1953/10/14 0:00,6,民,,,前,
47,2014,id02_03_03,岩手県３区,比当,2,46165,32.5,橋本英教,男,1967/8/28 0:00,,自,町,清和会,前,公
47,2014,id02_03_03,岩手県３区,-,3,15328,10.8,菊池幸夫,男,1959/1/3 0:00,,共,,,新,
47,2014,id02_03_04,岩手県４区,当,1,75293,47.8,小沢一郎,男,1942/5/24 0:00,16,生,未,,前,
47,2014,id02_03_04,岩手県４区,比当,2,57824,36.7,藤原崇,男,1983/8/2 0:00,,自,町,清和会,前,公
47,2014,id02_03_04,岩手県４区,-,3,24421,15.5,高橋綱記,男,1947/12/5 0:00,,共,,,新,
47,2014,id02_04_01,宮城県１区,当,1,93345,46.8,土井亨,男,1958/8/12 0:00,3,自,町,清和会,前,公
47,2014,id02_04_01,宮城県１区,比当,2,81113,40.7,郡和子,女,1957/3/31 0:00,,民,,,前,
47,2014,id02_04_01,宮城県１区,-,3,25063,12.6,松井秀明,男,1968/12/11 0:00,,共,,,新,
47,2014,id02_04_02,宮城県２区,当,1,91289,45.5,秋葉賢也,男,1962/7/3 0:00,5,自,,,前,公
47,2014,id02_04_02,宮城県２区,-,3,60653,30.2,林宙紀,男,1977/11/13 0:00,,維,結,,前,
47,2014,id02_04_02,宮城県２区,-,3,21630,10.8,大内真理,女,1978/7/6 0:00,,共,,,新,
47,2014,id02_04_02,宮城県２区,-,3,15228,7.6,増元照明,男,1955/10/5 0:00,,次,,,新,
47,2014,id02_04_02,宮城県２区,-,3,11725,5.8,桑島崇史,男,1979/3/12 0:00,,社,,,新,
47,2014,id02_04_03,宮城県３区,当,1,76246,54.5,西村明宏,男,1960/7/16 0:00,4,自,町,清和会,前,公・改
47,2014,id02_04_03,宮城県３区,-,3,48957,35,橋本清仁,男,1971/5/8 0:00,,民,,,元,
47,2014,id02_04_03,宮城県３区,-,3,14712,10.5,吉田剛,男,1981/11/15 0:00,,共,,,新,
47,2014,id02_04_04,宮城県４区,当,1,68773,57.3,伊藤信太郎,男,1953/5/6 0:00,5,自,大,有隣会,前,公
47,2014,id02_04_04,宮城県４区,-,3,35242,29.4,井戸正枝,女,1965/12/13 0:00,,民,,,元,
47,2014,id02_04_04,宮城県４区,-,3,16041,13.4,小高洋,男,1980/9/17 0:00,,共,,,新,
47,2014,id02_04_05,宮城県５区,当,1,64753,59.5,安住淳,男,1962/1/17 0:00,7,民,,,前,
47,2014,id02_04_05,宮城県５区,比当,2,34293,31.5,勝沼栄明,男,1974/11/26 0:00,,自,二,志帥会,前,
47,2014,id02_04_05,宮城県５区,-,3,9763,9,高村直也,男,1983/9/16 0:00,,共,,,新,
47,2014,id02_04_06,宮城県６区,当,1,101223,70.6,小野寺五典,男,1960/5/5 0:00,6,自,岸,宏池会,前,公
47,2014,id02_04_06,宮城県６区,-,3,32797,22.9,鎌田さゆり,女,1965/1/8 0:00,,民,,,元,
47,2014,id02_04_06,宮城県６区,-,3,9351,6.5,内藤隆司,男,1958/8/13 0:00,,共,,,新,
47,2014,id02_05_01,秋田県１区,当,1,66388,47,冨樫博之,男,1955/4/27 0:00,2,自,,,前,公
47,2014,id02_05_01,秋田県１区,比当,2,57782,40.9,寺田学,男,1976/9/20 0:00,,民,,,元,
47,2014,id02_05_01,秋田県１区,-,3,11579,8.2,山内梅良,男,1948/1/1 0:00,,共,,,新,
47,2014,id02_05_01,秋田県１区,-,3,5441,3.9,伊藤正通,男,1951/10/7 0:00,,社,,,新,
47,2014,id02_05_02,秋田県２区,当,1,82046,54.7,金田勝年,男,1949/10/4 0:00,3,自,額,平成研,前,公
47,2014,id02_05_02,秋田県２区,-,3,56701,37.8,緑川貴士,男,1985/1/10 0:00,,民,,,新,
47,2014,id02_05_02,秋田県２区,-,3,11247,7.5,藤本金治,男,1946/8/20 0:00,,共,,,新,
47,2014,id02_05_03,秋田県３区,当,1,94096,47.8,御法川信英,男,1964/5/25 0:00,4,自,,,前,公
47,2014,id02_05_03,秋田県３区,比当,2,88483,44.9,村岡敏英,男,1960/7/25 0:00,,維,日維,,前,
47,2014,id02_05_03,秋田県３区,-,3,14333,7.3,我妻桂子,女,1954/4/14 0:00,,共,,,新,
47,2014,id02_06_01,山形県１区,当,1,98508,61.1,遠藤利明,男,1950/1/17 0:00,7,自,,,前,公
47,2014,id02_06_01,山形県１区,-,3,46029,28.6,原田和広,男,1973/4/5 0:00,,民,,,新,
47,2014,id02_06_01,山形県１区,-,3,16577,10.3,石川渉,男,1973/12/13 0:00,,共,,,新,
47,2014,id02_06_02,山形県２区,当,1,97915,49.1,鈴木憲和,男,1982/1/30 0:00,2,自,,,前,公
47,2014,id02_06_02,山形県２区,比当,2,90420,45.3,近藤洋介,男,1965/5/19 0:00,,民,,,前,
47,2014,id02_06_02,山形県２区,-,3,11086,5.6,白根沢澄子,女,1950/7/18 0:00,,共,,,新,
47,2014,id02_06_03,山形県３区,当,1,79872,42.9,加藤鮎子,女,1979/4/19 0:00,1,自,,,新,公
47,2014,id02_06_03,山形県３区,-,3,78384,42.1,阿部寿一,男,1959/8/17 0:00,,無,,,前,
47,2014,id02_06_03,山形県３区,-,3,15981,8.6,吉田大成,男,1969/11/12 0:00,,民,,,新,
47,2014,id02_06_03,山形県３区,-,3,10794,5.8,長谷川剛,男,1978/4/6 0:00,,共,,,新,
47,2014,id02_06_03,山形県３区,-,3,1319,0.7,佐藤誠,男,1948/1/24 0:00,,無,,,新,
47,2014,id02_07_01,福島県１区,当,1,102929,47.4,亀岡偉民,男,1955/9/10 0:00,3,自,町,清和会,前,公・改
47,2014,id02_07_01,福島県１区,比当,2,97630,44.9,金子恵美,女,1978/2/27 0:00,,民,,,新,
47,2014,id02_07_01,福島県１区,-,3,16748,7.7,渡部保子,女,1942/2/1 0:00,,共,,,新,
47,2014,id02_07_02,福島県２区,当,1,91686,55.2,根本匠,男,1951/3/7 0:00,7,自,岸,宏池会,前,公・改
47,2014,id02_07_02,福島県２区,-,3,58358,35.2,岡部光規,男,1968/9/21 0:00,,民,,,新,
47,2014,id02_07_02,福島県２区,-,3,15947,9.6,平善彦,男,1952/5/6 0:00,,共,,,新,
47,2014,id02_07_03,福島県３区,当,1,94462,60,玄葉光一郎,男,1964/5/20 0:00,8,民,,,前,
47,2014,id02_07_03,福島県３区,-,3,49174,31.2,上杉謙太郎,男,1975/4/20 0:00,,自,,,新,公・改
47,2014,id02_07_03,福島県３区,-,3,13824,8.8,横田洋子,女,1958/10/7 0:00,,共,,,新,
47,2014,id02_07_04,福島県４区,当,1,56856,42.8,小熊慎司,男,1968/6/16 0:00,2,維,日維,,前,
47,2014,id02_07_04,福島県４区,比当,2,56440,42.5,菅家一郎,男,1955/5/20 0:00,,自,町,清和会,前,公・改
47,2014,id02_07_04,福島県４区,-,3,10139,7.6,小川右善,男,1949/8/28 0:00,,社,,,新,
47,2014,id02_07_04,福島県４区,-,3,9413,7.1,田中和加子,女,1956/1/31 0:00,,共,,,新,
47,2014,id02_07_05,福島県５区,当,1,71102,46.6,吉野正芳,男,1948/8/8 0:00,6,自,町,清和会,前,改
47,2014,id02_07_05,福島県５区,-,3,60041,39.3,吉田泉,男,1949/2/26 0:00,,民,,,前,
47,2014,id02_07_05,福島県５区,-,3,21527,14.1,吉田英策,男,1958/12/21 0:00,,共,,,新,
47,2014,id03_08_01,茨城県１区,当,1,105536,49.1,田所嘉徳,男,1954/1/19 0:00,2,自,,,前,公
47,2014,id03_08_01,茨城県１区,比当,2,77179,35.9,福島伸享,男,1970/8/8 0:00,,民,,,元,
47,2014,id03_08_01,茨城県１区,-,3,32048,14.9,大内久美子,女,1949/8/14 0:00,,共,,,新,
47,2014,id03_08_02,茨城県２区,当,1,142238,76.7,額賀福志郎,男,1944/1/11 0:00,11,自,額,平成研,前,公
47,2014,id03_08_02,茨城県２区,-,3,43303,23.3,川井宏子,女,1965/8/22 0:00,,共,,,新,
47,2014,id03_08_03,茨城県３区,当,1,120500,57.6,葉梨康弘,男,1959/10/12 0:00,4,自,岸,宏池会,前,公
47,2014,id03_08_03,茨城県３区,-,3,55103,26.4,石井章,男,1957/5/6 0:00,,維,日維,,元,
47,2014,id03_08_03,茨城県３区,-,3,33465,16,小林恭子,女,1950/11/12 0:00,,共,,,新,
47,2014,id03_08_04,茨城県４区,当,1,95655,64.5,梶山弘志,男,1955/10/18 0:00,6,自,,,前,公
47,2014,id03_08_04,茨城県４区,-,3,41507,28,高野守,男,1959/7/22 0:00,,民,,,元,
47,2014,id03_08_04,茨城県４区,-,3,9331,6.3,堀江鶴治,男,1941/11/20 0:00,,共,,,新,
47,2014,id03_08_04,茨城県４区,-,3,1874,1.3,木村隆,男,1951/1/27 0:00,,無,,,新,
47,2014,id03_08_05,茨城県５区,当,1,60688,48.3,大畠章宏,男,1947/10/5 0:00,9,民,,,前,
47,2014,id03_08_05,茨城県５区,比当,2,53732,42.8,石川昭政,男,1972/9/18 0:00,,自,,,前,
47,2014,id03_08_05,茨城県５区,-,3,11239,8.9,福田明,男,1956/9/11 0:00,,共,,,新,
47,2014,id03_08_06,茨城県６区,当,1,119116,51.8,丹羽雄哉,男,1944/4/20 0:00,12,自,岸,宏池会,前,公
47,2014,id03_08_06,茨城県６区,-,3,85120,37,青山大人,男,1979/1/24 0:00,,民,,,新,
47,2014,id03_08_06,茨城県６区,-,3,25709,11.2,井上圭一,男,1962/4/25 0:00,,共,,,新,
47,2014,id03_08_07,茨城県７区,当,1,88393,51.1,中村喜四郎,男,1949/4/10 0:00,13,無,,,前,公
47,2014,id03_08_07,茨城県７区,比当,2,65638,38,永岡桂子,女,1953/12/8 0:00,,自,麻,志公会,前,
47,2014,id03_08_07,茨城県７区,-,3,18883,10.9,白畑勇,男,1952/5/3 0:00,,共,,,新,
47,2014,id03_09_01,栃木県１区,当,1,110030,56.5,船田元,男,1953/11/22 0:00,11,自,額,平成研,前,公
47,2014,id03_09_01,栃木県１区,-,3,63332,32.5,柏倉祐司,男,1969/4/10 0:00,,民,み,,前,
47,2014,id03_09_01,栃木県１区,-,3,21543,11.1,野村節子,女,1953/2/3 0:00,,共,,,新,
47,2014,id03_09_02,栃木県２区,当,1,62439,46.7,福田昭夫,男,1948/4/17 0:00,4,民,,,前,
47,2014,id03_09_02,栃木県２区,比当,2,62240,46.5,西川公也,男,1942/12/26 0:00,,自,二,志帥会,前,公
47,2014,id03_09_02,栃木県２区,-,3,9054,6.8,阿部秀実,男,1959/9/28 0:00,,共,,,新,
47,2014,id03_09_03,栃木県３区,当,1,62814,48.7,簗和生,男,1979/4/22 0:00,2,自,町,清和会,前,公
47,2014,id03_09_03,栃木県３区,-,3,51627,40.1,渡辺喜美,男,1952/3/17 0:00,,無,み,,前,
47,2014,id03_09_03,栃木県３区,-,3,14438,11.2,秋山幸子,女,1951/4/14 0:00,,共,,,新,
47,2014,id03_09_04,栃木県４区,当,1,114328,59.1,佐藤勉,男,1952/6/20 0:00,7,自,,,前,公
47,2014,id03_09_04,栃木県４区,-,3,62251,32.2,藤岡隆雄,男,1977/3/28 0:00,,民,み,,新,
47,2014,id03_09_04,栃木県４区,-,3,16773,8.7,山崎寿彦,男,1952/10/29 0:00,,共,,,新,
47,2014,id03_09_05,栃木県５区,当,1,101514,76.5,茂木敏充,男,1955/10/7 0:00,8,自,額,平成研,前,公
47,2014,id03_09_05,栃木県５区,-,3,31119,23.5,川上均,男,1956/1/22 0:00,,共,,,新,
47,2014,id03_10_01,群馬県１区,当,1,61927,33,佐田玄一郎,男,1952/12/22 0:00,9,自,額,平成研,前,
47,2014,id03_10_01,群馬県１区,-,3,54530,29,上野宏史,男,1971/2/23 0:00,,無,日維,,前,
47,2014,id03_10_01,群馬県１区,比当,2,49862,26.6,宮崎岳志,男,1970/2/14 0:00,,民,,,元,
47,2014,id03_10_01,群馬県１区,-,3,21394,11.4,店橋世津子,女,1961/7/31 0:00,,共,,,新,
47,2014,id03_10_02,群馬県２区,当,1,84530,53.6,井野俊郎,男,1980/1/8 0:00,2,自,額,平成研,前,公
47,2014,id03_10_02,群馬県２区,比当,2,53038,33.6,石関貴史,男,1972/2/18 0:00,,維,日維,,前,
47,2014,id03_10_02,群馬県２区,-,3,20068,12.7,藤掛順恒,男,1946/5/24 0:00,,共,,,新,
47,2014,id03_10_03,群馬県３区,当,1,83837,56.2,笹川博義,男,1966/8/29 0:00,2,自,,,前,公
47,2014,id03_10_03,群馬県３区,-,3,49494,33.2,長谷川嘉一,男,1952/11/6 0:00,,民,生,,新,
47,2014,id03_10_03,群馬県３区,-,3,15972,10.7,渋沢哲男,男,1959/6/18 0:00,,共,,,新,
47,2014,id03_10_04,群馬県４区,当,1,102153,71.3,福田達夫,男,1967/3/5 0:00,2,自,町,清和会,前,公
47,2014,id03_10_04,群馬県４区,-,3,41148,28.7,萩原貞夫,男,1949/1/1 0:00,,共,,,新,
47,2014,id03_10_05,群馬県５区,当,1,114458,71,小渕優子,女,1973/12/11 0:00,6,自,額,平成研,前,公
47,2014,id03_10_05,群馬県５区,-,3,23590,14.6,小林人志,男,1951/11/9 0:00,,社,,,新,
47,2014,id03_10_05,群馬県５区,-,3,23121,14.3,糸井洋,男,1968/11/7 0:00,,共,,,新,
47,2014,id03_11_01,埼玉県１区,当,1,105760,46.9,村井英樹,男,1980/5/14 0:00,2,自,岸,宏池会,前,公
47,2014,id03_11_01,埼玉県１区,比当,2,82857,36.8,武正公一,男,1961/3/23 0:00,,民,,,前,
47,2014,id03_11_01,埼玉県１区,-,3,28259,12.5,松村敏夫,男,1974/6/18 0:00,,共,,,新,
47,2014,id03_11_01,埼玉県１区,-,3,8492,3.8,松本翔,男,1985/9/15 0:00,,社,,,新,
47,2014,id03_11_02,埼玉県２区,当,1,128938,64.8,新藤義孝,男,1958/1/20 0:00,6,自,額,平成研,前,公
47,2014,id03_11_02,埼玉県２区,-,3,70074,35.2,奥田智子,女,1968/12/5 0:00,,共,,,新,
47,2014,id03_11_03,埼玉県３区,当,1,107986,49.6,黄川田仁志,男,1970/10/13 0:00,2,自,,,前,公
47,2014,id03_11_03,埼玉県３区,-,3,75715,34.8,細川律夫,男,1943/8/8 0:00,,民,,,元,
47,2014,id03_11_03,埼玉県３区,-,3,33858,15.6,宮川雅之,男,1974/11/29 0:00,,共,,,新,
47,2014,id03_11_04,埼玉県４区,当,1,88730,48.1,豊田真由子,女,1974/10/10 0:00,2,自,町,清和会,前,公
47,2014,id03_11_04,埼玉県４区,-,3,62062,33.6,神風英男,男,1961/10/10 0:00,,民,,,元,
47,2014,id03_11_04,埼玉県４区,-,3,33646,18.2,桜井晴子,女,1956/7/27 0:00,,共,,,新,
47,2014,id03_11_05,埼玉県５区,当,1,90030,46.1,枝野幸男,男,1964/5/31 0:00,8,民,,,前,
47,2014,id03_11_05,埼玉県５区,比当,2,86636,44.4,牧原秀樹,男,1971/6/4 0:00,,自,,,前,公
47,2014,id03_11_05,埼玉県５区,-,3,18654,9.6,山本悠子,女,1952/5/12 0:00,,共,,,新,
47,2014,id03_11_06,埼玉県６区,当,1,103918,46.2,大島敦,男,1956/12/21 0:00,6,民,,,前,
47,2014,id03_11_06,埼玉県６区,比当,2,94303,41.9,中根一幸,男,1969/7/11 0:00,,自,町,清和会,前,公
47,2014,id03_11_06,埼玉県６区,-,3,26825,11.9,戸口佐一,男,1950/1/22 0:00,,共,,,新,
47,2014,id03_11_07,埼玉県７区,当,1,89089,43,神山佐市,男,1954/8/17 0:00,2,自,,,前,公
47,2014,id03_11_07,埼玉県７区,比当,2,73513,35.5,小宮山泰子,女,1965/4/25 0:00,,民,生,,前,生
47,2014,id03_11_07,埼玉県７区,-,3,31119,15,長沼チネ,女,1950/1/29 0:00,,共,,,新,
47,2014,id03_11_07,埼玉県７区,-,3,13500,6.5,根本千裕,男,1959/3/29 0:00,,次,,,新,
47,2014,id03_11_08,埼玉県８区,当,1,93126,50.3,柴山昌彦,男,1965/12/5 0:00,5,自,町,清和会,前,
47,2014,id03_11_08,埼玉県８区,-,3,61711,33.3,小野塚勝俊,男,1972/5/5 0:00,,民,,,元,
47,2014,id03_11_08,埼玉県８区,-,3,30212,16.3,辻源巳,男,1971/9/22 0:00,,共,,,新,
47,2014,id03_11_09,埼玉県９区,当,1,111316,53,大塚拓,男,1973/6/14 0:00,3,自,町,清和会,前,公
47,2014,id03_11_09,埼玉県９区,-,3,60121,28.6,青柳仁士,男,1978/11/7 0:00,,維,日維,,新,
47,2014,id03_11_09,埼玉県９区,-,3,38534,18.4,広森すみ子,女,1948/1/2 0:00,,共,,,新,
47,2014,id03_11_10,埼玉県１０区,当,1,83544,47.4,山口泰明,男,1948/11/10 0:00,6,自,額,平成研,前,公
47,2014,id03_11_10,埼玉県１０区,比当,2,65104,36.9,坂本祐之輔,男,1955/1/30 0:00,,維,日維,,前,
47,2014,id03_11_10,埼玉県１０区,-,3,27787,15.7,石井祐一,男,1951/7/18 0:00,,共,,,新,
47,2014,id03_11_11,埼玉県１１区,当,1,100636,55.4,小泉龍司,男,1952/9/17 0:00,5,無,,,前,
47,2014,id03_11_11,埼玉県１１区,比当,2,53276,29.3,今野智博,男,1975/7/25 0:00,,自,町,清和会,前,
47,2014,id03_11_11,埼玉県１１区,-,3,27904,15.3,柴岡祐真,男,1984/3/15 0:00,,共,,,新,
47,2014,id03_11_12,埼玉県１２区,当,1,72422,38.6,野中厚,男,1976/11/17 0:00,2,自,額,平成研,前,公
47,2014,id03_11_12,埼玉県１２区,-,3,57299,30.5,森田俊和,男,1974/9/19 0:00,,次,,,新,
47,2014,id03_11_12,埼玉県１２区,-,3,41407,22.1,本多平直,男,1964/12/2 0:00,,民,,,元,
47,2014,id03_11_12,埼玉県１２区,-,3,16570,8.8,鈴木千賀子,女,1955/6/11 0:00,,共,,,新,
47,2014,id03_11_13,埼玉県１３区,当,1,90167,50.2,土屋品子,女,1952/2/9 0:00,6,自,,,前,公
47,2014,id03_11_13,埼玉県１３区,-,3,44916,25,山内康一,男,1973/8/25 0:00,,民,み,,前,
47,2014,id03_11_13,埼玉県１３区,-,3,27111,15.1,秋山文和,男,1947/10/15 0:00,,共,,,新,
47,2014,id03_11_13,埼玉県１３区,-,3,17254,9.6,中村匡志,男,1977/2/7 0:00,,次,日維,,新,
47,2014,id03_11_14,埼玉県１４区,当,1,96511,47.6,三ツ林裕巳,男,1955/9/7 0:00,2,自,町,清和会,前,公
47,2014,id03_11_14,埼玉県１４区,比当,2,73320,36.1,鈴木義弘,男,1962/11/10 0:00,,維,日維,,前,
47,2014,id03_11_14,埼玉県１４区,-,3,33103,16.3,苗村光雄,男,1956/1/14 0:00,,共,,,新,
47,2014,id03_11_15,埼玉県１５区,当,1,98287,52.3,田中良生,男,1963/11/11 0:00,3,自,,,前,公
47,2014,id03_11_15,埼玉県１５区,-,3,60671,32.3,高山智司,男,1970/4/20 0:00,,民,,,元,
47,2014,id03_11_15,埼玉県１５区,-,3,28945,15.4,田村勉,男,1948/1/28 0:00,,共,,,新,
47,2014,id04_12_01,千葉県１区,当,1,84755,41.1,田嶋要,男,1961/9/22 0:00,5,民,,,前,
47,2014,id04_12_01,千葉県１区,比当,2,76937,37.3,門山宏哲,男,1964/9/3 0:00,,自,,,前,公
47,2014,id04_12_01,千葉県１区,-,3,26322,12.8,田沼隆志,男,1975/12/26 0:00,,次,日維,,前,
47,2014,id04_12_01,千葉県１区,-,3,18182,8.8,吉田直義,男,1987/10/23 0:00,,共,,,新,
47,2014,id04_12_02,千葉県２区,当,1,118592,54.2,小林鷹之,男,1974/11/29 0:00,2,自,二,志帥会,前,公
47,2014,id04_12_02,千葉県２区,-,3,56479,25.8,藤巻健太,男,1983/10/7 0:00,,維,,,新,
47,2014,id04_12_02,千葉県２区,-,3,43622,19.9,小松実,男,1948/10/13 0:00,,共,,,新,
47,2014,id04_12_03,千葉県３区,当,1,85277,53.4,松野博一,男,1962/9/13 0:00,6,自,町,清和会,前,公
47,2014,id04_12_03,千葉県３区,-,3,30238,18.9,岡島一正,男,1957/11/3 0:00,,生,未,,元,
47,2014,id04_12_03,千葉県３区,-,3,29656,18.6,青山明日香,女,1982/8/30 0:00,,民,,,新,
47,2014,id04_12_03,千葉県３区,-,3,14611,9.1,椛沢洋平,男,1979/1/9 0:00,,共,,,新,
47,2014,id04_12_04,千葉県４区,当,1,119193,51.7,野田佳彦,男,1957/5/20 0:00,7,民,,,前,
47,2014,id04_12_04,千葉県４区,-,3,67600,29.3,木村哲也,男,1969/7/6 0:00,,自,,,新,公
47,2014,id04_12_04,千葉県４区,比当,2,24275,10.5,斉藤和子,女,1974/9/29 0:00,,共,,,新,
47,2014,id04_12_04,千葉県４区,-,3,19510,8.5,西尾憲一,男,1950/12/14 0:00,,無,,,新,
47,2014,id04_12_05,千葉県５区,当,1,105941,53.8,薗浦健太郎,男,1972/6/3 0:00,3,自,麻,志公会,前,公
47,2014,id04_12_05,千葉県５区,-,3,57500,29.2,村越祐民,男,1974/2/13 0:00,,民,,,元,
47,2014,id04_12_05,千葉県５区,-,3,28055,14.2,浅野史子,女,1970/8/14 0:00,,共,,,新,
47,2014,id04_12_05,千葉県５区,-,3,5411,2.7,石田和男,男,1937/5/25 0:00,,無,,,新,
47,2014,id04_12_06,千葉県６区,当,1,77066,45.9,渡辺博道,男,1950/8/3 0:00,6,自,額,平成研,前,公
47,2014,id04_12_06,千葉県６区,-,3,50323,29.9,生方幸夫,男,1947/10/31 0:00,,民,,,前,
47,2014,id04_12_06,千葉県６区,-,3,25242,15,三輪由美,女,1955/9/8 0:00,,共,,,新,
47,2014,id04_12_06,千葉県６区,-,3,15395,9.2,遠藤宣彦,男,1963/6/5 0:00,,次,日維,,元,
47,2014,id04_12_07,千葉県７区,当,1,111030,55,斎藤健,男,1959/6/14 0:00,3,自,,,前,公
47,2014,id04_12_07,千葉県７区,-,3,48651,24.1,石塚貞通,男,1967/4/20 0:00,,維,結,,新,
47,2014,id04_12_07,千葉県７区,-,3,27306,13.5,渡部隆夫,男,1943/5/15 0:00,,共,,,新,
47,2014,id04_12_07,千葉県７区,-,3,14718,7.3,阿部治正,男,1954/2/25 0:00,,社,,,新,
47,2014,id04_12_08,千葉県８区,当,1,98569,49.2,桜田義孝,男,1949/12/20 0:00,6,自,,,前,公
47,2014,id04_12_08,千葉県８区,比当,2,69667,34.8,太田和美,女,1979/8/28 0:00,,維,生,,元,
47,2014,id04_12_08,千葉県８区,-,3,32118,16,小野里定良,男,1947/7/22 0:00,,共,,,新,
47,2014,id04_12_09,千葉県９区,当,1,85092,42.9,秋本真利,男,1975/8/10 0:00,2,自,,,前,公
47,2014,id04_12_09,千葉県９区,比当,2,68564,34.6,奥野総一郎,男,1964/7/15 0:00,,民,,,前,
47,2014,id04_12_09,千葉県９区,-,3,24039,12.1,西田譲,男,1975/9/6 0:00,,次,日維,,前,
47,2014,id04_12_09,千葉県９区,-,3,20745,10.5,鴨志田安代,男,1955/8/17 0:00,,共,,,新,
47,2014,id04_12_10,千葉県１０区,当,1,97783,55,林幹雄,男,1947/1/3 0:00,8,自,二,志帥会,前,公
47,2014,id04_12_10,千葉県１０区,-,3,65809,37,谷田川元,男,1963/1/17 0:00,,民,,,元,
47,2014,id04_12_10,千葉県１０区,-,3,14049,7.9,笠原正実,男,1954/2/7 0:00,,共,,,新,
47,2014,id04_12_11,千葉県１１区,当,1,110965,63.1,森英介,男,1948/8/31 0:00,9,自,麻,志公会,前,公
47,2014,id04_12_11,千葉県１１区,-,3,38783,22.1,金子健一,男,1957/11/2 0:00,,生,未,,元,
47,2014,id04_12_11,千葉県１１区,-,3,25997,14.8,椎名史明,男,1957/5/30 0:00,,共,,,新,
47,2014,id04_12_12,千葉県１２区,当,1,134037,74.3,浜田靖一,男,1955/10/21 0:00,8,自,,,前,公
47,2014,id04_12_12,千葉県１２区,-,3,46397,25.7,米本展久,男,1951/5/4 0:00,,共,,,新,
47,2014,id04_12_13,千葉県１３区,当,1,96294,50.9,白須賀貴樹,男,1975/3/16 0:00,2,自,町,清和会,前,公
47,2014,id04_12_13,千葉県１３区,-,3,64725,34.2,若井康彦,男,1946/3/1 0:00,,民,,,前,
47,2014,id04_12_13,千葉県１３区,-,3,28147,14.9,中川勝敏,男,1946/3/26 0:00,,共,,,新,
47,2014,id04_14_01,神奈川県１区,当,1,113844,52.4,松本純,男,1950/4/11 0:00,6,自,麻,志公会,前,公
47,2014,id04_14_01,神奈川県１区,比当,2,68061,31.3,篠原豪,男,1975/2/12 0:00,,維,結,,新,
47,2014,id04_14_01,神奈川県１区,-,3,35465,16.3,明石行夫,男,1959/3/7 0:00,,共,,,新,
47,2014,id04_14_02,神奈川県２区,当,1,147084,67.7,菅義偉,男,1948/12/6 0:00,7,自,,,前,公
47,2014,id04_14_02,神奈川県２区,-,3,47119,21.7,三輪智恵美,女,1953/12/23 0:00,,共,,,新,
47,2014,id04_14_02,神奈川県２区,-,3,23011,10.6,岡本幸三,男,1960/5/27 0:00,,生,未,,新,
47,2014,id04_14_03,神奈川県３区,当,1,102323,50.2,小此木八郎,男,1965/6/22 0:00,7,自,,,前,公
47,2014,id04_14_03,神奈川県３区,-,3,50199,24.6,勝又恒一郎,男,1962/12/11 0:00,,民,,,元,
47,2014,id04_14_03,神奈川県３区,-,3,31853,15.6,木佐木忠晶,男,1984/7/8 0:00,,共,,,新,
47,2014,id04_14_03,神奈川県３区,-,3,19516,9.6,横田光弘,男,1957/11/24 0:00,,次,日維,,新,
47,2014,id04_14_04,神奈川県４区,当,1,91063,48.1,浅尾慶一郎,男,1964/2/11 0:00,3,無,み,,前,
47,2014,id04_14_04,神奈川県４区,比当,2,61479,32.5,山本朋広,男,1975/6/20 0:00,,自,,,前,公
47,2014,id04_14_04,神奈川県４区,-,3,20063,10.6,加藤勝広,男,1944/11/17 0:00,,共,,,新,
47,2014,id04_14_04,神奈川県４区,-,3,16633,8.8,荻原隆宏,男,1970/1/25 0:00,,無,民,,新,
47,2014,id04_14_05,神奈川県５区,当,1,112963,47.8,坂井学,男,1965/9/4 0:00,3,自,,,前,公
47,2014,id04_14_05,神奈川県５区,比当,2,56647,23.9,水戸将史,男,1962/7/28 0:00,,維,日維,,新,
47,2014,id04_14_05,神奈川県５区,-,3,32075,13.6,横山征吾,男,1971/4/23 0:00,,共,,,新,
47,2014,id04_14_05,神奈川県５区,-,3,27188,11.5,後藤田弥生,女,1966/2/8 0:00,,無,,,新,
47,2014,id04_14_05,神奈川県５区,-,3,7656,3.2,河野敏久,男,1956/11/11 0:00,,次,,,新,
47,2014,id04_14_06,神奈川県６区,当,1,78746,39.9,上田勇,男,1958/8/5 0:00,7,公,,,前,自
47,2014,id04_14_06,神奈川県６区,比当,2,52368,26.5,青柳陽一郎,男,1969/8/29 0:00,,維,結,,前,
47,2014,id04_14_06,神奈川県６区,-,3,43464,22,三村和也,男,1975/9/9 0:00,,民,,,元,
47,2014,id04_14_06,神奈川県６区,-,3,23013,11.6,北谷真利,女,1961/12/8 0:00,,共,,,新,
47,2014,id04_14_07,神奈川県７区,当,1,101088,44.4,鈴木馨祐,男,1977/2/9 0:00,3,自,麻,志公会,前,公
47,2014,id04_14_07,神奈川県７区,-,3,50511,22.2,中谷一馬,男,1983/8/30 0:00,,民,,,新,
47,2014,id04_14_07,神奈川県７区,-,3,39964,17.5,豊田有希,男,1975/5/7 0:00,,維,み,,新,
47,2014,id04_14_07,神奈川県７区,-,3,26151,11.5,大山奈々子,女,1963/3/16 0:00,,共,,,新,
47,2014,id04_14_07,神奈川県７区,-,3,10073,4.4,松田学,男,1957/11/11 0:00,,次,日維,,前,
47,2014,id04_14_08,神奈川県８区,当,1,116189,54.5,江田憲司,男,1956/4/28 0:00,5,維,結,,前,
47,2014,id04_14_08,神奈川県８区,比当,2,73032,34.2,福田峰之,男,1964/4/8 0:00,,自,,,前,公
47,2014,id04_14_08,神奈川県８区,-,3,24024,11.3,若林靖久,男,1985/5/16 0:00,,共,,,新,
47,2014,id04_14_09,神奈川県９区,当,1,64534,37.9,笠浩史,男,1965/1/3 0:00,5,民,,,前,
47,2014,id04_14_09,神奈川県９区,比当,2,59991,35.2,中山展宏,男,1968/9/16 0:00,,自,,,前,公
47,2014,id04_14_09,神奈川県９区,-,3,27762,16.3,椎名毅,男,1975/11/20 0:00,,維,結,,前,
47,2014,id04_14_09,神奈川県９区,-,3,18134,10.6,堀口望,男,1976/7/31 0:00,,共,,,新,
47,2014,id04_14_10,神奈川県１０区,当,1,114564,52.2,田中和徳,男,1949/1/21 0:00,7,自,,,前,公
47,2014,id04_14_10,神奈川県１０区,-,3,66897,30.5,城島光力,男,1947/1/1 0:00,,民,,,元,
47,2014,id04_14_10,神奈川県１０区,-,3,38025,17.3,中野智裕,男,1958/4/16 0:00,,共,,,新,
47,2014,id04_14_11,神奈川県１１区,当,1,168953,83.3,小泉進次郎,男,1981/4/14 0:00,3,自,,,前,
47,2014,id04_14_11,神奈川県１１区,-,3,33930,16.7,瀬戸和弘,男,1952/6/2 0:00,,共,,,新,
47,2014,id04_14_12,神奈川県１２区,当,1,83327,42.4,星野剛士,男,1963/8/8 0:00,2,自,,,前,公
47,2014,id04_14_12,神奈川県１２区,比当,2,82612,42.1,阿部知子,女,1948/4/24 0:00,,民,みど,,前,
47,2014,id04_14_12,神奈川県１２区,-,3,16189,8.2,味村耕太郎,男,1989/5/26 0:00,,共,,,新,
47,2014,id04_14_12,神奈川県１２区,-,3,14208,7.2,甘粕和彦,男,1983/2/25 0:00,,次,日維,,新,
47,2014,id04_14_13,神奈川県１３区,当,1,142201,60.5,甘利明,男,1949/8/27 0:00,11,自,,,前,公
47,2014,id04_14_13,神奈川県１３区,-,3,58941,25.1,伊藤優太,男,1985/4/3 0:00,,維,,,新,
47,2014,id04_14_13,神奈川県１３区,-,3,34014,14.5,高久良美,男,1954/1/14 0:00,,共,,,新,
47,2014,id04_14_14,神奈川県１４区,当,1,109408,47.2,赤間二郎,男,1968/3/27 0:00,3,自,麻,志公会,前,公
47,2014,id04_14_14,神奈川県１４区,比当,2,83485,36,本村賢太郎,男,1970/4/17 0:00,,民,,,元,
47,2014,id04_14_14,神奈川県１４区,-,3,22720,9.8,中野渡旬,男,1948/5/20 0:00,,共,,,新,
47,2014,id04_14_14,神奈川県１４区,-,3,16091,6.9,中本太衛,男,1965/7/26 0:00,,次,日維,,元,
47,2014,id04_14_15,神奈川県１５区,当,1,155388,66.8,河野太郎,男,1963/1/10 0:00,7,自,麻,志公会,前,公
47,2014,id04_14_15,神奈川県１５区,-,3,39211,16.9,池田東一郎,男,1961/7/31 0:00,,無,み,,新,
47,2014,id04_14_15,神奈川県１５区,-,3,38068,16.4,沼上徳光,男,1986/5/25 0:00,,共,,,新,
47,2014,id04_14_16,神奈川県１６区,当,1,103116,45.8,後藤祐一,男,1969/3/25 0:00,3,民,,,前,
47,2014,id04_14_16,神奈川県１６区,比当,2,101627,45.2,義家弘介,男,1971/3/31 0:00,,自,町,清和会,前,公
47,2014,id04_14_16,神奈川県１６区,-,3,20243,9,池田博英,男,1962/11/18 0:00,,共,,,新,
47,2014,id04_14_17,神奈川県１７区,当,1,118537,53.4,牧島かれん,女,1976/11/1 0:00,2,自,麻,志公会,前,公
47,2014,id04_14_17,神奈川県１７区,比当,2,79788,36,神山洋介,男,1975/5/24 0:00,,民,,,元,
47,2014,id04_14_17,神奈川県１７区,-,3,23569,10.6,吉田福治,男,1955/2/3 0:00,,共,,,新,
47,2014,id04_14_18,神奈川県１８区,当,1,86869,40,山際大志郎,男,1968/9/12 0:00,4,自,,,前,公
47,2014,id04_14_18,神奈川県１８区,-,3,59138,27.2,中田宏,男,1964/9/20 0:00,,次,日維,,前,
47,2014,id04_14_18,神奈川県１８区,-,3,26691,12.3,北村造,男,1983/8/21 0:00,,維,,,新,
47,2014,id04_14_18,神奈川県１８区,-,3,24616,11.3,塩田儀夫,男,1950/6/5 0:00,,共,,,新,
47,2014,id04_14_18,神奈川県１８区,-,3,20105,9.2,樋高剛,男,1965/11/24 0:00,,生,未,,元,
47,2014,id04_19_01,山梨県１区,当,1,102111,44,中島克仁,男,1967/9/27 0:00,2,民,み,,前,
47,2014,id04_19_01,山梨県１区,比当,2,101026,43.5,宮川典子,女,1979/4/5 0:00,,自,麻,志公会,前,公
47,2014,id04_19_01,山梨県１区,-,3,29125,12.5,遠藤昭子,女,1951/10/6 0:00,,共,,,新,
47,2014,id04_19_02,山梨県２区,当,1,85117,50.7,長崎幸太郎,男,1968/8/18 0:00,3,無,,,前,
47,2014,id04_19_02,山梨県２区,比当,2,68109,40.6,堀内詔子,女,1965/10/28 0:00,,自,岸,宏池会,前,公
47,2014,id04_19_02,山梨県２区,-,3,14578,8.7,秋山晃一,男,1953/5/9 0:00,,共,,,新,
47,2014,id05_13_01,東京都１区,当,1,107015,42.7,山田美樹,女,1974/3/15 0:00,2,自,町,清和会,前,公
47,2014,id05_13_01,東京都１区,-,3,89232,35.6,海江田万里,男,1949/2/26 0:00,,民,,,前,
47,2014,id05_13_01,東京都１区,-,3,32830,13.1,冨田直樹,男,1976/1/28 0:00,,共,,,新,
47,2014,id05_13_01,東京都１区,-,3,18128,7.2,渡辺徹,男,1978/7/2 0:00,,次,日維,,新,
47,2014,id05_13_01,東京都１区,-,3,2209,0.9,野崎孝信,男,1986/12/17 0:00,,無,,,新,
47,2014,id05_13_01,東京都１区,-,3,1416,0.6,又吉光雄,男,1944/2/5 0:00,,諸,,,新,
47,2014,id05_13_02,東京都２区,当,1,103954,42.6,辻清人,男,1979/9/7 0:00,2,自,,,前,公
47,2014,id05_13_02,東京都２区,-,3,58407,23.9,中山義活,男,1945/2/13 0:00,,民,,,元,
47,2014,id05_13_02,東京都２区,-,3,44550,18.3,大熊利昭,男,1963/6/5 0:00,,維,み,,前,
47,2014,id05_13_02,東京都２区,-,3,32296,13.2,石沢憲之,男,1986/12/31 0:00,,共,,,新,
47,2014,id05_13_02,東京都２区,-,3,4668,1.9,犬丸勝子,女,1955/1/22 0:00,,諸,,,新,
47,2014,id05_13_03,東京都３区,当,1,115623,44.3,石原宏高,男,1964/6/19 0:00,3,自,石,,前,公
47,2014,id05_13_03,東京都３区,比当,2,111353,42.6,松原仁,男,1956/7/31 0:00,,民,,,前,
47,2014,id05_13_03,東京都３区,-,3,34295,13.1,香西克介,男,1976/3/25 0:00,,共,,,新,
47,2014,id05_13_04,東京都４区,当,1,109377,50.3,平将明,男,1967/2/21 0:00,4,自,,,前,公
47,2014,id05_13_04,東京都４区,-,3,48861,22.5,藤田憲彦,男,1973/6/5 0:00,,民,,,元,
47,2014,id05_13_04,東京都４区,-,3,38925,17.9,山本純平,男,1974/1/25 0:00,,共,,,新,
47,2014,id05_13_04,東京都４区,-,3,20108,9.3,犬伏秀一,男,1956/12/2 0:00,,次,日維,,新,
47,2014,id05_13_05,東京都５区,当,1,102424,39.7,若宮健嗣,男,1961/9/2 0:00,3,自,額,平成研,前,公
47,2014,id05_13_05,東京都５区,-,3,66255,25.7,手塚仁雄,男,1966/9/14 0:00,,民,,,元,
47,2014,id05_13_05,東京都５区,-,3,44103,17.1,三谷英弘,男,1976/6/28 0:00,,無,み,,前,
47,2014,id05_13_05,東京都５区,-,3,32140,12.5,沢井正代,女,1949/1/5 0:00,,共,,,新,
47,2014,id05_13_05,東京都５区,-,3,12777,5,ドクター・中松,男,1928/6/26 0:00,,無,,,新,
47,2014,id05_13_06,東京都６区,当,1,110872,44.1,越智隆雄,男,1964/2/27 0:00,3,自,町,清和会,前,公
47,2014,id05_13_06,東京都６区,比当,2,88915,35.4,落合貴之,男,1979/8/17 0:00,,維,結,,新,
47,2014,id05_13_06,東京都６区,-,3,51595,20.5,岸武志,男,1971/4/8 0:00,,共,,,新,
47,2014,id05_13_07,東京都７区,当,1,104422,44.6,長妻昭,男,1960/6/14 0:00,6,民,,,前,
47,2014,id05_13_07,東京都７区,比当,2,83476,35.7,松本文明,男,1949/3/25 0:00,,自,町,清和会,前,公
47,2014,id05_13_07,東京都７区,-,3,27866,11.9,太田宜興,男,1976/2/17 0:00,,共,,,新,
47,2014,id05_13_07,東京都７区,-,3,18332,7.8,吉田康一郎,男,1967/5/28 0:00,,次,日維,,新,
47,2014,id05_13_08,東京都８区,当,1,116193,47.6,石原伸晃,男,1957/4/19 0:00,9,自,石,,前,公
47,2014,id05_13_08,東京都８区,-,3,73348,30,円より子,女,1947/2/10 0:00,,民,,,新,生
47,2014,id05_13_08,東京都８区,-,3,37788,15.5,沢田真吾,男,1985/10/26 0:00,,共,,,新,
47,2014,id05_13_08,東京都８区,-,3,16981,7,鈴木達夫,男,1940/7/28 0:00,,無,,,新,
47,2014,id05_13_09,東京都９区,当,1,123368,51.4,菅原一秀,男,1962/1/7 0:00,5,自,,,前,公
47,2014,id05_13_09,東京都９区,比当,2,65809,27.4,木内孝胤,男,1966/8/30 0:00,,維,生,,元,生
47,2014,id05_13_09,東京都９区,-,3,50861,21.2,原純子,女,1964/8/10 0:00,,共,,,新,
47,2014,id05_13_10,東京都１０区,当,1,93610,50.7,小池百合子,女,1952/7/15 0:00,8,自,,,前,公
47,2014,id05_13_10,東京都１０区,-,3,44123,23.9,江端貴子,女,1959/12/22 0:00,,民,,,元,
47,2014,id05_13_10,東京都１０区,-,3,28453,15.4,今秀子,女,1948/7/4 0:00,,共,,,新,
47,2014,id05_13_10,東京都１０区,-,3,9663,5.2,多ケ谷亮,男,1968/11/25 0:00,,生,未,,新,
47,2014,id05_13_10,東京都１０区,-,3,8688,4.7,神谷ちづ子,女,1953/7/23 0:00,,次,,,新,
47,2014,id05_13_11,東京都１１区,当,1,129587,56.1,下村博文,男,1954/5/23 0:00,7,自,町,清和会,前,公
47,2014,id05_13_11,東京都１１区,-,3,43083,18.6,山内金久,男,1948/8/15 0:00,,共,,,新,
47,2014,id05_13_11,東京都１１区,-,3,43040,18.6,熊木美奈子,女,1961/8/24 0:00,,民,,,新,
47,2014,id05_13_11,東京都１１区,-,3,15447,6.7,下村芽生,女,1987/5/12 0:00,,無,,,新,
47,2014,id05_13_12,東京都１２区,当,1,88499,41.6,太田昭宏,男,1945/10/6 0:00,7,公,,,前,自
47,2014,id05_13_12,東京都１２区,比当,2,44721,21,池内沙織,女,1982/9/15 0:00,,共,,,新,
47,2014,id05_13_12,東京都１２区,-,3,40067,18.9,青木愛,女,1965/8/18 0:00,,生,未,,前,
47,2014,id05_13_12,東京都１２区,-,3,39233,18.5,田母神俊雄,男,1948/7/22 0:00,,次,太,,新,
47,2014,id05_13_13,東京都１３区,当,1,113036,55.5,鴨下一郎,男,1949/1/16 0:00,8,自,,,前,公
47,2014,id05_13_13,東京都１３区,-,3,43028,21.1,長谷川貴子,女,1973/3/16 0:00,,民,,,新,
47,2014,id05_13_13,東京都１３区,-,3,35518,17.5,祖父江元希,男,1975/3/15 0:00,,共,,,新,
47,2014,id05_13_13,東京都１３区,-,3,11915,5.9,和田智之,男,1974/6/16 0:00,,次,,,新,
47,2014,id05_13_14,東京都１４区,当,1,87546,46.6,松島みどり,女,1956/7/15 0:00,5,自,町,清和会,前,公
47,2014,id05_13_14,東京都１４区,-,3,63377,33.7,木村剛司,男,1971/7/9 0:00,,民,生,,元,生
47,2014,id05_13_14,東京都１４区,-,3,37089,19.7,阿藤和之,男,1971/1/5 0:00,,共,,,新,
47,2014,id05_13_15,東京都１５区,当,1,88507,41.3,柿沢未途,男,1971/1/21 0:00,3,維,結,,前,
47,2014,id05_13_15,東京都１５区,比当,2,85714,40,秋元司,男,1971/10/23 0:00,,自,二,志帥会,前,公
47,2014,id05_13_15,東京都１５区,-,3,31384,14.6,吉田年男,男,1948/2/15 0:00,,共,,,新,
47,2014,id05_13_15,東京都１５区,-,3,8759,4.1,猪野隆,男,1965/1/14 0:00,,無,日維,,新,
47,2014,id05_13_16,東京都１６区,当,1,98536,46.3,大西英男,男,1946/8/28 0:00,2,自,町,清和会,前,公
47,2014,id05_13_16,東京都１６区,比当,2,56701,26.6,初鹿明博,男,1969/4/15 0:00,,維,みど,,元,
47,2014,id05_13_16,東京都１６区,-,3,36976,17.4,大田朝子,女,1984/4/28 0:00,,共,,,新,
47,2014,id05_13_16,東京都１６区,-,3,11484,5.4,石井義哲,男,1957/6/16 0:00,,次,太,,新,
47,2014,id05_13_16,東京都１６区,-,3,9334,4.4,岡本貴士,男,1980/12/13 0:00,,無,,,新,
47,2014,id05_13_17,東京都１７区,当,1,125351,59.3,平沢勝栄,男,1945/9/4 0:00,7,自,石,,前,
47,2014,id05_13_17,東京都１７区,-,3,46156,21.9,高橋美穂,女,1965/4/18 0:00,,維,日維,,前,
47,2014,id05_13_17,東京都１７区,-,3,39724,18.8,新井杉生,男,1959/2/10 0:00,,共,,,新,
47,2014,id05_13_18,東京都１８区,当,1,106143,45.8,土屋正忠,男,1942/1/13 0:00,3,自,,,前,公
47,2014,id05_13_18,東京都１８区,比当,2,89877,38.8,菅直人,男,1946/10/10 0:00,,民,,,前,
47,2014,id05_13_18,東京都１８区,-,3,35699,15.4,結城亮,男,1970/5/11 0:00,,共,,,新,
47,2014,id05_13_19,東京都１９区,当,1,107608,41,松本洋平,男,1973/8/31 0:00,3,自,二,志帥会,前,公
47,2014,id05_13_19,東京都１９区,-,3,87584,33.3,末松義規,男,1956/12/5 0:00,,民,,,元,
47,2014,id05_13_19,東京都１９区,-,3,36878,14,小泉民未嗣,男,1978/3/8 0:00,,共,,,新,
47,2014,id05_13_19,東京都１９区,-,3,30658,11.7,山田宏,男,1958/1/8 0:00,,次,日維,,前,
47,2014,id05_13_20,東京都２０区,当,1,110273,52.1,木原誠二,男,1970/6/8 0:00,3,自,岸,宏池会,前,公
47,2014,id05_13_20,東京都２０区,-,3,51362,24.3,竹田光明,男,1955/8/13 0:00,,民,,,元,
47,2014,id05_13_20,東京都２０区,-,3,49902,23.6,池田真理子,女,1954/10/28 0:00,,共,,,新,
47,2014,id05_13_21,東京都２１区,当,1,83984,41.6,小田原潔,男,1964/5/23 0:00,2,自,町,清和会,前,公
47,2014,id05_13_21,東京都２１区,比当,2,82351,40.8,長島昭久,男,1962/2/17 0:00,,民,,,前,
47,2014,id05_13_21,東京都２１区,-,3,35598,17.6,吉岡正史,男,1974/2/5 0:00,,共,,,新,
47,2014,id05_13_22,東京都２２区,当,1,116757,46,伊藤達也,男,1961/7/6 0:00,7,自,,,前,公
47,2014,id05_13_22,東京都２２区,-,3,80014,31.5,山花郁夫,男,1967/1/18 0:00,,民,,,元,
47,2014,id05_13_22,東京都２２区,-,3,36980,14.6,坂内淳,男,1961/9/19 0:00,,共,,,新,
47,2014,id05_13_22,東京都２２区,-,3,20288,8,鹿野晃,男,1973/2/15 0:00,,次,日維,,新,
47,2014,id05_13_23,東京都２３区,当,1,104709,41.2,小倉将信,男,1981/5/30 0:00,2,自,二,志帥会,前,公
47,2014,id05_13_23,東京都２３区,-,3,63706,25,櫛渕万里,女,1967/10/15 0:00,,民,,,元,
47,2014,id05_13_23,東京都２３区,-,3,50836,20,伊藤俊輔,男,1979/8/5 0:00,,維,日維,,新,
47,2014,id05_13_23,東京都２３区,-,3,35166,13.8,松村亮佑,男,1980/6/25 0:00,,共,,,新,
47,2014,id05_13_24,東京都２４区,当,1,126024,51.7,萩生田光一,男,1963/8/31 0:00,4,自,町,清和会,前,公
47,2014,id05_13_24,東京都２４区,-,3,71212,29.2,阿久津幸彦,男,1956/6/26 0:00,,民,,,元,
47,2014,id05_13_24,東京都２４区,-,3,32887,13.5,市川克宏,男,1974/8/28 0:00,,共,,,新,
47,2014,id05_13_24,東京都２４区,-,3,13680,5.6,藤井義裕,男,1975/6/10 0:00,,次,日維,,新,
47,2014,id05_13_25,東京都２５区,当,1,100081,61.6,井上信治,男,1969/10/7 0:00,5,自,麻,志公会,前,公・改
47,2014,id05_13_25,東京都２５区,-,3,32687,20.1,山下容子,女,1958/11/17 0:00,,民,,,新,
47,2014,id05_13_25,東京都２５区,-,3,29650,18.3,井上宣,男,1973/12/22 0:00,,共,,,新,
47,2014,id06_15_01,新潟県１区,当,1,92656,47,石崎徹,男,1984/1/25 0:00,2,自,,,前,公
47,2014,id06_15_01,新潟県１区,比当,2,84573,42.9,西村智奈美,女,1967/1/13 0:00,,民,,,元,
47,2014,id06_15_01,新潟県１区,-,3,20037,10.2,町田明広,男,1965/4/2 0:00,,共,,,新,
47,2014,id06_15_02,新潟県２区,当,1,70589,43,細田健一,男,1964/7/11 0:00,2,自,町,清和会,前,公
47,2014,id06_15_02,新潟県２区,比当,2,70487,42.9,鷲尾英一郎,男,1977/1/3 0:00,,民,,,前,
47,2014,id06_15_02,新潟県２区,-,3,11801,7.2,渡辺英明,男,1950/4/25 0:00,,社,,,新,
47,2014,id06_15_02,新潟県２区,-,3,11434,7,五位野和夫,男,1962/4/18 0:00,,共,,,新,
47,2014,id06_15_03,新潟県３区,当,1,82619,49.1,黒岩宇洋,男,1966/10/13 0:00,2,民,,,元,
47,2014,id06_15_03,新潟県３区,比当,2,74319,44.2,斎藤洋明,男,1976/12/8 0:00,,自,麻,志公会,前,公
47,2014,id06_15_03,新潟県３区,-,3,11214,6.7,伊藤誠,男,1974/8/15 0:00,,共,,,新,
47,2014,id06_15_04,新潟県４区,当,1,77137,46.7,金子恵美,女,1978/2/27 0:00,2,自,二,志帥会,前,公
47,2014,id06_15_04,新潟県４区,比当,2,74073,44.8,菊田真紀子,女,1969/10/24 0:00,,民,,,前,
47,2014,id06_15_04,新潟県４区,-,3,13957,8.5,西沢博,男,1980/6/4 0:00,,共,,,新,
47,2014,id06_15_05,新潟県５区,当,1,81176,57.3,長島忠美,男,1951/1/9 0:00,4,自,二,志帥会,前,公
47,2014,id06_15_05,新潟県５区,-,3,47420,33.5,森裕子,女,1956/4/20 0:00,,生,未,,新,
47,2014,id06_15_05,新潟県５区,-,3,12993,9.2,服部耕一,男,1969/9/23 0:00,,共,,,新,
47,2014,id06_15_06,新潟県６区,当,1,83638,52.7,高鳥修一,男,1960/9/29 0:00,3,自,町,清和会,前,公
47,2014,id06_15_06,新潟県６区,-,3,62766,39.5,梅谷守,男,1973/12/9 0:00,,民,,,新,
47,2014,id06_15_06,新潟県６区,-,3,12315,7.8,高橋ミキ子,女,1959/9/19 0:00,,共,,,新,
47,2014,id06_16_01,富山県１区,当,1,70085,58.8,田畑裕明,男,1973/1/2 0:00,2,自,町,清和会,前,公
47,2014,id06_16_01,富山県１区,比当,2,39249,32.9,吉田豊史,男,1970/4/10 0:00,,維,,,新,
47,2014,id06_16_01,富山県１区,-,3,9795,8.2,高橋渡,男,1963/2/3 0:00,,共,,,新,
47,2014,id06_16_02,富山県２区,当,1,82898,70.6,宮腰光寛,男,1950/12/21 0:00,7,自,岸,宏池会,前,公
47,2014,id06_16_02,富山県２区,-,3,23350,19.9,東篤,男,1960/5/21 0:00,,社,,,新,
47,2014,id06_16_02,富山県２区,-,3,11158,9.5,平崎功,男,1956/4/25 0:00,,共,,,新,
47,2014,id06_16_03,富山県３区,当,1,138991,81.2,橘慶一郎,男,1961/1/23 0:00,3,自,,,前,公・改
47,2014,id06_16_03,富山県３区,-,3,32118,18.8,坂本洋史,男,1970/7/24 0:00,,共,,,新,
47,2014,id06_17_01,石川県１区,当,1,76422,50.7,馳浩,男,1961/5/5 0:00,6,自,町,清和会,前,公・改
47,2014,id06_17_01,石川県１区,-,3,59590,39.5,田中美絵子,女,1975/12/16 0:00,,民,,,元,
47,2014,id06_17_01,石川県１区,-,3,14720,9.8,亀田良典,男,1948/11/29 0:00,,共,,,新,
47,2014,id06_17_02,石川県２区,当,1,110583,75.5,佐々木紀,男,1974/10/18 0:00,2,自,町,清和会,前,公・改
47,2014,id06_17_02,石川県２区,-,3,30889,21.1,西村祐士,男,1954/10/1 0:00,,共,,,新,
47,2014,id06_17_02,石川県２区,-,3,5075,3.5,浜崎茂,男,1967/10/26 0:00,,無,,,新,
47,2014,id06_17_03,石川県３区,当,1,71384,49.6,北村茂男,男,1945/11/8 0:00,4,自,町,清和会,前,公
47,2014,id06_17_03,石川県３区,-,3,64940,45.1,近藤和也,男,1973/12/12 0:00,,民,,,元,
47,2014,id06_17_03,石川県３区,-,3,7726,5.4,渡辺裕子,女,1985/5/10 0:00,,共,,,新,
47,2014,id06_18_01,福井県１区,当,1,116855,64.8,稲田朋美,女,1959/2/20 0:00,4,自,町,清和会,前,公
47,2014,id06_18_01,福井県１区,-,3,47802,26.5,鈴木宏治,男,1973/11/25 0:00,,維,日維,,新,
47,2014,id06_18_01,福井県１区,-,3,15561,8.6,金元幸枝,女,1958/3/20 0:00,,共,,,新,
47,2014,id06_18_02,福井県２区,当,1,83086,61.5,高木毅,男,1956/1/16 0:00,6,自,町,清和会,前,公
47,2014,id06_18_02,福井県２区,-,3,42032,31.1,辻一憲,男,1965/9/24 0:00,,民,,,新,
47,2014,id06_18_02,福井県２区,-,3,9941,7.4,宇野邦弘,男,1951/11/10 0:00,,共,,,新,
47,2014,id06_20_01,長野県１区,当,1,96333,45.8,篠原孝,男,1948/7/17 0:00,5,民,,,前,
47,2014,id06_20_01,長野県１区,比当,2,74137,35.3,小松裕,男,1961/12/3 0:00,,自,額,平成研,前,公
47,2014,id06_20_01,長野県１区,-,3,26903,12.8,武田良介,男,1979/8/13 0:00,,共,,,新,
47,2014,id06_20_01,長野県１区,-,3,12888,6.1,宮沢隆仁,男,1955/2/10 0:00,,次,日維,,前,
47,2014,id06_20_02,長野県２区,当,1,75718,37,務台俊介,男,1956/7/3 0:00,2,自,麻,志公会,前,公
47,2014,id06_20_02,長野県２区,-,3,63558,31.1,下条みつ,男,1955/12/29 0:00,,民,,,元,
47,2014,id06_20_02,長野県２区,-,3,41232,20.2,百瀬智之,男,1983/2/4 0:00,,維,日維,,前,
47,2014,id06_20_02,長野県２区,-,3,24006,11.7,清沢達也,男,1974/9/17 0:00,,共,,,新,
47,2014,id06_20_03,長野県３区,当,1,77289,34.4,井出庸生,男,1977/11/21 0:00,2,維,結,,前,
47,2014,id06_20_03,長野県３区,-,3,63397,28.2,寺島義幸,男,1953/8/28 0:00,,民,,,前,
47,2014,id06_20_03,長野県３区,比当,2,56365,25.1,木内均,男,1964/8/3 0:00,,自,二,志帥会,前,公
47,2014,id06_20_03,長野県３区,-,3,27947,12.4,唐沢千晶,女,1970/7/2 0:00,,共,,,新,
47,2014,id06_20_04,長野県４区,当,1,63121,46.1,後藤茂之,男,1955/12/9 0:00,5,自,,,前,公
47,2014,id06_20_04,長野県４区,-,3,51816,37.8,矢崎公二,男,1959/9/26 0:00,,民,,,元,
47,2014,id06_20_04,長野県４区,-,3,22068,16.1,上田秀昭,男,1954/7/3 0:00,,共,,,新,
47,2014,id06_20_05,長野県５区,当,1,91089,54.7,宮下一郎,男,1958/8/1 0:00,4,自,町,清和会,前,公
47,2014,id06_20_05,長野県５区,-,3,46595,28,中嶋康介,男,1977/1/17 0:00,,民,,,新,
47,2014,id06_20_05,長野県５区,-,3,28947,17.4,水野力夫,男,1980/1/17 0:00,,共,,,新,
47,2014,id07_21_01,岐阜県１区,当,1,82434,57.5,野田聖子,女,1960/9/3 0:00,8,自,,,前,公
47,2014,id07_21_01,岐阜県１区,-,3,38402,26.8,吉田里江,女,1965/12/11 0:00,,民,,,新,
47,2014,id07_21_01,岐阜県１区,-,3,22647,15.8,大須賀志津香,女,1959/7/3 0:00,,共,,,新,
47,2014,id07_21_02,岐阜県２区,当,1,108234,75.5,棚橋泰文,男,1963/2/11 0:00,7,自,,,前,公
47,2014,id07_21_02,岐阜県２区,-,3,35092,24.5,森桜房義,男,1956/11/24 0:00,,共,,,新,
47,2014,id07_21_03,岐阜県３区,当,1,107872,52.6,武藤容治,男,1955/10/18 0:00,3,自,麻,志公会,前,公
47,2014,id07_21_03,岐阜県３区,-,3,77074,37.6,園田康博,男,1967/6/9 0:00,,民,,,元,
47,2014,id07_21_03,岐阜県３区,-,3,20276,9.9,服部頼義,男,1958/3/3 0:00,,共,,,新,
47,2014,id07_21_04,岐阜県４区,当,1,104139,51.4,金子一義,男,1942/12/20 0:00,10,自,岸,宏池会,前,公
47,2014,id07_21_04,岐阜県４区,比当,2,80042,39.5,今井雅人,男,1962/2/21 0:00,,維,日維,,前,
47,2014,id07_21_04,岐阜県４区,-,3,18325,9,伊嶌明博,男,1951/4/3 0:00,,共,,,新,
47,2014,id07_21_05,岐阜県５区,当,1,90116,55.8,古屋圭司,男,1952/11/1 0:00,9,自,,,前,公
47,2014,id07_21_05,岐阜県５区,-,3,53111,32.9,阿知波吉信,男,1963/6/21 0:00,,民,,,元,
47,2014,id07_21_05,岐阜県５区,-,3,18215,11.3,鷹見信義,男,1946/7/29 0:00,,共,,,新,
47,2014,id07_22_01,静岡県１区,当,1,89544,44.9,上川陽子,女,1953/3/1 0:00,5,自,岸,宏池会,前,公
47,2014,id07_22_01,静岡県１区,-,3,47986,24.1,小池政就,男,1974/6/23 0:00,,維,結,,前,
47,2014,id07_22_01,静岡県１区,-,3,45238,22.7,牧野聖修,男,1945/5/4 0:00,,民,,,元,
47,2014,id07_22_01,静岡県１区,-,3,16682,8.4,河瀬幸代,女,1951/3/14 0:00,,共,,,新,
47,2014,id07_22_02,静岡県２区,当,1,129311,59.9,井林辰憲,男,1976/7/18 0:00,2,自,麻,志公会,前,公
47,2014,id07_22_02,静岡県２区,-,3,63078,29.2,松尾勉,男,1984/2/16 0:00,,民,,,新,
47,2014,id07_22_02,静岡県２区,-,3,23340,10.8,四ツ谷恵,女,1952/10/11 0:00,,共,,,新,
47,2014,id07_22_03,静岡県３区,当,1,105347,49.8,宮沢博行,男,1975/1/10 0:00,2,自,町,清和会,前,公
47,2014,id07_22_03,静岡県３区,比当,2,87800,41.5,小山展弘,男,1975/12/26 0:00,,民,,,元,
47,2014,id07_22_03,静岡県３区,-,3,18298,8.7,松浦敏夫,男,1952/11/22 0:00,,共,,,新,
47,2014,id07_22_04,静岡県４区,当,1,92416,53.3,望月義夫,男,1947/5/2 0:00,7,自,岸,宏池会,前,公
47,2014,id07_22_04,静岡県４区,-,3,66771,38.5,田村謙治,男,1968/3/19 0:00,,民,,,元,
47,2014,id07_22_04,静岡県４区,-,3,14305,8.2,杉田保雄,男,1946/12/8 0:00,,共,,,新,
47,2014,id07_22_05,静岡県５区,当,1,143012,58.6,細野豪志,男,1971/8/21 0:00,6,民,,,前,
47,2014,id07_22_05,静岡県５区,-,3,84574,34.6,吉川赳,男,1982/4/7 0:00,,自,岸,宏池会,前,公
47,2014,id07_22_05,静岡県５区,-,3,16638,6.8,大庭桃子,女,1956/3/29 0:00,,共,,,新,
47,2014,id07_22_06,静岡県６区,当,1,114161,48.5,渡辺周,男,1961/12/11 0:00,7,民,,,前,
47,2014,id07_22_06,静岡県６区,比当,2,102714,43.7,勝俣孝明,男,1976/4/7 0:00,,自,,,前,公
47,2014,id07_22_06,静岡県６区,-,3,18276,7.8,佐藤龍彦,男,1976/11/21 0:00,,共,,,新,
47,2014,id07_22_07,静岡県７区,当,1,132698,70.9,城内実,男,1965/4/19 0:00,4,自,,,前,公
47,2014,id07_22_07,静岡県７区,-,3,37654,20.1,松本泰高,男,1947/4/13 0:00,,民,,,新,
47,2014,id07_22_07,静岡県７区,-,3,16743,8.9,野沢正司,男,1949/5/24 0:00,,共,,,新,
47,2014,id07_22_08,静岡県８区,当,1,98485,50.9,塩谷立,男,1950/2/18 0:00,8,自,町,清和会,前,公
47,2014,id07_22_08,静岡県８区,-,3,62798,32.4,源馬謙太郎,男,1972/12/21 0:00,,維,日維,,新,
47,2014,id07_22_08,静岡県８区,-,3,16658,8.6,落合勝二,男,1944/8/3 0:00,,共,,,新,
47,2014,id07_22_08,静岡県８区,-,3,15671,8.1,古橋和大,男,1976/10/23 0:00,,無,,,新,
47,2014,id07_23_01,愛知県１区,当,1,73003,42.4,熊田裕通,男,1964/8/28 0:00,2,自,大,有隣会,前,公・改
47,2014,id07_23_01,愛知県１区,-,3,49230,28.6,吉田統彦,男,1974/11/14 0:00,,民,,,元,
47,2014,id07_23_01,愛知県１区,-,3,20143,11.7,大野宙光,男,1963/9/6 0:00,,共,,,新,
47,2014,id07_23_01,愛知県１区,-,3,18343,10.7,広沢一郎,男,1963/12/27 0:00,,諸,,,新,
47,2014,id07_23_01,愛知県１区,-,3,6422,3.7,身玉山宗三郎,男,1973/7/19 0:00,,次,,,新,
47,2014,id07_23_01,愛知県１区,-,3,5076,2.9,平山良平,男,1948/1/15 0:00,,社,,,新,
47,2014,id07_23_02,愛知県２区,当,1,102058,52.9,古川元久,男,1965/12/6 0:00,7,民,,,前,
47,2014,id07_23_02,愛知県２区,-,3,67681,35.1,東郷哲也,男,1971/4/17 0:00,,自,町,清和会,前,
47,2014,id07_23_02,愛知県２区,-,3,23128,12,黒田二郎,男,1948/3/16 0:00,,共,,,新,
47,2014,id07_23_03,愛知県３区,当,1,82422,41.4,近藤昭一,男,1958/5/26 0:00,7,民,,,前,
47,2014,id07_23_03,愛知県３区,比当,2,72353,36.4,池田佳隆,男,1966/6/20 0:00,,自,町,清和会,前,公・改
47,2014,id07_23_03,愛知県３区,-,3,22676,11.4,石川寿,男,1965/6/11 0:00,,共,,,新,
47,2014,id07_23_03,愛知県３区,-,3,14416,7.2,増田成美,女,1973/8/21 0:00,,諸,未,,新,
47,2014,id07_23_03,愛知県３区,-,3,6984,3.5,井桁亮,男,1969/9/1 0:00,,次,未,,新,
47,2014,id07_23_04,愛知県４区,当,1,66213,38.6,工藤彰三,男,1964/12/8 0:00,2,自,麻,志公会,前,公
47,2014,id07_23_04,愛知県４区,比当,2,47291,27.6,牧義夫,男,1958/1/14 0:00,,維,結,,元,
47,2014,id07_23_04,愛知県４区,-,3,36285,21.1,刀禰勝之,男,1970/8/27 0:00,,民,,,新,
47,2014,id07_23_04,愛知県４区,-,3,21828,12.7,高橋祐介,男,1978/9/6 0:00,,共,,,新,
47,2014,id07_23_05,愛知県５区,当,1,84226,44.5,赤松広隆,男,1948/5/3 0:00,9,民,,,前,
47,2014,id07_23_05,愛知県５区,比当,2,71616,37.9,神田憲次,男,1963/2/19 0:00,,自,町,清和会,前,
47,2014,id07_23_05,愛知県５区,-,3,23069,12.2,藤井博樹,男,1977/8/6 0:00,,共,,,新,
47,2014,id07_23_05,愛知県５区,-,3,10231,5.4,安田庄一,男,1967/7/27 0:00,,次,,,新,
47,2014,id07_23_06,愛知県６区,当,1,106887,52,丹羽秀樹,男,1972/12/20 0:00,4,自,大,有隣会,前,公
47,2014,id07_23_06,愛知県６区,-,3,66037,32.1,森本和義,男,1966/6/16 0:00,,民,,,元,
47,2014,id07_23_06,愛知県６区,-,3,32607,15.9,柳沢けさ美,女,1950/3/19 0:00,,共,,,新,
47,2014,id07_23_07,愛知県７区,当,1,113474,46.6,山尾志桜里,女,1974/7/24 0:00,2,民,,,元,
47,2014,id07_23_07,愛知県７区,比当,2,108151,44.4,鈴木淳司,男,1958/4/7 0:00,,自,町,清和会,前,公
47,2014,id07_23_07,愛知県７区,-,3,21872,9,郷右近修,男,1978/3/18 0:00,,共,,,新,
47,2014,id07_23_08,愛知県８区,当,1,109723,47.6,伊藤忠彦,男,1964/7/11 0:00,3,自,二,志帥会,前,公
47,2014,id07_23_08,愛知県８区,比当,2,99058,42.9,伴野豊,男,1961/1/1 0:00,,民,,,元,
47,2014,id07_23_08,愛知県８区,-,3,21859,9.5,長友忠弘,男,1959/1/16 0:00,,共,,,新,
47,2014,id07_23_09,愛知県９区,当,1,98594,47.3,長坂康正,男,1957/4/10 0:00,2,自,麻,志公会,前,公
47,2014,id07_23_09,愛知県９区,比当,2,85967,41.2,岡本充功,男,1971/6/18 0:00,,民,,,元,
47,2014,id07_23_09,愛知県９区,-,3,24003,11.5,渡辺裕,男,1980/8/11 0:00,,共,,,新,
47,2014,id07_23_10,愛知県１０区,当,1,91978,44.5,江崎鉄磨,男,1943/9/17 0:00,6,自,二,志帥会,前,公
47,2014,id07_23_10,愛知県１０区,-,3,45702,22.1,杉本和巳,男,1960/9/17 0:00,,無,み,,前,
47,2014,id07_23_10,愛知県１０区,-,3,43672,21.1,小林弘子,女,1939/1/6 0:00,,民,,,新,
47,2014,id07_23_10,愛知県１０区,-,3,25376,12.3,板倉正文,男,1958/4/10 0:00,,共,,,新,
47,2014,id07_23_11,愛知県１１区,当,1,126498,52.6,古本伸一郎,男,1965/3/11 0:00,5,民,,,前,
47,2014,id07_23_11,愛知県１１区,比当,2,97167,40.4,八木哲也,男,1947/8/10 0:00,,自,,,前,
47,2014,id07_23_11,愛知県１１区,-,3,16883,7,牧田充生,男,1954/1/10 0:00,,共,,,新,
47,2014,id07_23_12,愛知県１２区,当,1,131618,48.5,重徳和彦,男,1970/12/21 0:00,2,維,日維,,前,
47,2014,id07_23_12,愛知県１２区,比当,2,118165,43.5,青山周平,男,1977/4/28 0:00,,自,町,清和会,前,公
47,2014,id07_23_12,愛知県１２区,-,3,21637,8,牧野次郎,男,1957/12/28 0:00,,共,,,新,
47,2014,id07_23_13,愛知県１３区,当,1,116652,49.6,大西健介,男,1971/4/13 0:00,3,民,,,前,
47,2014,id07_23_13,愛知県１３区,比当,2,101144,43,大見正,男,1958/6/20 0:00,,自,麻,志公会,前,
47,2014,id07_23_13,愛知県１３区,-,3,17285,7.4,宮地勲,男,1954/5/19 0:00,,共,,,新,
47,2014,id07_23_14,愛知県１４区,当,1,77513,50.2,今枝宗一郎,男,1984/2/18 0:00,2,自,麻,志公会,前,
47,2014,id07_23_14,愛知県１４区,比当,2,62103,40.2,鈴木克昌,男,1943/11/14 0:00,,民,生,,前,生
47,2014,id07_23_14,愛知県１４区,-,3,14872,9.6,袴田富治,男,1952/1/25 0:00,,共,,,新,
47,2014,id07_23_15,愛知県１５区,当,1,97152,52.6,根本幸典,男,1965/2/21 0:00,2,自,町,清和会,前,
47,2014,id07_23_15,愛知県１５区,-,3,64480,34.9,関健一郎,男,1978/8/8 0:00,,民,,,新,
47,2014,id07_23_15,愛知県１５区,-,3,23143,12.5,串田真吾,男,1976/1/15 0:00,,共,,,新,
47,2014,id07_24_01,三重県１区,当,1,88219,53,川崎二郎,男,1947/11/15 0:00,11,自,,,前,公
47,2014,id07_24_01,三重県１区,比当,2,56504,33.9,松田直久,男,1954/5/8 0:00,,維,日維,,新,
47,2014,id07_24_01,三重県１区,-,3,21785,13.1,橋本マサ子,女,1946/5/18 0:00,,共,,,新,
47,2014,id07_24_02,三重県２区,当,1,91676,52.8,中川正春,男,1950/6/10 0:00,7,民,,,前,
47,2014,id07_24_02,三重県２区,比当,2,63187,36.4,島田佳和,男,1970/5/8 0:00,,自,,,前,
47,2014,id07_24_02,三重県２区,-,3,18849,10.9,中野武史,男,1974/6/14 0:00,,共,,,新,
47,2014,id07_24_03,三重県３区,当,1,120950,64,岡田克也,男,1953/7/14 0:00,9,民,,,前,
47,2014,id07_24_03,三重県３区,-,3,53659,28.4,嶋田幸司,男,1974/4/9 0:00,,自,,,新,
47,2014,id07_24_03,三重県３区,-,3,14293,7.6,釜井敏行,男,1982/1/23 0:00,,共,,,新,
47,2014,id07_24_04,三重県４区,当,1,94725,74.5,田村憲久,男,1964/12/15 0:00,7,自,,,前,公
47,2014,id07_24_04,三重県４区,-,3,32429,25.5,松木豊年,男,1952/10/18 0:00,,共,,,新,
47,2014,id07_24_05,三重県５区,当,1,86104,54.4,三ツ矢憲生,男,1950/12/13 0:00,5,自,岸,宏池会,前,公
47,2014,id07_24_05,三重県５区,-,3,58884,37.2,藤田大助,男,1976/9/26 0:00,,民,,,元,
47,2014,id07_24_05,三重県５区,-,3,13170,8.3,内藤弘一,男,1964/4/15 0:00,,共,,,新,
47,2014,id08_25_01,滋賀県１区,当,1,78567,46.2,大岡敏孝,男,1972/4/16 0:00,2,自,二,志帥会,前,公
47,2014,id08_25_01,滋賀県１区,比当,2,69543,40.9,川端達夫,男,1945/1/24 0:00,,民,,,前,
47,2014,id08_25_01,滋賀県１区,-,3,21790,12.8,佐藤耕平,男,1982/6/17 0:00,,共,,,新,
47,2014,id08_25_02,滋賀県２区,当,1,65102,48.8,上野賢一郎,男,1965/8/3 0:00,3,自,石,,前,公
47,2014,id08_25_02,滋賀県２区,比当,2,54095,40.6,田島一成,男,1962/6/15 0:00,,民,,,元,
47,2014,id08_25_02,滋賀県２区,-,3,14163,10.6,中川睦子,女,1958/1/1 0:00,,共,,,新,
47,2014,id08_25_03,滋賀県３区,当,1,70789,53.8,武村展英,男,1972/1/21 0:00,2,自,,,前,公
47,2014,id08_25_03,滋賀県３区,-,3,46593,35.4,小川泰江,女,1963/2/23 0:00,,民,,,新,
47,2014,id08_25_03,滋賀県３区,-,3,14113,10.7,西川仁,男,1947/7/29 0:00,,共,,,新,
47,2014,id08_25_04,滋賀県４区,当,1,60460,38.7,武藤貴也,男,1979/5/25 0:00,2,自,麻,志公会,前,公
47,2014,id08_25_04,滋賀県４区,-,3,40993,26.3,岩永裕貴,男,1973/9/3 0:00,,維,日維,,前,
47,2014,id08_25_04,滋賀県４区,-,3,40902,26.2,徳永久志,男,1963/6/27 0:00,,民,,,新,
47,2014,id08_25_04,滋賀県４区,-,3,13687,8.8,西沢耕一,男,1978/1/1 0:00,,共,,,新,
47,2014,id08_26_01,京都府１区,当,1,73684,40.6,伊吹文明,男,1938/1/9 0:00,11,自,二,志帥会,前,公
47,2014,id08_26_01,京都府１区,比当,2,53379,29.4,穀田恵二,男,1947/1/11 0:00,,共,,,前,
47,2014,id08_26_01,京都府１区,-,3,36353,20,田坂幾太,男,1952/2/23 0:00,,維,日維,,新,
47,2014,id08_26_01,京都府１区,-,3,17307,9.5,平智之,男,1959/7/10 0:00,,無,み,,元,
47,2014,id08_26_01,京都府１区,-,3,960,0.5,蜷川澄村,男,1951/6/8 0:00,,無,,,新,
47,2014,id08_26_02,京都府２区,当,1,66227,50.4,前原誠司,男,1962/4/30 0:00,8,民,,,前,
47,2014,id08_26_02,京都府２区,-,3,37180,28.3,上中康司,男,1962/8/6 0:00,,自,二,志帥会,新,公
47,2014,id08_26_02,京都府２区,-,3,27888,21.2,原俊史,男,1967/6/16 0:00,,共,,,新,
47,2014,id08_26_03,京都府３区,当,1,59437,35.8,宮崎謙介,男,1981/1/17 0:00,2,自,二,志帥会,前,公
47,2014,id08_26_03,京都府３区,比当,2,54900,33.1,泉健太,男,1974/7/29 0:00,,民,,,前,
47,2014,id08_26_03,京都府３区,-,3,26655,16.1,石村和子,女,1949/12/21 0:00,,共,,,新,
47,2014,id08_26_03,京都府３区,-,3,24840,15,清水鴻一郎,男,1946/3/5 0:00,,維,日維,,前,
47,2014,id08_26_04,京都府４区,当,1,75744,39.1,田中英之,男,1970/7/11 0:00,2,自,,,前,公
47,2014,id08_26_04,京都府４区,-,3,58692,30.3,北神圭朗,男,1967/2/1 0:00,,民,,,元,
47,2014,id08_26_04,京都府４区,-,3,32895,17,吉田幸一,男,1974/4/1 0:00,,共,,,新,
47,2014,id08_26_04,京都府４区,-,3,26175,13.5,畑本久仁枝,女,1954/11/23 0:00,,維,日維,,新,
47,2014,id08_26_05,京都府５区,当,1,76733,56.6,谷垣禎一,男,1945/3/7 0:00,12,自,,,前,公
47,2014,id08_26_05,京都府５区,-,3,39178,28.9,小原舞,女,1974/7/10 0:00,,民,,,元,
47,2014,id08_26_05,京都府５区,-,3,19558,14.4,山内健,男,1968/2/5 0:00,,共,,,新,
47,2014,id08_26_06,京都府６区,当,1,102030,44.3,山井和則,男,1962/1/6 0:00,6,民,,,前,
47,2014,id08_26_06,京都府６区,比当,2,94736,41.1,安藤裕,男,1965/3/28 0:00,,自,,,前,公
47,2014,id08_26_06,京都府６区,-,3,33690,14.6,上條亮一,男,1986/2/22 0:00,,共,,,新,
47,2014,id08_27_01,大阪府１区,当,1,75016,42.4,井上英孝,男,1971/10/25 0:00,2,維,日維,,前,
47,2014,id08_27_01,大阪府１区,比当,2,71648,40.5,大西宏幸,男,1967/7/15 0:00,,自,岸,宏池会,新,公
47,2014,id08_27_01,大阪府１区,-,3,30463,17.2,柴山昇,男,1953/11/9 0:00,,共,,,新,
47,2014,id08_27_02,大阪府２区,当,1,78326,46.5,左藤章,男,1951/7/12 0:00,4,自,岸,宏池会,前,公
47,2014,id08_27_02,大阪府２区,-,3,56025,33.2,椎木保,男,1966/7/4 0:00,,維,日維,,前,
47,2014,id08_27_02,大阪府２区,-,3,34184,20.3,山本陽子,女,1953/12/30 0:00,,共,,,新,
47,2014,id08_27_03,大阪府３区,当,1,84943,57.2,佐藤茂樹,男,1959/6/8 0:00,8,公,,,前,自
47,2014,id08_27_03,大阪府３区,-,3,63529,42.8,渡部結,女,1981/2/26 0:00,,共,,,新,
47,2014,id08_27_04,大阪府４区,当,1,82538,38.9,中山泰秀,男,1970/10/14 0:00,4,自,町,清和会,前,公
47,2014,id08_27_04,大阪府４区,比当,2,74101,34.9,吉村洋文,男,1975/6/17 0:00,,維,日維,,新,
47,2014,id08_27_04,大阪府４区,比当,2,31478,14.8,清水忠史,男,1968/5/5 0:00,,共,,,新,
47,2014,id08_27_04,大阪府４区,-,3,24213,11.4,吉田治,男,1962/3/16 0:00,,無,,,元,
47,2014,id08_27_05,大阪府５区,当,1,92681,57.5,国重徹,男,1974/11/23 0:00,2,公,,,前,自
47,2014,id08_27_05,大阪府５区,-,3,68430,42.5,石井美鈴,女,1963/12/17 0:00,,共,,,新,
47,2014,id08_27_06,大阪府６区,当,1,94308,56.3,伊佐進一,男,1974/12/10 0:00,2,公,,,前,自
47,2014,id08_27_06,大阪府６区,-,3,42265,25.3,渡司考一,男,1952/3/6 0:00,,共,,,新,
47,2014,id08_27_06,大阪府６区,-,3,30792,18.4,村上史好,男,1952/6/10 0:00,,生,未,,前,
47,2014,id08_27_07,大阪府７区,当,1,81109,43.2,渡嘉敷奈緒美,女,1962/7/16 0:00,3,自,額,平成研,前,公
47,2014,id08_27_07,大阪府７区,比当,2,67719,36.1,上西小百合,女,1983/4/30 0:00,,維,日維,,前,
47,2014,id08_27_07,大阪府７区,-,3,38928,20.7,村口久美子,女,1972/7/22 0:00,,共,,,新,
47,2014,id08_27_08,大阪府８区,当,1,67055,40.6,大塚高司,男,1964/9/11 0:00,3,自,額,平成研,前,公
47,2014,id08_27_08,大阪府８区,比当,2,62522,37.8,木下智彦,男,1969/4/30 0:00,,維,日維,,前,
47,2014,id08_27_08,大阪府８区,-,3,19897,12,山端光子,女,1958/5/4 0:00,,共,,,新,
47,2014,id08_27_08,大阪府８区,-,3,11286,6.8,服部良一,男,1950/2/24 0:00,,社,,,元,
47,2014,id08_27_08,大阪府８区,-,3,4465,2.7,上田孝之,男,1958/8/10 0:00,,次,,,新,
47,2014,id08_27_09,大阪府９区,当,1,95667,41.3,原田憲治,男,1948/6/9 0:00,3,自,額,平成研,前,公
47,2014,id08_27_09,大阪府９区,比当,2,91400,39.5,足立康史,男,1965/10/14 0:00,,維,日維,,前,
47,2014,id08_27_09,大阪府９区,-,3,31165,13.5,垣田千恵子,女,1943/6/16 0:00,,共,,,新,
47,2014,id08_27_09,大阪府９区,-,3,13264,5.7,辻恵,男,1948/6/12 0:00,,無,未,,元,
47,2014,id08_27_10,大阪府１０区,当,1,61725,34.3,辻元清美,女,1960/4/28 0:00,6,民,,,前,
47,2014,id08_27_10,大阪府１０区,比当,2,53160,29.6,大隈和英,男,1969/8/23 0:00,,自,麻,志公会,新,公
47,2014,id08_27_10,大阪府１０区,比当,2,50516,28.1,松浪健太,男,1971/8/17 0:00,,維,日維,,前,
47,2014,id08_27_10,大阪府１０区,-,3,14318,8,浅沼和仁,男,1961/5/26 0:00,,共,,,新,
47,2014,id08_27_11,大阪府１１区,当,1,73931,34.6,佐藤ゆかり,女,1961/8/19 0:00,2,自,大,有隣会,元,公
47,2014,id08_27_11,大阪府１１区,比当,2,61216,28.6,平野博文,男,1949/3/19 0:00,,民,,,元,
47,2014,id08_27_11,大阪府１１区,比当,2,58321,27.3,伊東信久,男,1964/1/4 0:00,,維,日維,,前,
47,2014,id08_27_11,大阪府１１区,-,3,20449,9.6,三和智之,男,1975/1/28 0:00,,共,,,新,
47,2014,id08_27_12,大阪府１２区,当,1,68817,40,北川知克,男,1951/11/8 0:00,5,自,大,有隣会,前,公
47,2014,id08_27_12,大阪府１２区,-,3,43265,25.2,樽床伸二,男,1959/8/6 0:00,,民,,,元,
47,2014,id08_27_12,大阪府１２区,-,3,41649,24.2,堅田壮一郎,男,1986/11/15 0:00,,維,日維,,新,
47,2014,id08_27_12,大阪府１２区,-,3,18257,10.6,吉井芳子,女,1962/11/6 0:00,,共,,,新,
47,2014,id08_27_13,大阪府１３区,当,1,91931,49.3,宗清皇一,男,1970/8/9 0:00,1,自,町,清和会,新,公
47,2014,id08_27_13,大阪府１３区,-,3,61136,32.8,西野弘一,男,1969/1/11 0:00,,次,日維,,前,
47,2014,id08_27_13,大阪府１３区,-,3,33384,17.9,荒谷恵美子,女,1951/4/7 0:00,,共,,,新,
47,2014,id08_27_14,大阪府１４区,当,1,78332,38.8,谷畑孝,男,1947/1/10 0:00,7,維,日維,,前,
47,2014,id08_27_14,大阪府１４区,比当,2,76555,37.9,長尾敬,男,1962/11/29 0:00,,自,,,元,
47,2014,id08_27_14,大阪府１４区,-,3,35194,17.4,野沢倫昭,男,1948/2/15 0:00,,共,,,新,
47,2014,id08_27_14,大阪府１４区,-,3,12030,6,三宅博,男,1950/4/7 0:00,,次,日維,,前,
47,2014,id08_27_15,大阪府１５区,当,1,86297,45,竹本直一,男,1940/11/23 0:00,7,自,岸,宏池会,前,公
47,2014,id08_27_15,大阪府１５区,比当,2,74483,38.9,浦野靖人,男,1973/4/4 0:00,,維,日維,,前,
47,2014,id08_27_15,大阪府１５区,-,3,30840,16.1,為仁史,男,1948/12/16 0:00,,共,,,新,
47,2014,id08_27_16,大阪府１６区,当,1,66673,43.2,北側一雄,男,1953/3/2 0:00,8,公,,,前,自
47,2014,id08_27_16,大阪府１６区,-,3,38331,24.8,森山浩行,男,1971/4/8 0:00,,民,,,元,
47,2014,id08_27_16,大阪府１６区,-,3,26567,17.2,西村真悟,男,1948/7/7 0:00,,次,太,,前,
47,2014,id08_27_16,大阪府１６区,-,3,22809,14.8,益修一,男,1978/7/13 0:00,,共,,,新,
47,2014,id08_27_17,大阪府１７区,当,1,70196,43.7,馬場伸幸,男,1965/1/27 0:00,2,維,日維,,前,
47,2014,id08_27_17,大阪府１７区,比当,2,63219,39.4,岡下昌平,男,1975/3/8 0:00,,自,二,志帥会,新,公
47,2014,id08_27_17,大阪府１７区,-,3,27151,16.9,吉岡孝嘉,男,1958/5/15 0:00,,共,,,新,
47,2014,id08_27_18,大阪府１８区,当,1,88638,44.2,遠藤敬,男,1968/6/6 0:00,2,維,日維,,前,
47,2014,id08_27_18,大阪府１８区,比当,2,82460,41.2,神谷昇,男,1949/4/12 0:00,,自,二,志帥会,新,公
47,2014,id08_27_18,大阪府１８区,-,3,29275,14.6,矢野忠重,男,1950/3/3 0:00,,共,,,新,
47,2014,id08_27_19,大阪府１９区,当,1,56119,36.9,丸山穂高,男,1984/1/10 0:00,2,維,日維,,前,
47,2014,id08_27_19,大阪府１９区,比当,2,51223,33.7,谷川とむ,男,1976/4/27 0:00,,自,町,清和会,新,
47,2014,id08_27_19,大阪府１９区,-,3,33010,21.7,長安豊,男,1968/9/5 0:00,,民,,,元,
47,2014,id08_27_19,大阪府１９区,-,3,11740,7.7,北村みき,女,1966/6/20 0:00,,共,,,新,
47,2014,id08_28_01,兵庫県１区,当,1,84822,46.2,井坂信彦,男,1974/3/27 0:00,2,維,結,,前,
47,2014,id08_28_01,兵庫県１区,比当,2,72791,39.7,盛山正仁,男,1953/12/14 0:00,,自,岸,宏池会,前,公
47,2014,id08_28_01,兵庫県１区,-,3,25875,14.1,筒井哲二朗,男,1971/2/26 0:00,,共,,,新,
47,2014,id08_28_02,兵庫県２区,当,1,78131,49.3,赤羽一嘉,男,1958/5/7 0:00,7,公,,,前,自
47,2014,id08_28_02,兵庫県２区,-,3,48796,30.8,向山好一,男,1957/7/18 0:00,,民,,,元,
47,2014,id08_28_02,兵庫県２区,-,3,31575,19.9,平松順子,女,1949/10/11 0:00,,共,,,新,
47,2014,id08_28_03,兵庫県３区,当,1,63022,40,関芳弘,男,1965/6/7 0:00,3,自,町,清和会,前,公
47,2014,id08_28_03,兵庫県３区,-,3,33062,21,新原秀人,男,1962/4/29 0:00,,維,日維,,前,
47,2014,id08_28_03,兵庫県３区,-,3,24402,15.5,横畑和幸,男,1971/11/11 0:00,,民,,,新,
47,2014,id08_28_03,兵庫県３区,-,3,19343,12.3,和田有一朗,男,1964/10/23 0:00,,次,,,新,
47,2014,id08_28_03,兵庫県３区,-,3,17690,11.2,冨士谷香恵子,女,1952/7/8 0:00,,共,,,新,
47,2014,id08_28_04,兵庫県４区,当,1,111544,54.7,藤井比早之,男,1971/9/11 0:00,2,自,,,前,公
47,2014,id08_28_04,兵庫県４区,-,3,62506,30.6,永井寿也,男,1973/3/27 0:00,,維,,,新,
47,2014,id08_28_04,兵庫県４区,-,3,29990,14.7,林政人,男,1953/11/20 0:00,,共,,,新,
47,2014,id08_28_05,兵庫県５区,当,1,110439,56.9,谷公一,男,1952/1/28 0:00,5,自,二,志帥会,前,公
47,2014,id08_28_05,兵庫県５区,-,3,60337,31.1,三木圭恵,女,1966/7/7 0:00,,維,日維,,前,
47,2014,id08_28_05,兵庫県５区,-,3,23189,12,西中孝男,男,1949/10/1 0:00,,共,,,新,
47,2014,id08_28_06,兵庫県６区,当,1,116328,48.9,大串正樹,男,1966/1/20 0:00,2,自,,,前,公
47,2014,id08_28_06,兵庫県６区,-,3,61902,26,辻泰弘,男,1955/12/27 0:00,,民,,,新,
47,2014,id08_28_06,兵庫県６区,-,3,34647,14.6,吉岡健次,男,1969/1/19 0:00,,共,,,新,
47,2014,id08_28_06,兵庫県６区,-,3,24877,10.5,杉田水脈,女,1967/4/22 0:00,,次,日維,,前,
47,2014,id08_28_07,兵庫県７区,当,1,89813,36.9,山田賢司,男,1966/4/20 0:00,2,自,麻,志公会,前,公
47,2014,id08_28_07,兵庫県７区,-,3,63856,26.3,畠中光成,男,1972/6/30 0:00,,維,結,,前,
47,2014,id08_28_07,兵庫県７区,-,3,39357,16.2,石井登志郎,男,1971/5/29 0:00,,民,,,元,
47,2014,id08_28_07,兵庫県７区,-,3,28161,11.6,大前春代,女,1984/2/5 0:00,,無,自,,新,
47,2014,id08_28_07,兵庫県７区,-,3,21996,9,浜本鶴男,男,1944/4/26 0:00,,共,,,新,
47,2014,id08_28_08,兵庫県８区,当,1,94687,60.9,中野洋昌,男,1978/1/4 0:00,2,公,,,前,自
47,2014,id08_28_08,兵庫県８区,-,3,60849,39.1,庄本悦子,女,1954/8/16 0:00,,共,,,新,
47,2014,id08_28_09,兵庫県９区,当,1,126491,74.8,西村康稔,男,1962/10/15 0:00,5,自,町,清和会,前,公
47,2014,id08_28_09,兵庫県９区,-,3,42694,25.2,新町美千代,女,1947/3/19 0:00,,共,,,新,
47,2014,id08_28_10,兵庫県１０区,当,1,89792,54.3,渡海紀三朗,男,1948/2/11 0:00,8,自,,,前,公
47,2014,id08_28_10,兵庫県１０区,-,3,51316,31,松井雅博,男,1979/6/14 0:00,,維,,,新,
47,2014,id08_28_10,兵庫県１０区,-,3,24162,14.6,井沢孝典,男,1950/11/1 0:00,,共,,,新,
47,2014,id08_28_11,兵庫県１１区,当,1,90182,49.6,松本剛明,男,1959/4/25 0:00,6,民,,,前,
47,2014,id08_28_11,兵庫県１１区,-,3,74562,41,頭師暢秀,男,1970/7/7 0:00,,自,,,新,公
47,2014,id08_28_11,兵庫県１１区,-,3,17020,9.4,苦瓜一成,男,1953/12/8 0:00,,共,,,新,
47,2014,id08_28_12,兵庫県１２区,当,1,77654,47.6,山口壮,男,1954/10/3 0:00,5,無,民,,前,
47,2014,id08_28_12,兵庫県１２区,-,3,42664,26.2,戸井田真太郎,男,1978/4/11 0:00,,無,,,新,
47,2014,id08_28_12,兵庫県１２区,-,3,27835,17.1,村上賀厚,男,1959/7/16 0:00,,維,,,新,
47,2014,id08_28_12,兵庫県１２区,-,3,14871,9.1,堀譲,男,1950/6/30 0:00,,共,,,新,
47,2014,id08_29_01,奈良県１区,当,1,79265,48.4,馬淵澄夫,男,1960/8/23 0:00,5,民,,,前,
47,2014,id08_29_01,奈良県１区,-,3,67473,41.2,小林茂樹,男,1964/10/9 0:00,,自,,,前,
47,2014,id08_29_01,奈良県１区,-,3,16996,10.4,谷川和広,男,1978/11/17 0:00,,共,,,新,
47,2014,id08_29_02,奈良県２区,当,1,96218,61.3,高市早苗,女,1961/3/7 0:00,7,自,,,前,公
47,2014,id08_29_02,奈良県２区,-,3,38781,24.7,中村哲治,男,1971/7/24 0:00,,生,未,,元,
47,2014,id08_29_02,奈良県２区,-,3,21937,14,和泉信丈,男,1983/7/27 0:00,,共,,,新,
47,2014,id08_29_03,奈良県３区,当,1,79334,52.6,奥野信亮,男,1944/3/5 0:00,4,自,町,清和会,前,公
47,2014,id08_29_03,奈良県３区,-,3,46556,30.9,栗原絵里子,女,1968/12/12 0:00,,維,,,新,
47,2014,id08_29_03,奈良県３区,-,3,24828,16.5,正木敦,男,1971/7/22 0:00,,共,,,新,
47,2014,id08_29_04,奈良県４区,当,1,86442,61.2,田野瀬太道,男,1974/7/4 0:00,2,自,石,,前,公
47,2014,id08_29_04,奈良県４区,-,3,42050,29.8,大西孝典,男,1956/3/30 0:00,,民,,,元,
47,2014,id08_29_04,奈良県４区,-,3,12643,9,山崎タヨ,女,1950/8/9 0:00,,共,,,新,
47,2014,id08_30_01,和歌山県１区,当,1,67740,47.8,岸本周平,男,1956/7/12 0:00,3,民,,,前,
47,2014,id08_30_01,和歌山県１区,比当,2,59937,42.3,門博文,男,1965/8/18 0:00,,自,二,志帥会,前,公
47,2014,id08_30_01,和歌山県１区,-,3,14027,9.9,国重秀明,男,1960/10/25 0:00,,共,,,新,
47,2014,id08_30_02,和歌山県２区,当,1,71167,56.3,石田真敏,男,1952/4/11 0:00,6,自,,,前,公
47,2014,id08_30_02,和歌山県２区,-,3,39799,31.5,阪口直人,男,1963/6/12 0:00,,維,日維,,前,
47,2014,id08_30_02,和歌山県２区,-,3,15415,12.2,富岡清彦,男,1949/1/12 0:00,,共,,,新,
47,2014,id08_30_03,和歌山県３区,当,1,108257,76.5,二階俊博,男,1939/2/17 0:00,11,自,二,志帥会,前,公
47,2014,id08_30_03,和歌山県３区,-,3,33260,23.5,原矢寸久,男,1951/10/21 0:00,,共,,,新,
47,2014,id09_31_01,鳥取県１区,当,1,93105,80.3,石破茂,男,1957/2/4 0:00,10,自,,,前,公
47,2014,id09_31_01,鳥取県１区,-,3,22888,19.7,塚田成幸,男,1964/2/6 0:00,,共,,,新,
47,2014,id09_31_02,鳥取県２区,当,1,76579,56.2,赤沢亮正,男,1960/12/18 0:00,4,自,,,前,公
47,2014,id09_31_02,鳥取県２区,-,3,49297,36.2,湯原俊二,男,1962/11/20 0:00,,民,,,元,
47,2014,id09_31_02,鳥取県２区,-,3,10270,7.5,福住英行,男,1975/12/8 0:00,,共,,,新,
47,2014,id09_32_01,島根県１区,当,1,100376,64.3,細田博之,男,1944/4/5 0:00,9,自,町,清和会,前,公
47,2014,id09_32_01,島根県１区,-,3,38346,24.5,和田章一郎,男,1947/5/7 0:00,,民,,,新,
47,2014,id09_32_01,島根県１区,-,3,17479,11.2,上代善雄,男,1954/7/24 0:00,,共,,,新,
47,2014,id09_32_02,島根県２区,当,1,123584,69.2,竹下亘,男,1946/11/3 0:00,6,自,額,平成研,前,公
47,2014,id09_32_02,島根県２区,-,3,34558,19.3,山本誉,男,1957/8/1 0:00,,社,,,新,
47,2014,id09_32_02,島根県２区,-,3,20479,11.5,向瀬慎一,男,1971/1/12 0:00,,共,,,新,
47,2014,id09_33_01,岡山県１区,当,1,90059,55.8,逢沢一郎,男,1954/6/10 0:00,10,自,,,前,公
47,2014,id09_33_01,岡山県１区,比当,2,56135,34.8,高井崇志,男,1969/9/26 0:00,,維,民,,元,
47,2014,id09_33_01,岡山県１区,-,3,15105,9.4,向谷千鳥,女,1958/7/28 0:00,,共,,,新,
47,2014,id09_33_02,岡山県２区,当,1,71436,49.6,山下貴司,男,1965/9/8 0:00,2,自,,,前,公
47,2014,id09_33_02,岡山県２区,比当,2,56951,39.5,津村啓介,男,1971/10/27 0:00,,民,,,前,
47,2014,id09_33_02,岡山県２区,-,3,15652,10.9,井上素子,女,1947/8/6 0:00,,共,,,新,
47,2014,id09_33_03,岡山県３区,当,1,73852,49.2,平沼赳夫,男,1939/8/3 0:00,12,次,日維,,前,
47,2014,id09_33_03,岡山県３区,比当,2,57647,38.4,阿部俊子,女,1959/5/19 0:00,,自,,,前,公
47,2014,id09_33_03,岡山県３区,-,3,18654,12.4,古松国昭,男,1945/1/11 0:00,,共,,,新,
47,2014,id09_33_04,岡山県４区,当,1,91189,50.6,橋本岳,男,1974/2/5 0:00,3,自,額,平成研,前,公
47,2014,id09_33_04,岡山県４区,比当,2,75338,41.8,柚木道義,男,1972/5/28 0:00,,民,,,前,
47,2014,id09_33_04,岡山県４区,-,3,13629,7.6,垣内雄一,男,1964/9/2 0:00,,共,,,新,
47,2014,id09_33_05,岡山県５区,当,1,105969,79.3,加藤勝信,男,1955/11/22 0:00,5,自,額,平成研,前,公
47,2014,id09_33_05,岡山県５区,-,3,27693,20.7,美見芳明,男,1957/4/3 0:00,,共,,,新,
47,2014,id09_34_01,広島県１区,当,1,96236,65.7,岸田文雄,男,1957/7/29 0:00,8,自,岸,宏池会,前,公
47,2014,id09_34_01,広島県１区,-,3,25452,17.4,白坂理香,女,1966/4/14 0:00,,維,,,新,
47,2014,id09_34_01,広島県１区,-,3,18737,12.8,大西理,男,1966/2/8 0:00,,共,,,新,
47,2014,id09_34_01,広島県１区,-,3,5986,4.1,伊藤真二,男,1967/10/29 0:00,,次,,,新,
47,2014,id09_34_02,広島県２区,当,1,102719,52.2,平口洋,男,1948/8/1 0:00,3,自,額,平成研,前,公
47,2014,id09_34_02,広島県２区,-,3,77234,39.3,松本大輔,男,1971/8/5 0:00,,民,,,元,
47,2014,id09_34_02,広島県２区,-,3,16794,8.5,藤本聡志,男,1954/10/16 0:00,,共,,,新,
47,2014,id09_34_03,広島県３区,当,1,85311,50.7,河井克行,男,1963/3/11 0:00,6,自,,,前,公
47,2014,id09_34_03,広島県３区,-,3,66549,39.5,橋本博明,男,1970/7/22 0:00,,民,,,元,
47,2014,id09_34_03,広島県３区,-,3,16514,9.8,清水貞子,女,1947/4/15 0:00,,共,,,新,
47,2014,id09_34_04,広島県４区,当,1,89748,64.9,中川俊直,男,1970/4/25 0:00,2,自,,,前,公
47,2014,id09_34_04,広島県４区,-,3,26977,19.5,中丸啓,男,1963/11/17 0:00,,次,日維,,前,
47,2014,id09_34_04,広島県４区,-,3,21500,15.6,中石仁,男,1962/11/25 0:00,,共,,,新,
47,2014,id09_34_05,広島県５区,当,1,95526,77.7,寺田稔,男,1958/1/24 0:00,4,自,岸,宏池会,前,公
47,2014,id09_34_05,広島県５区,-,3,27406,22.3,尾崎光,男,1952/11/8 0:00,,共,,,新,
47,2014,id09_34_06,広島県６区,当,1,89756,52.2,亀井静香,男,1936/11/1 0:00,13,無,みど,,前,
47,2014,id09_34_06,広島県６区,比当,2,65494,38.1,小島敏文,男,1950/9/7 0:00,,自,岸,宏池会,前,
47,2014,id09_34_06,広島県６区,-,3,16839,9.8,寺田明充,男,1951/3/27 0:00,,共,,,新,
47,2014,id09_34_07,広島県７区,当,1,101809,58.2,小林史明,男,1983/4/8 0:00,2,自,岸,宏池会,前,公
47,2014,id09_34_07,広島県７区,-,3,40000,22.9,村田享子,女,1983/5/16 0:00,,民,,,新,
47,2014,id09_34_07,広島県７区,-,3,18186,10.4,坂元大輔,男,1982/8/20 0:00,,次,日維,,前,
47,2014,id09_34_07,広島県７区,-,3,14811,8.5,小浜一輝,男,1956/2/5 0:00,,共,,,新,
47,2014,id09_35_01,山口県１区,当,1,120084,68.1,高村正彦,男,1942/3/15 0:00,12,自,大,有隣会,前,公
47,2014,id09_35_01,山口県１区,-,3,39375,22.3,高邑勉,男,1974/5/30 0:00,,維,,,元,生
47,2014,id09_35_01,山口県１区,-,3,16890,9.6,藤井直子,女,1952/5/4 0:00,,共,,,新,
47,2014,id09_35_02,山口県２区,当,1,96799,58.4,岸信夫,男,1959/4/1 0:00,2,自,町,清和会,前,公
47,2014,id09_35_02,山口県２区,-,3,57814,34.9,平岡秀夫,男,1954/1/14 0:00,,民,,,元,
47,2014,id09_35_02,山口県２区,-,3,11115,6.7,赤松義生,男,1954/5/23 0:00,,共,,,新,
47,2014,id09_35_03,山口県３区,当,1,93248,68.4,河村建夫,男,1942/11/10 0:00,9,自,二,志帥会,前,公
47,2014,id09_35_03,山口県３区,-,3,29329,21.5,三浦昇,男,1970/7/5 0:00,,民,,,元,
47,2014,id09_35_03,山口県３区,-,3,13818,10.1,藤井岳志,男,1986/7/16 0:00,,共,,,新,
47,2014,id09_35_04,山口県４区,当,1,100829,76.3,安倍晋三,男,1954/9/21 0:00,8,自,,,前,公
47,2014,id09_35_04,山口県４区,-,3,17358,13.1,吉田貞好,男,1953/2/4 0:00,,共,,,新,
47,2014,id09_35_04,山口県４区,-,3,14018,10.6,渡辺利絵,女,1963/11/27 0:00,,無,,,新,生
47,2014,id10_36_01,徳島県１区,当,1,92166,52,後藤田正純,男,1969/8/5 0:00,6,自,,,前,公
47,2014,id10_36_01,徳島県１区,-,3,69188,39.1,仁木博文,男,1966/5/23 0:00,,民,,,元,
47,2014,id10_36_01,徳島県１区,-,3,15776,8.9,古田元則,男,1948/1/28 0:00,,共,,,新,
47,2014,id10_36_02,徳島県２区,当,1,85979,74.1,山口俊一,男,1950/2/28 0:00,9,自,麻,志公会,前,公
47,2014,id10_36_02,徳島県２区,-,3,29996,25.9,久保孝之,男,1963/10/9 0:00,,共,,,新,
47,2014,id10_37_01,香川県１区,当,1,74115,49.5,平井卓也,男,1958/1/25 0:00,6,自,,,前,公
47,2014,id10_37_01,香川県１区,比当,2,65810,43.9,小川淳也,男,1971/4/18 0:00,,民,,,前,
47,2014,id10_37_01,香川県１区,-,3,9823,6.6,河村整,男,1959/6/6 0:00,,共,,,新,
47,2014,id10_37_02,香川県２区,当,1,78797,55.8,玉木雄一郎,男,1969/5/1 0:00,3,民,,,前,
47,2014,id10_37_02,香川県２区,比当,2,57318,40.6,瀬戸隆一,男,1965/8/2 0:00,,自,麻,志公会,前,公
47,2014,id10_37_02,香川県２区,-,3,5050,3.6,佐伯守,男,1960/10/25 0:00,,共,,,新,
47,2014,id10_37_03,香川県３区,当,1,76281,68.2,大野敬太郎,男,1968/11/1 0:00,2,自,,,前,公
47,2014,id10_37_03,香川県３区,-,3,25899,23.2,高田良徳,男,1960/4/17 0:00,,社,,,新,
47,2014,id10_37_03,香川県３区,-,3,9688,8.7,土岐一郎,男,1952/7/24 0:00,,共,,,新,
47,2014,id10_38_01,愛媛県１区,当,1,99900,53.6,塩崎恭久,男,1950/11/7 0:00,7,自,,,前,公
47,2014,id10_38_01,愛媛県１区,-,3,74508,40,永江孝子,女,1960/6/15 0:00,,民,,,元,
47,2014,id10_38_01,愛媛県１区,-,3,11975,6.4,田中克彦,男,1967/4/22 0:00,,共,,,新,
47,2014,id10_38_02,愛媛県２区,当,1,57168,48,村上誠一郎,男,1952/5/11 0:00,10,自,,,前,公
47,2014,id10_38_02,愛媛県２区,-,3,30277,25.4,西岡新,男,1973/2/3 0:00,,無,日維,,前,
47,2014,id10_38_02,愛媛県２区,比当,2,22677,19.1,横山博幸,男,1950/11/6 0:00,,維,み,,新,
47,2014,id10_38_02,愛媛県２区,-,3,8912,7.5,植木正勝,男,1952/9/15 0:00,,共,,,新,
47,2014,id10_38_03,愛媛県３区,当,1,64929,51.7,白石徹,男,1956/4/1 0:00,2,自,麻,志公会,前,公
47,2014,id10_38_03,愛媛県３区,-,3,52602,41.8,白石洋一,男,1963/6/25 0:00,,民,,,元,
47,2014,id10_38_03,愛媛県３区,-,3,8176,6.5,一色一正,男,1950/1/3 0:00,,共,,,新,
47,2014,id10_38_04,愛媛県４区,当,1,66954,47.1,山本公一,男,1947/9/4 0:00,8,自,,,前,公
47,2014,id10_38_04,愛媛県４区,-,3,47637,33.5,桜内文城,男,1965/10/21 0:00,,次,日維,,前,
47,2014,id10_38_04,愛媛県４区,-,3,20222,14.2,森夏枝,女,1981/7/2 0:00,,維,日維,,新,
47,2014,id10_38_04,愛媛県４区,-,3,7285,5.1,西井直人,男,1957/8/10 0:00,,共,,,新,
47,2014,id10_39_01,高知県１区,当,1,78279,51.9,中谷元,男,1957/10/14 0:00,9,自,,,前,
47,2014,id10_39_01,高知県１区,-,3,38237,25.4,大石宗,男,1980/9/11 0:00,,民,,,新,
47,2014,id10_39_01,高知県１区,-,3,30694,20.4,春名直章,男,1959/4/16 0:00,,共,,,元,
47,2014,id10_39_01,高知県１区,-,3,3505,2.3,藤島利久,男,1962/5/4 0:00,,無,未,,新,
47,2014,id10_39_02,高知県２区,当,1,83764,53.6,山本有二,男,1952/5/11 0:00,9,自,,,前,公
47,2014,id10_39_02,高知県２区,-,3,42562,27.2,武内則男,男,1958/9/8 0:00,,民,,,新,
47,2014,id10_39_02,高知県２区,-,3,29913,19.1,谷崎治之,男,1959/1/16 0:00,,共,,,新,
47,2014,id11_40_01,福岡県１区,当,1,59712,36.3,井上貴博,男,1962/4/2 0:00,2,無,,,前,
47,2014,id11_40_01,福岡県１区,-,3,42960,26.1,山本剛正,男,1972/1/1 0:00,,民,,,元,
47,2014,id11_40_01,福岡県１区,-,3,31087,18.9,新開裕司,男,1968/8/22 0:00,,無,,,前,
47,2014,id11_40_01,福岡県１区,-,3,18906,11.5,比江嶋俊和,男,1947/1/3 0:00,,共,,,新,
47,2014,id11_40_01,福岡県１区,-,3,6764,4.1,金出公子,女,1947/8/8 0:00,,無,,,新,
47,2014,id11_40_01,福岡県１区,-,3,4883,3,明石健太郎,男,1972/5/8 0:00,,諸,,,新,
47,2014,id11_40_02,福岡県２区,当,1,102241,49.5,鬼木誠,男,1972/10/16 0:00,2,自,石,,前,公
47,2014,id11_40_02,福岡県２区,-,3,83535,40.4,稲富修二,男,1970/8/26 0:00,,民,,,元,
47,2014,id11_40_02,福岡県２区,-,3,17200,8.3,倉元達朗,男,1967/7/11 0:00,,共,,,新,
47,2014,id11_40_02,福岡県２区,-,3,3682,1.8,中村宣久,男,1962/4/18 0:00,,無,,,新,
47,2014,id11_40_03,福岡県３区,当,1,114093,57.4,古賀篤,男,1972/7/14 0:00,2,自,岸,宏池会,前,公
47,2014,id11_40_03,福岡県３区,-,3,65395,32.9,藤田一枝,女,1949/7/20 0:00,,民,,,元,
47,2014,id11_40_03,福岡県３区,-,3,19164,9.6,川原康裕,男,1981/9/8 0:00,,共,,,新,
47,2014,id11_40_04,福岡県４区,当,1,91222,53.9,宮内秀樹,男,1962/10/19 0:00,2,自,,,前,公
47,2014,id11_40_04,福岡県４区,比当,2,54663,32.3,河野正美,男,1961/6/30 0:00,,維,日維,,前,
47,2014,id11_40_04,福岡県４区,-,3,23285,13.8,新留清隆,男,1955/7/28 0:00,,共,,,新,
47,2014,id11_40_05,福岡県５区,当,1,113736,54.5,原田義昭,男,1944/10/1 0:00,7,自,麻,志公会,前,公
47,2014,id11_40_05,福岡県５区,-,3,73805,35.3,楠田大蔵,男,1975/4/20 0:00,,民,,,元,
47,2014,id11_40_05,福岡県５区,-,3,21251,10.2,田中陽二,男,1956/7/16 0:00,,共,,,新,
47,2014,id11_40_06,福岡県６区,当,1,116413,72,鳩山邦夫,男,1948/9/13 0:00,13,自,,,前,公
47,2014,id11_40_06,福岡県６区,-,3,45357,28,金子睦美,女,1961/2/23 0:00,,共,,,新,
47,2014,id11_40_07,福岡県７区,当,1,95796,70.5,藤丸敏,男,1960/1/19 0:00,2,自,岸,宏池会,前,公
47,2014,id11_40_07,福岡県７区,-,3,40003,29.5,江口学,男,1974/6/27 0:00,,共,,,新,
47,2014,id11_40_08,福岡県８区,当,1,126684,71.3,麻生太郎,男,1940/9/20 0:00,12,自,麻,志公会,前,
47,2014,id11_40_08,福岡県８区,-,3,50947,28.7,河野祥子,女,1980/7/5 0:00,,共,,,新,
47,2014,id11_40_09,福岡県９区,当,1,87892,47.2,三原朝彦,男,1947/5/23 0:00,7,自,額,平成研,前,公
47,2014,id11_40_09,福岡県９区,比当,2,71871,38.6,緒方林太郎,男,1973/1/8 0:00,,民,,,元,
47,2014,id11_40_09,福岡県９区,比当,2,26443,14.2,真島省三,男,1963/1/12 0:00,,共,,,新,
47,2014,id11_40_10,福岡県１０区,当,1,81567,44.2,山本幸三,男,1948/8/8 0:00,7,自,岸,宏池会,前,公
47,2014,id11_40_10,福岡県１０区,-,3,58599,31.8,城井崇,男,1973/6/23 0:00,,民,,,元,
47,2014,id11_40_10,福岡県１０区,-,3,25941,14.1,高瀬菜穂子,女,1960/7/5 0:00,,共,,,新,
47,2014,id11_40_10,福岡県１０区,-,3,18400,10,佐藤正夫,男,1955/4/9 0:00,,無,み,,前,
47,2014,id11_40_11,福岡県１１区,当,1,85488,65.6,武田良太,男,1968/4/1 0:00,5,自,,,前,公
47,2014,id11_40_11,福岡県１１区,-,3,24138,18.5,藤中寛之,男,1974/4/17 0:00,,社,,,新,
47,2014,id11_40_11,福岡県１１区,-,3,20694,15.9,山下登美子,女,1953/10/15 0:00,,共,,,新,
47,2014,id11_41_01,佐賀県１区,当,1,85903,47.5,原口一博,男,1959/7/2 0:00,7,民,,,前,
47,2014,id11_41_01,佐賀県１区,比当,2,83421,46.1,岩田和親,男,1973/9/20 0:00,,自,岸,宏池会,前,公
47,2014,id11_41_01,佐賀県１区,-,3,11483,6.4,古賀誠,男,1940/8/5 0:00,,共,,,新,
47,2014,id11_41_02,佐賀県２区,当,1,114074,55.6,古川康,男,1958/7/15 0:00,1,自,,,新,公
47,2014,id11_41_02,佐賀県２区,比当,2,82383,40.1,大串博志,男,1965/8/31 0:00,,民,,,前,
47,2014,id11_41_02,佐賀県２区,-,3,8812,4.3,御厨さとみ,女,1981/5/15 0:00,,共,,,新,
47,2014,id11_42_01,長崎県１区,当,1,76247,45.6,冨岡勉,男,1948/7/4 0:00,3,自,石,,前,公
47,2014,id11_42_01,長崎県１区,比当,2,74218,44.4,高木義明,男,1945/12/22 0:00,,民,,,前,
47,2014,id11_42_01,長崎県１区,-,3,16867,10.1,中西敦信,男,1980/5/27 0:00,,共,,,新,
47,2014,id11_42_02,長崎県２区,当,1,86359,52.8,加藤寛治,男,1946/4/24 0:00,2,自,町,清和会,前,公
47,2014,id11_42_02,長崎県２区,-,3,65924,40.3,大久保潔重,男,1966/3/12 0:00,,民,,,新,
47,2014,id11_42_02,長崎県２区,-,3,11228,6.9,矢崎勝己,男,1949/12/9 0:00,,共,,,新,
47,2014,id11_42_03,長崎県３区,当,1,82354,72.2,谷川弥一,男,1941/8/12 0:00,5,自,町,清和会,前,公
47,2014,id11_42_03,長崎県３区,-,3,31650,27.8,石丸完治,男,1949/7/9 0:00,,共,,,新,
47,2014,id11_42_04,長崎県４区,当,1,61533,50.4,北村誠吾,男,1947/1/29 0:00,6,自,岸,宏池会,前,公
47,2014,id11_42_04,長崎県４区,-,3,42690,35,宮島大典,男,1963/6/6 0:00,,民,,,元,
47,2014,id11_42_04,長崎県４区,-,3,9303,7.6,末次精一,男,1962/12/2 0:00,,生,未,,新,
47,2014,id11_42_04,長崎県４区,-,3,6319,5.2,石川悟,男,1952/10/20 0:00,,共,,,新,
47,2014,id11_42_04,長崎県４区,-,3,2268,1.9,森拓也,男,1969/7/1 0:00,,無,,,新,
47,2014,id11_43_01,熊本県１区,当,1,87111,49.7,木原稔,男,1969/8/12 0:00,3,自,額,平成研,前,
47,2014,id11_43_01,熊本県１区,比当,2,73274,41.8,松野頼久,男,1960/9/19 0:00,,維,日維,,前,
47,2014,id11_43_01,熊本県１区,-,3,14947,8.5,高本征尚,男,1985/11/26 0:00,,共,,,新,
47,2014,id11_43_02,熊本県２区,当,1,92873,71.6,野田毅,男,1941/10/3 0:00,15,自,石,,前,公
47,2014,id11_43_02,熊本県２区,-,3,36769,28.4,広瀬由美,女,1956/2/23 0:00,,共,,,新,
47,2014,id11_43_03,熊本県３区,当,1,100824,77.1,坂本哲志,男,1950/11/6 0:00,5,自,石,,前,公
47,2014,id11_43_03,熊本県３区,-,3,29981,22.9,芋生よしや,女,1954/12/25 0:00,,共,,,新,
47,2014,id11_43_04,熊本県４区,当,1,101581,75.9,園田博之,男,1942/2/19 0:00,10,次,日維,,前,公
47,2014,id11_43_04,熊本県４区,-,3,32223,24.1,井芹栄次,男,1956/2/2 0:00,,共,,,新,
47,2014,id11_43_05,熊本県５区,当,1,87874,69.5,金子恭之,男,1961/2/27 0:00,6,自,,,前,公
47,2014,id11_43_05,熊本県５区,-,3,26245,20.8,今泉克己,男,1950/8/27 0:00,,社,,,新,
47,2014,id11_43_05,熊本県５区,-,3,12307,9.7,橋田芳昭,男,1955/10/20 0:00,,共,,,新,
47,2014,id11_44_01,大分県１区,当,1,94893,48.3,吉良州司,男,1958/3/16 0:00,4,民,,,元,
47,2014,id11_44_01,大分県１区,比当,2,88507,45,穴見陽一,男,1969/7/24 0:00,,自,町,清和会,前,公
47,2014,id11_44_01,大分県１区,-,3,13113,6.7,山本茂,男,1951/2/20 0:00,,共,,,新,
47,2014,id11_44_02,大分県２区,当,1,86363,52.6,衛藤征士郎,男,1941/4/29 0:00,11,自,町,清和会,前,公
47,2014,id11_44_02,大分県２区,比当,2,59775,36.4,吉川元,男,1966/9/28 0:00,,社,,,前,
47,2014,id11_44_02,大分県２区,-,3,17907,10.9,山下魁,男,1976/12/27 0:00,,共,,,新,
47,2014,id11_44_03,大分県３区,当,1,106257,61.7,岩屋毅,男,1957/8/24 0:00,7,自,麻,志公会,前,公
47,2014,id11_44_03,大分県３区,-,3,48389,28.1,浦野英樹,男,1969/3/31 0:00,,民,み,,新,
47,2014,id11_44_03,大分県３区,-,3,17657,10.2,大塚光義,男,1955/10/23 0:00,,共,,,新,
47,2014,id11_45_01,宮崎県１区,当,1,89171,54.2,武井俊輔,男,1975/3/29 0:00,2,自,岸,宏池会,前,公
47,2014,id11_45_01,宮崎県１区,-,3,39394,23.9,外山斎,男,1976/4/23 0:00,,維,生,,新,
47,2014,id11_45_01,宮崎県１区,-,3,23127,14.1,村尾英俊,男,1963/6/6 0:00,,民,,,新,
47,2014,id11_45_01,宮崎県１区,-,3,12871,7.8,松本隆,男,1961/8/6 0:00,,共,,,新,
47,2014,id11_45_02,宮崎県２区,当,1,111850,78.4,江藤拓,男,1960/7/1 0:00,5,自,,,前,公
47,2014,id11_45_02,宮崎県２区,-,3,30841,21.6,吉田貴行,男,1955/4/11 0:00,,共,,,新,
47,2014,id11_45_03,宮崎県３区,当,1,108051,78.5,古川禎久,男,1965/8/3 0:00,5,自,,,前,公
47,2014,id11_45_03,宮崎県３区,-,3,29599,21.5,来住一人,男,1945/3/15 0:00,,共,,,新,
47,2014,id11_46_01,鹿児島県１区,当,1,67376,44.1,保岡興治,男,1939/5/11 0:00,13,自,石,,前,公
47,2014,id11_46_01,鹿児島県１区,-,3,47315,31,川内博史,男,1961/11/2 0:00,,民,,,元,
47,2014,id11_46_01,鹿児島県１区,-,3,30133,19.7,山之内毅,男,1981/12/16 0:00,,維,日維,,前,
47,2014,id11_46_01,鹿児島県１区,-,3,8024,5.2,山口広延,男,1975/4/2 0:00,,共,,,新,
47,2014,id11_46_02,鹿児島県２区,当,1,91670,74.2,金子万寿夫,男,1947/1/11 0:00,2,自,石,,前,公
47,2014,id11_46_02,鹿児島県２区,-,3,31823,25.8,祝迫光治,男,1943/1/21 0:00,,共,,,新,
47,2014,id11_46_03,鹿児島県３区,当,1,79003,54.6,野間健,男,1958/10/8 0:00,2,無,国,,前,
47,2014,id11_46_03,鹿児島県３区,比当,2,56741,39.2,宮路拓馬,男,1979/12/6 0:00,,自,,,新,公
47,2014,id11_46_03,鹿児島県３区,-,3,8821,6.1,山口陽規,男,1953/5/22 0:00,,共,,,新,
47,2014,id11_46_04,鹿児島県４区,当,1,93501,69.6,小里泰弘,男,1958/9/29 0:00,4,自,,,前,公
47,2014,id11_46_04,鹿児島県４区,-,3,28281,21.1,野呂正和,男,1951/4/15 0:00,,社,,,新,
47,2014,id11_46_04,鹿児島県４区,-,3,12464,9.3,永田義人,男,1949/1/27 0:00,,共,,,新,
47,2014,id11_46_05,鹿児島県５区,当,1,94977,79.1,森山裕,男,1945/4/8 0:00,5,自,石,,前,公
47,2014,id11_46_05,鹿児島県５区,-,3,25168,20.9,野口寛,男,1945/9/23 0:00,,共,,,新,
47,2014,id11_47_01,沖縄県１区,当,1,57935,39.8,赤嶺政賢,男,1947/12/18 0:00,6,共,,,前,
47,2014,id11_47_01,沖縄県１区,比当,2,53241,36.6,国場幸之助,男,1973/1/10 0:00,,自,岸,宏池会,前,公
47,2014,id11_47_01,沖縄県１区,比当,2,34328,23.6,下地幹郎,男,1961/8/14 0:00,,維,国,,元,
47,2014,id11_47_02,沖縄県２区,当,1,85781,62.2,照屋寛徳,男,1945/7/24 0:00,5,社,,,前,
47,2014,id11_47_02,沖縄県２区,比当,2,52156,37.8,宮崎政久,男,1965/8/8 0:00,,自,額,平成研,前,公
47,2014,id11_47_03,沖縄県３区,当,1,89110,60,玉城デニー,男,1959/10/13 0:00,3,生,未,,前,
47,2014,id11_47_03,沖縄県３区,比当,2,59491,40,比嘉奈津美,女,1958/10/3 0:00,,自,額,平成研,前,公
47,2014,id11_47_04,沖縄県４区,当,1,71227,52,仲里利信,男,1937/3/16 0:00,1,無,自,,新,
47,2014,id11_47_04,沖縄県４区,比当,2,65838,48,西銘恒三郎,男,1954/8/7 0:00,,自,額,平成研,前,公
48,2017,id01_01_01,北海道１区,当,1,139110,53.5,道下大樹,男,1975/12/24 0:00,1,立,民,,新,
48,2017,id01_01_01,北海道１区,比当,2,120987,46.5,船橋利実,男,1960/11/20 0:00,,自,,,元,公
48,2017,id01_01_02,北海道２区,当,1,104824,41.3,吉川貴盛,男,1950/10/20 0:00,6,自,二,志帥会,前,公
48,2017,id01_01_02,北海道２区,-,3,74425,29.4,松木謙公,男,1959/2/22 0:00,,希,民,,前,
48,2017,id01_01_02,北海道２区,-,3,52626,20.8,金倉昌俊,男,1974/9/21 0:00,,共,,,新,
48,2017,id01_01_02,北海道２区,-,3,21643,8.5,小和田康文,男,1970/8/27 0:00,,維,,,新,
48,2017,id01_01_03,北海道３区,当,1,141680,54.4,荒井優,男,1975/2/28 0:00,8,立,民,,前,
48,2017,id01_01_03,北海道３区,-,3,118961,45.6,高木宏寿,男,1960/4/9 0:00,,自,二,志帥会,前,公
48,2017,id01_01_04,北海道４区,当,1,104054,45.9,中村裕之,男,1961/2/23 0:00,3,自,麻,志公会,前,公
48,2017,id01_01_04,北海道４区,比当,2,90619,40,本多平直,男,1964/12/2 0:00,,立,民,,元,
48,2017,id01_01_04,北海道４区,-,3,31941,14.1,高橋美穂,女,1965/4/18 0:00,,希,維党,,元,
48,2017,id01_01_05,北海道５区,当,1,142687,49.8,和田義明,男,1971/10/10 0:00,2,自,細,清和会,前,公
48,2017,id01_01_05,北海道５区,比当,2,135948,47.5,池田真紀,女,1972/5/24 0:00,,立,民,,新,
48,2017,id01_01_05,北海道５区,-,3,7632,2.7,森山佳則,男,1966/12/17 0:00,,諸,,,新,
48,2017,id01_01_06,北海道６区,当,1,136312,54.5,佐々木隆博,男,1949/3/10 0:00,4,立,民,,前,
48,2017,id01_01_06,北海道６区,-,3,113851,45.5,今津寛,男,1946/9/30 0:00,,自,額,平成研,前,公
48,2017,id01_01_07,北海道７区,当,1,95200,66.6,伊東良孝,男,1948/11/24 0:00,4,自,二,志帥会,前,公
48,2017,id01_01_07,北海道７区,-,3,47740,33.4,石川明美,男,1951/5/16 0:00,,共,,,新,
48,2017,id01_01_08,北海道８区,当,1,125771,55.4,逢坂誠二,男,1959/4/24 0:00,4,無,民,,前,
48,2017,id01_01_08,北海道８区,-,3,101243,44.6,前田一男,男,1966/5/27 0:00,,自,細,清和会,前,公
48,2017,id01_01_09,北海道９区,当,1,108747,46.8,堀井学,男,1972/2/19 0:00,3,自,細,清和会,前,公
48,2017,id01_01_09,北海道９区,比当,2,88320,38,山岡達丸,男,1979/7/22 0:00,,希,民,,元,
48,2017,id01_01_09,北海道９区,-,3,35543,15.3,松橋千春,女,1982/4/9 0:00,,共,,,新,
48,2017,id01_01_10,北海道１０区,当,1,96795,50.1,稲津久,男,1958/2/9 0:00,4,公,,,前,自
48,2017,id01_01_10,北海道１０区,比当,2,96282,49.9,神谷裕,男,1968/8/10 0:00,,立,民,,新,
48,2017,id01_01_11,北海道１１区,当,1,98214,54.5,石川香織,女,1984/5/10 0:00,1,立,民,,新,
48,2017,id01_01_11,北海道１１区,-,3,82096,45.5,中川郁子,女,1958/12/22 0:00,,自,二,志帥会,前,公
48,2017,id01_01_12,北海道１２区,当,1,97113,54.1,武部新,男,1970/7/20 0:00,3,自,二,志帥会,前,公
48,2017,id01_01_12,北海道１２区,-,3,58422,32.6,水上美華,女,1982/2/1 0:00,,希,民,,新,
48,2017,id01_01_12,北海道１２区,-,3,23830,13.3,菅原誠,男,1973/7/31 0:00,,共,,,新,
48,2017,id02_02_01,青森県１区,当,1,103177,54.9,津島淳,男,1966/10/18 0:00,3,自,額,平成研,前,公
48,2017,id02_02_01,青森県１区,-,3,64173,34.2,升田世喜男,男,1957/6/5 0:00,,希,民,,前,
48,2017,id02_02_01,青森県１区,-,3,20497,10.9,赤平勇人,男,1990/5/20 0:00,,共,,,新,
48,2017,id02_02_02,青森県２区,当,1,133545,64,大島理森,男,1946/9/6 0:00,12,自,,,前,公
48,2017,id02_02_02,青森県２区,-,3,56011,26.9,工藤武司,男,1971/12/13 0:00,,希,民,,新,
48,2017,id02_02_02,青森県２区,-,3,19004,9.1,奥本菜保巳,女,1960/6/3 0:00,,共,,,新,
48,2017,id02_02_03,青森県３区,当,1,128740,64.2,木村次郎,男,1967/12/16 0:00,1,自,,,新,公
48,2017,id02_02_03,青森県３区,-,3,51096,25.5,山内崇,男,1955/5/11 0:00,,希,民,,新,
48,2017,id02_02_03,青森県３区,-,3,16510,8.2,高柳博明,男,1969/11/26 0:00,,共,,,新,
48,2017,id02_02_03,青森県３区,-,3,4115,2.1,三国佑貴,男,1985/5/24 0:00,,諸,,,新,
48,2017,id02_03_01,岩手県１区,当,1,87534,52.6,階猛,男,1966/10/7 0:00,5,希,民,,前,
48,2017,id02_03_01,岩手県１区,比当,2,57381,34.5,高橋比奈子,女,1958/1/19 0:00,,自,麻,志公会,前,公
48,2017,id02_03_01,岩手県１区,-,3,21549,12.9,吉田恭子,女,1981/2/5 0:00,,共,,,新,
48,2017,id02_03_02,岩手県２区,当,1,129884,56.8,鈴木俊一,男,1953/4/13 0:00,9,自,麻,志公会,前,公
48,2017,id02_03_02,岩手県２区,-,3,98842,43.2,畑浩治,男,1963/9/28 0:00,,希,民,,元,
48,2017,id02_03_03,岩手県３区,当,1,130229,57.4,小沢一郎,男,1942/5/24 0:00,17,無,由,,前,
48,2017,id02_03_03,岩手県３区,比当,2,96571,42.6,藤原崇,男,1983/8/2 0:00,,自,細,清和会,前,公
48,2017,id02_04_01,宮城県１区,当,1,100123,46.2,土井亨,男,1958/8/12 0:00,4,自,細,清和会,前,公・こ
48,2017,id02_04_01,宮城県１区,比当,2,78704,36.3,岡本章子,女,1964/8/16 0:00,,立,民,,新,
48,2017,id02_04_01,宮城県１区,-,3,24047,11.1,伊藤優太,男,1985/4/3 0:00,,希,,,新,
48,2017,id02_04_01,宮城県１区,-,3,10001,4.6,畠山昌樹,男,1974/3/21 0:00,,維,,,新,
48,2017,id02_04_01,宮城県１区,-,3,2413,1.1,油井哲史,男,1980/1/10 0:00,,諸,,,新,
48,2017,id02_04_01,宮城県１区,-,3,1547,0.7,今留尚人,男,1965/6/1 0:00,,無,,,新,
48,2017,id02_04_02,宮城県２区,当,1,111559,50.3,秋葉賢也,男,1962/7/3 0:00,6,自,,,前,公・こ
48,2017,id02_04_02,宮城県２区,-,3,110243,49.7,鎌田さゆり,女,1965/1/8 0:00,,無,民,,元,
48,2017,id02_04_03,宮城県３区,当,1,92893,60.3,西村明宏,男,1960/7/16 0:00,5,自,細,清和会,前,公・こ
48,2017,id02_04_03,宮城県３区,-,3,40670,26.4,一條芳弘,男,1973/6/17 0:00,,希,民,,新,
48,2017,id02_04_03,宮城県３区,-,3,20469,13.3,吉田剛,男,1981/11/15 0:00,,共,,,新,
48,2017,id02_04_04,宮城県４区,当,1,73298,58.4,伊藤信太郎,男,1953/5/6 0:00,6,自,麻,志公会,前,公・こ
48,2017,id02_04_04,宮城県４区,-,3,34424,27.4,坂東毅彦,男,1959/4/18 0:00,,希,民,,新,
48,2017,id02_04_04,宮城県４区,-,3,17688,14.1,高村直也,男,1983/9/16 0:00,,共,,,新,
48,2017,id02_04_05,宮城県５区,当,1,89423,63.9,安住淳,男,1962/1/17 0:00,8,無,民,,前,
48,2017,id02_04_05,宮城県５区,-,3,50496,36.1,勝沼栄明,男,1974/11/26 0:00,,自,二,志帥会,前,公・こ
48,2017,id02_04_06,宮城県６区,当,1,123871,85.7,小野寺五典,男,1960/5/5 0:00,7,自,岸,宏池会,前,公・こ
48,2017,id02_04_06,宮城県６区,-,3,20638,14.3,横田有史,男,1944/3/2 0:00,,共,,,新,
48,2017,id02_05_01,秋田県１区,当,1,79442,53.7,冨樫博之,男,1955/4/27 0:00,3,自,石破,水月会,前,公
48,2017,id02_05_01,秋田県１区,-,3,53850,36.4,松浦大悟,男,1969/10/3 0:00,,希,民,,新,
48,2017,id02_05_01,秋田県１区,-,3,14584,9.9,斉藤大悟,男,1979/3/20 0:00,,共,,,新,
48,2017,id02_05_02,秋田県２区,当,1,74835,46.3,金田勝年,男,1949/10/4 0:00,4,自,額,平成研,前,公
48,2017,id02_05_02,秋田県２区,比当,2,73163,45.3,緑川貴士,男,1985/1/10 0:00,,希,民,,新,
48,2017,id02_05_02,秋田県２区,-,3,13642,8.4,藤本友里,女,1979/5/4 0:00,,共,,,新,
48,2017,id02_05_03,秋田県３区,当,1,107432,50.6,御法川信英,男,1964/5/25 0:00,5,自,麻,志公会,前,公
48,2017,id02_05_03,秋田県３区,-,3,93746,44.1,村岡敏英,男,1960/7/25 0:00,,希,民,,前,
48,2017,id02_05_03,秋田県３区,-,3,11274,5.3,冨岡昭,男,1950/4/25 0:00,,共,,,新,
48,2017,id02_06_01,山形県１区,当,1,104227,57.3,遠藤利明,男,1950/1/17 0:00,8,自,,,前,公
48,2017,id02_06_01,山形県１区,-,3,62407,34.3,荒井寛,男,1973/4/4 0:00,,希,民,,新,
48,2017,id02_06_01,山形県１区,-,3,15354,8.4,石川渉,男,1973/12/13 0:00,,共,,,新,
48,2017,id02_06_02,山形県２区,当,1,109949,51.6,鈴木憲和,男,1982/1/30 0:00,3,自,額,平成研,前,公
48,2017,id02_06_02,山形県２区,-,3,92035,43.2,近藤洋介,男,1965/5/19 0:00,,希,民,,前,
48,2017,id02_06_02,山形県２区,-,3,10923,5.1,岩本康嗣,男,1965/2/28 0:00,,共,,,新,
48,2017,id02_06_03,山形県３区,当,1,103973,52.2,加藤鮎子,女,1979/4/19 0:00,2,自,,,前,公
48,2017,id02_06_03,山形県３区,-,3,81708,41,阿部寿一,男,1959/8/17 0:00,,希,,,元,
48,2017,id02_06_03,山形県３区,-,3,11241,5.6,加藤太一,男,1951/2/27 0:00,,共,,,新,
48,2017,id02_06_03,山形県３区,-,3,2329,1.2,城取良太,男,1977/5/15 0:00,,諸,,,新,
48,2017,id02_07_01,福島県１区,当,1,126664,52.7,金子恵美,女,1978/2/27 0:00,2,無,民,,前,
48,2017,id02_07_01,福島県１区,比当,2,113514,47.3,亀岡偉民,男,1955/9/10 0:00,,自,細,清和会,前,公
48,2017,id02_07_02,福島県２区,当,1,96892,52.6,根本匠,男,1951/3/7 0:00,8,自,岸,宏池会,前,公
48,2017,id02_07_02,福島県２区,-,3,59377,32.2,岡部光規,男,1968/9/21 0:00,,希,民,,新,
48,2017,id02_07_02,福島県２区,-,3,18279,9.9,平善彦,男,1952/5/6 0:00,,共,,,新,
48,2017,id02_07_02,福島県２区,-,3,9685,5.3,西村恵美,女,1963/1/28 0:00,,維,,,新,
48,2017,id02_07_03,福島県３区,当,1,92930,56.6,玄葉光一郎,男,1964/5/20 0:00,9,無,民,,前,
48,2017,id02_07_03,福島県３区,比当,2,60006,36.6,上杉謙太郎,男,1975/4/20 0:00,,自,,,新,公
48,2017,id02_07_03,福島県３区,-,3,11196,6.8,橋本健二,男,1948/9/6 0:00,,共,,,新,
48,2017,id02_07_04,福島県４区,当,1,68282,44.7,菅家一郎,男,1955/5/20 0:00,3,自,細,清和会,前,公
48,2017,id02_07_04,福島県４区,比当,2,67073,43.9,小熊慎司,男,1968/6/16 0:00,,希,民,,前,
48,2017,id02_07_04,福島県４区,-,3,9492,6.2,古川芳憲,男,1950/12/2 0:00,,共,,,新,
48,2017,id02_07_04,福島県４区,-,3,8063,5.3,渡辺敏雄,男,1949/3/2 0:00,,社,,,新,
48,2017,id02_07_05,福島県５区,当,1,86461,53.6,吉野正芳,男,1948/8/8 0:00,7,自,細,清和会,前,公
48,2017,id02_07_05,福島県５区,-,3,51478,31.9,吉田泉,男,1949/2/26 0:00,,希,民,,前,
48,2017,id02_07_05,福島県５区,-,3,16154,10,熊谷智,男,1979/10/30 0:00,,共,,,新,
48,2017,id02_07_05,福島県５区,-,3,7186,4.5,遠藤陽子,女,1950/3/26 0:00,,社,,,新,
48,2017,id03_08_01,茨城県１区,当,1,100875,48.4,田所嘉徳,男,1954/1/19 0:00,3,自,石破,水月会,前,公
48,2017,id03_08_01,茨城県１区,-,3,82835,39.8,福島伸享,男,1970/8/8 0:00,,希,民,,前,
48,2017,id03_08_01,茨城県１区,-,3,22034,10.6,大内久美子,女,1949/8/14 0:00,,共,,,新,
48,2017,id03_08_01,茨城県１区,-,3,2564,1.2,川辺賢一,男,1987/5/11 0:00,,諸,,,新,
48,2017,id03_08_02,茨城県２区,当,1,104183,59.2,額賀福志郎,男,1944/1/11 0:00,12,自,額,平成研,前,公
48,2017,id03_08_02,茨城県２区,-,3,57098,32.5,石津政雄,男,1947/3/10 0:00,,希,民,,元,
48,2017,id03_08_02,茨城県２区,-,3,14675,8.3,星野文雄,男,1948/1/27 0:00,,共,,,新,
48,2017,id03_08_03,茨城県３区,当,1,113068,57,葉梨康弘,男,1959/10/12 0:00,5,自,岸,宏池会,前,公
48,2017,id03_08_03,茨城県３区,-,3,51060,25.8,樋口舞,女,1973/10/20 0:00,,希,,,新,維
48,2017,id03_08_03,茨城県３区,-,3,34112,17.2,林京,女,1950/9/7 0:00,,共,,,新,
48,2017,id03_08_04,茨城県４区,当,1,97966,69.9,梶山弘志,男,1955/10/18 0:00,7,自,,,前,公
48,2017,id03_08_04,茨城県４区,-,3,29547,21.1,大熊利昭,男,1963/6/5 0:00,,希,維党,,元,
48,2017,id03_08_04,茨城県４区,-,3,12548,9,堀江鶴治,男,1941/11/20 0:00,,共,,,新,
48,2017,id03_08_05,茨城県５区,当,1,61450,48.2,石川昭政,男,1972/9/18 0:00,3,自,,,前,
48,2017,id03_08_05,茨城県５区,比当,2,56098,44,浅野哲,男,1982/9/25 0:00,,希,民,,新,
48,2017,id03_08_05,茨城県５区,-,3,10027,7.9,川崎篤子,女,1953/1/19 0:00,,共,,,新,
48,2017,id03_08_06,茨城県６区,当,1,102820,45.9,国光文乃,女,1979/3/20 0:00,1,自,,,新,公
48,2017,id03_08_06,茨城県６区,比当,2,96987,43.3,青山大人,男,1979/1/24 0:00,,希,民,,新,
48,2017,id03_08_06,茨城県６区,-,3,24227,10.8,古沢喜幸,男,1946/7/2 0:00,,共,,,新,
48,2017,id03_08_07,茨城県７区,当,1,77719,49,中村喜四郎,男,1949/4/10 0:00,14,無,,,前,公
48,2017,id03_08_07,茨城県７区,比当,2,62617,39.5,永岡桂子,女,1953/12/8 0:00,,自,麻,志公会,前,
48,2017,id03_08_07,茨城県７区,-,3,18308,11.5,石嶋巌,男,1954/2/7 0:00,,共,,,新,
48,2017,id03_09_01,栃木県１区,当,1,109139,51.9,船田元,男,1953/11/22 0:00,12,自,額,平成研,前,公
48,2017,id03_09_01,栃木県１区,-,3,51122,24.3,柏倉祐司,男,1969/4/10 0:00,,希,民,,元,
48,2017,id03_09_01,栃木県１区,-,3,33681,16,渡辺典喜,男,1983/2/14 0:00,,無,民,,新,
48,2017,id03_09_01,栃木県１区,-,3,16463,7.8,青木弘,男,1961/1/15 0:00,,共,,,新,
48,2017,id03_09_02,栃木県２区,当,1,75031,53.4,福田昭夫,男,1948/4/17 0:00,5,無,民,,前,立・社
48,2017,id03_09_02,栃木県２区,-,3,65445,46.6,西川公也,男,1942/12/26 0:00,,自,二,志帥会,前,公
48,2017,id03_09_03,栃木県３区,当,1,74371,57.8,簗和生,男,1979/4/22 0:00,3,自,細,清和会,前,公
48,2017,id03_09_03,栃木県３区,-,3,42820,33.3,渡辺美由紀,女,1959/1/9 0:00,,希,,,新,
48,2017,id03_09_03,栃木県３区,-,3,9990,7.8,槙昌三,男,1943/9/13 0:00,,共,,,新,
48,2017,id03_09_03,栃木県３区,-,3,1561,1.2,石渡剛,男,1969/2/2 0:00,,諸,,,新,
48,2017,id03_09_04,栃木県４区,当,1,111167,54.4,佐藤勉,男,1952/6/20 0:00,8,自,麻,志公会,前,公
48,2017,id03_09_04,栃木県４区,-,3,76294,37.4,藤岡隆雄,男,1977/3/28 0:00,,希,民,,新,
48,2017,id03_09_04,栃木県４区,-,3,16741,8.2,山崎寿彦,男,1952/10/29 0:00,,共,,,新,
48,2017,id03_09_05,栃木県５区,当,1,89403,61.9,茂木敏充,男,1955/10/7 0:00,9,自,額,平成研,前,公
48,2017,id03_09_05,栃木県５区,-,3,41438,28.7,大豆生田実,男,1965/12/5 0:00,,希,,,新,
48,2017,id03_09_05,栃木県５区,-,3,13485,9.3,川上均,男,1956/1/22 0:00,,共,,,新,
48,2017,id03_10_01,群馬県１区,当,1,92641,48.8,尾身朝子,女,1961/4/26 0:00,2,自,細,清和会,前,公
48,2017,id03_10_01,群馬県１区,-,3,71569,37.7,宮崎岳志,男,1970/2/14 0:00,,希,民,,前,
48,2017,id03_10_01,群馬県１区,-,3,25818,13.6,店橋世津子,女,1961/7/31 0:00,,共,,,新,
48,2017,id03_10_02,群馬県２区,当,1,89219,55.9,井野俊郎,男,1980/1/8 0:00,3,自,額,平成研,前,公
48,2017,id03_10_02,群馬県２区,-,3,48545,30.4,石関貴史,男,1972/2/18 0:00,,希,民,,前,
48,2017,id03_10_02,群馬県２区,-,3,21908,13.7,長谷田直之,男,1956/4/24 0:00,,共,,,新,
48,2017,id03_10_03,群馬県３区,当,1,83446,55.3,笹川博義,男,1966/8/29 0:00,3,自,額,平成研,前,公
48,2017,id03_10_03,群馬県３区,比当,2,67456,44.7,長谷川嘉一,男,1952/11/6 0:00,,立,民,,新,
48,2017,id03_10_04,群馬県４区,当,1,93262,60.8,福田達夫,男,1967/3/5 0:00,3,自,細,清和会,前,公
48,2017,id03_10_04,群馬県４区,-,3,36167,23.6,不破弘樹,男,1966/7/9 0:00,,希,民,,新,
48,2017,id03_10_04,群馬県４区,-,3,24006,15.6,萩原貞夫,男,1949/1/1 0:00,,共,,,新,
48,2017,id03_10_05,群馬県５区,当,1,109453,64.9,小渕優子,女,1973/12/11 0:00,7,自,額,平成研,前,公
48,2017,id03_10_05,群馬県５区,-,3,30127,17.9,猪口幸子,女,1956/7/14 0:00,,希,,,新,
48,2017,id03_10_05,群馬県５区,-,3,14935,8.9,伊藤達也,男,1961/7/6 0:00,,共,,,新,
48,2017,id03_10_05,群馬県５区,-,3,14008,8.3,高橋宣之,男,1954/2/11 0:00,,社,,,新,
48,2017,id03_11_01,埼玉県１区,当,1,106699,46.9,村井英樹,男,1980/5/14 0:00,3,自,岸,宏池会,前,公
48,2017,id03_11_01,埼玉県１区,-,3,75716,33.3,武正公一,男,1961/3/23 0:00,,希,民,,前,
48,2017,id03_11_01,埼玉県１区,-,3,33593,14.8,鳥羽恵,女,1959/4/28 0:00,,共,,,新,
48,2017,id03_11_01,埼玉県１区,-,3,11577,5.1,小檜山清人,男,1957/9/16 0:00,,維,,,新,
48,2017,id03_11_02,埼玉県２区,当,1,110072,52.5,新藤義孝,男,1958/1/20 0:00,7,自,額,平成研,前,公
48,2017,id03_11_02,埼玉県２区,-,3,64783,30.9,菅克己,男,1966/4/12 0:00,,希,民,,新,
48,2017,id03_11_02,埼玉県２区,-,3,34846,16.6,平川道也,男,1972/7/15 0:00,,共,,,新,
48,2017,id03_11_03,埼玉県３区,当,1,95093,44.6,黄川田仁志,男,1970/10/13 0:00,3,自,,,前,公
48,2017,id03_11_03,埼玉県３区,比当,2,73250,34.4,山川百合子,女,1969/8/14 0:00,,立,民,,新,
48,2017,id03_11_03,埼玉県３区,-,3,29867,14,三輪麻美,女,1987/3/2 0:00,,希,,,新,
48,2017,id03_11_03,埼玉県３区,-,3,10864,5.1,谷古宇勘司,男,1950/12/15 0:00,,維,,,新,
48,2017,id03_11_03,埼玉県３区,-,3,2040,1,石川英行,男,1963/2/27 0:00,,無,,,新,
48,2017,id03_11_03,埼玉県３区,-,3,2009,0.9,飯田剛,男,1959/7/13 0:00,,諸,,,新,
48,2017,id03_11_04,埼玉県４区,当,1,74287,37.4,穂坂泰,男,1974/2/17 0:00,1,自,,,新,公
48,2017,id03_11_04,埼玉県４区,-,3,50165,25.3,吉田芳朝,男,1974/7/27 0:00,,希,民,,新,
48,2017,id03_11_04,埼玉県４区,-,3,29125,14.7,朝賀英義,男,1949/12/14 0:00,,共,,,新,
48,2017,id03_11_04,埼玉県４区,-,3,23362,11.8,青柳仁士,男,1978/11/7 0:00,,維,,,新,
48,2017,id03_11_04,埼玉県４区,-,3,21614,10.9,豊田真由子,女,1974/10/10 0:00,,無,自,,前,
48,2017,id03_11_05,埼玉県５区,当,1,119091,57.4,枝野幸男,男,1964/5/31 0:00,9,立,民,,前,
48,2017,id03_11_05,埼玉県５区,比当,2,77023,37.1,牧原秀樹,男,1971/6/4 0:00,,自,,,前,公
48,2017,id03_11_05,埼玉県５区,-,3,11379,5.5,高木秀文,男,1973/8/2 0:00,,希,,,新,維
48,2017,id03_11_06,埼玉県６区,当,1,106448,46.8,大島敦,男,1956/12/21 0:00,7,希,民,,前,
48,2017,id03_11_06,埼玉県６区,比当,2,92222,40.5,中根一幸,男,1969/7/11 0:00,,自,細,清和会,前,公
48,2017,id03_11_06,埼玉県６区,-,3,29020,12.7,戸口佐一,男,1950/1/22 0:00,,共,,,新,
48,2017,id03_11_07,埼玉県７区,当,1,90841,44.1,神山佐市,男,1954/8/17 0:00,3,自,石破,水月会,前,公
48,2017,id03_11_07,埼玉県７区,比当,2,78202,38,小宮山泰子,女,1965/4/25 0:00,,希,民,,前,
48,2017,id03_11_07,埼玉県７区,-,3,36830,17.9,長沼チネ,女,1950/1/29 0:00,,共,,,新,
48,2017,id03_11_08,埼玉県８区,当,1,92952,49.5,柴山昌彦,男,1965/12/5 0:00,6,自,細,清和会,前,公
48,2017,id03_11_08,埼玉県８区,-,3,61501,32.8,小野塚勝俊,男,1972/5/5 0:00,,希,民,,元,
48,2017,id03_11_08,埼玉県８区,-,3,33204,17.7,辻源巳,男,1971/9/22 0:00,,共,,,新,
48,2017,id03_11_09,埼玉県９区,当,1,111815,53.2,大塚拓,男,1973/6/14 0:00,4,自,細,清和会,前,公
48,2017,id03_11_09,埼玉県９区,-,3,57599,27.4,杉村慎治,男,1976/6/15 0:00,,希,,,新,
48,2017,id03_11_09,埼玉県９区,-,3,40822,19.4,神田三春,女,1954/8/24 0:00,,共,,,新,
48,2017,id03_11_10,埼玉県１０区,当,1,85453,48,山口泰明,男,1948/11/10 0:00,7,自,額,平成研,前,公
48,2017,id03_11_10,埼玉県１０区,-,3,66106,37.1,坂本祐之輔,男,1955/1/30 0:00,,希,民,,前,
48,2017,id03_11_10,埼玉県１０区,-,3,26504,14.9,柿沼遥輝,男,1983/2/10 0:00,,共,,,新,
48,2017,id03_11_11,埼玉県１１区,当,1,88290,46.4,小泉龍司,男,1952/9/17 0:00,6,無,,,前,
48,2017,id03_11_11,埼玉県１１区,-,3,50046,26.3,今野智博,男,1975/7/25 0:00,,無,,,前,自
48,2017,id03_11_11,埼玉県１１区,-,3,27387,14.4,三角創太,男,1987/12/16 0:00,,希,民,,新,
48,2017,id03_11_11,埼玉県１１区,-,3,24624,12.9,柴岡祐真,男,1984/3/15 0:00,,共,,,新,
48,2017,id03_11_12,埼玉県１２区,当,1,86499,45,野中厚,男,1976/11/17 0:00,3,自,額,平成研,前,公
48,2017,id03_11_12,埼玉県１２区,比当,2,86007,44.7,森田俊和,男,1974/9/19 0:00,,希,民,,新,
48,2017,id03_11_12,埼玉県１２区,-,3,19878,10.3,林秀洋,男,1974/9/22 0:00,,共,,,新,
48,2017,id03_11_13,埼玉県１３区,当,1,104500,52.5,土屋品子,女,1952/2/9 0:00,7,自,,,前,公
48,2017,id03_11_13,埼玉県１３区,-,3,57947,29.1,北角嘉幸,男,1963/5/28 0:00,,希,,,新,
48,2017,id03_11_13,埼玉県１３区,-,3,36755,18.5,池田万佐代,女,1958/12/9 0:00,,社,,,新,
48,2017,id03_11_14,埼玉県１４区,当,1,98443,47.5,三ツ林裕巳,男,1955/9/7 0:00,3,自,細,清和会,前,公
48,2017,id03_11_14,埼玉県１４区,-,3,62733,30.3,鈴木義弘,男,1962/11/10 0:00,,希,民,,前,
48,2017,id03_11_14,埼玉県１４区,-,3,32017,15.5,苗村京子,女,1959/1/14 0:00,,共,,,新,
48,2017,id03_11_14,埼玉県１４区,-,3,13926,6.7,榛野博,男,1970/9/20 0:00,,維,,,新,
48,2017,id03_11_15,埼玉県１５区,当,1,96185,48.2,田中良生,男,1963/11/11 0:00,4,自,,,前,公
48,2017,id03_11_15,埼玉県１５区,-,3,48729,24.4,高山智司,男,1970/4/20 0:00,,希,民,,元,
48,2017,id03_11_15,埼玉県１５区,-,3,39497,19.8,梅村早江子,女,1964/6/28 0:00,,共,,,前,
48,2017,id03_11_15,埼玉県１５区,-,3,15014,7.5,高橋英明,男,1963/5/10 0:00,,維,,,新,
48,2017,id04_12_01,千葉県１区,当,1,82838,40.7,門山宏哲,男,1964/9/3 0:00,3,自,石破,水月会,前,公
48,2017,id04_12_01,千葉県１区,比当,2,81481,40,田嶋要,男,1961/9/22 0:00,,希,民,,前,
48,2017,id04_12_01,千葉県１区,-,3,24231,11.9,大野隆,男,1969/5/22 0:00,,共,,,新,
48,2017,id04_12_01,千葉県１区,-,3,15014,7.4,長谷川豊,男,1975/8/12 0:00,,維,,,新,
48,2017,id04_12_02,千葉県２区,当,1,108964,48.8,小林鷹之,男,1974/11/29 0:00,3,自,二,志帥会,前,公
48,2017,id04_12_02,千葉県２区,-,3,54035,24.2,樋口博康,男,1959/7/2 0:00,,立,民,,新,
48,2017,id04_12_02,千葉県２区,-,3,28878,12.9,竹ヶ原裕美子,女,1971/5/11 0:00,,希,,,新,
48,2017,id04_12_02,千葉県２区,-,3,16491,7.4,上野洋嗣,男,1977/2/6 0:00,,共,,,新,
48,2017,id04_12_02,千葉県２区,-,3,14885,6.7,藤巻健太,男,1983/10/7 0:00,,維,,,新,
48,2017,id04_12_03,千葉県３区,当,1,85461,53.3,松野博一,男,1962/9/13 0:00,7,自,細,清和会,前,公
48,2017,id04_12_03,千葉県３区,比当,2,52018,32.4,岡島一正,男,1957/11/3 0:00,,立,由,,元,
48,2017,id04_12_03,千葉県３区,-,3,22962,14.3,櫛渕万里,女,1967/10/15 0:00,,希,民,,元,
48,2017,id04_12_04,千葉県４区,当,1,131024,59.6,野田佳彦,男,1957/5/20 0:00,8,無,民,,前,
48,2017,id04_12_04,千葉県４区,比当,2,61804,28.1,木村哲也,男,1969/7/6 0:00,,自,,,新,公
48,2017,id04_12_04,千葉県４区,-,3,14955,6.8,深津俊郎,男,1947/12/1 0:00,,共,,,新,
48,2017,id04_12_04,千葉県４区,-,3,12104,5.5,佐藤浩,男,1962/12/12 0:00,,維,,,新,
48,2017,id04_12_05,千葉県５区,当,1,107299,51,薗浦健太郎,男,1972/6/3 0:00,4,自,麻,志公会,前,公
48,2017,id04_12_05,千葉県５区,-,3,62894,29.9,山田厚史,男,1948/1/1 0:00,,立,,,新,
48,2017,id04_12_05,千葉県５区,-,3,40115,19.1,岡野純子,女,1978/6/10 0:00,,希,,,新,
48,2017,id04_12_06,千葉県６区,当,1,76323,43.5,渡辺博道,男,1950/8/3 0:00,7,自,額,平成研,前,公
48,2017,id04_12_06,千葉県６区,比当,2,65281,37.2,生方幸夫,男,1947/10/31 0:00,,立,民,,元,
48,2017,id04_12_06,千葉県６区,-,3,23701,13.5,遠藤宣彦,男,1963/6/5 0:00,,希,次,,元,
48,2017,id04_12_06,千葉県６区,-,3,10145,5.8,星健太郎,男,1979/12/19 0:00,,維,,,新,
48,2017,id04_12_07,千葉県７区,当,1,115731,54.5,斎藤健,男,1959/6/14 0:00,4,自,石破,水月会,前,公
48,2017,id04_12_07,千葉県７区,-,3,51776,24.4,石塚貞通,男,1967/4/20 0:00,,立,民,,新,
48,2017,id04_12_07,千葉県７区,-,3,29706,14,波多野里奈,女,1973/2/15 0:00,,希,,,新,
48,2017,id04_12_07,千葉県７区,-,3,15025,7.1,渡部隆夫,男,1943/5/15 0:00,,共,,,新,
48,2017,id04_12_08,千葉県８区,当,1,100115,48.8,桜田義孝,男,1949/12/20 0:00,7,自,二,志帥会,前,公
48,2017,id04_12_08,千葉県８区,-,3,71468,34.8,太田和美,女,1979/8/28 0:00,,希,民,,前,
48,2017,id04_12_08,千葉県８区,-,3,33752,16.4,小野里定良,男,1947/7/22 0:00,,共,,,新,
48,2017,id04_12_09,千葉県９区,当,1,92180,46.8,秋本真利,男,1975/8/10 0:00,3,自,,,前,公
48,2017,id04_12_09,千葉県９区,比当,2,76332,38.7,奥野総一郎,男,1964/7/15 0:00,,希,民,,前,
48,2017,id04_12_09,千葉県９区,-,3,28488,14.5,鴨志田安代,男,1955/8/17 0:00,,共,,,新,
48,2017,id04_12_10,千葉県１０区,当,1,88398,53.1,林幹雄,男,1947/1/3 0:00,9,自,二,志帥会,前,公
48,2017,id04_12_10,千葉県１０区,-,3,65256,39.2,谷田川元,男,1963/1/17 0:00,,希,民,,元,
48,2017,id04_12_10,千葉県１０区,-,3,12758,7.7,笠原正実,男,1954/2/7 0:00,,共,,,新,
48,2017,id04_12_11,千葉県１１区,当,1,103919,60,森英介,男,1948/8/31 0:00,10,自,麻,志公会,前,公
48,2017,id04_12_11,千葉県１１区,-,3,45345,26.2,多ケ谷亮,男,1968/11/25 0:00,,希,民,,新,
48,2017,id04_12_11,千葉県１１区,-,3,23968,13.8,椎名史明,男,1957/5/30 0:00,,共,,,新,
48,2017,id04_12_12,千葉県１２区,当,1,120075,63.4,浜田靖一,男,1955/10/21 0:00,9,自,,,前,公
48,2017,id04_12_12,千葉県１２区,-,3,36571,19.3,樋高剛,男,1965/11/24 0:00,,希,由,,元,
48,2017,id04_12_12,千葉県１２区,-,3,22182,11.7,大西航,男,1980/11/27 0:00,,共,,,新,
48,2017,id04_12_12,千葉県１２区,-,3,10713,5.7,皆川真一郎,男,1954/8/20 0:00,,社,,,新,
48,2017,id04_12_13,千葉県１３区,当,1,93081,45.8,白須賀貴樹,男,1975/3/16 0:00,3,自,細,清和会,前,公
48,2017,id04_12_13,千葉県１３区,比当,2,57431,28.3,宮川伸,男,1970/6/29 0:00,,立,民,,新,
48,2017,id04_12_13,千葉県１３区,-,3,31887,15.7,水野智彦,男,1956/1/25 0:00,,希,,,元,
48,2017,id04_12_13,千葉県１３区,-,3,20679,10.2,斉藤和子,女,1974/9/29 0:00,,共,,,前,
48,2017,id04_14_01,神奈川県１区,当,1,103070,47.8,松本純,男,1950/4/11 0:00,7,自,麻,志公会,前,公
48,2017,id04_14_01,神奈川県１区,比当,2,78019,36.2,篠原豪,男,1975/2/12 0:00,,立,民,,前,
48,2017,id04_14_01,神奈川県１区,-,3,34433,16,長島一由,男,1967/1/18 0:00,,希,,,元,
48,2017,id04_14_02,神奈川県２区,当,1,123218,57.1,菅義偉,男,1948/12/6 0:00,8,自,,,前,公
48,2017,id04_14_02,神奈川県２区,-,3,47191,21.9,高橋野枝,女,1974/10/6 0:00,,立,民,,新,
48,2017,id04_14_02,神奈川県２区,-,3,28635,13.3,橋本久美,女,1969/7/11 0:00,,希,,,新,
48,2017,id04_14_02,神奈川県２区,-,3,16699,7.7,大貫清文,男,1957/1/29 0:00,,共,,,新,
48,2017,id04_14_03,神奈川県３区,当,1,101157,50.2,小此木八郎,男,1965/6/22 0:00,8,自,,,前,公
48,2017,id04_14_03,神奈川県３区,-,3,46284,23,勝又恒一郎,男,1962/12/11 0:00,,希,民,,元,
48,2017,id04_14_03,神奈川県３区,-,3,26314,13.1,伊藤久美子,女,1959/10/28 0:00,,無,,,新,立
48,2017,id04_14_03,神奈川県３区,-,3,23476,11.7,釘丸進,男,1973/4/12 0:00,,共,,,新,
48,2017,id04_14_03,神奈川県３区,-,3,4177,2.1,壹岐愛子,女,1985/9/14 0:00,,諸,,,新,
48,2017,id04_14_04,神奈川県４区,当,1,67020,34.8,早稲田夕季,女,1958/12/6 0:00,1,立,民,,新,
48,2017,id04_14_04,神奈川県４区,比当,2,55700,28.9,山本朋広,男,1975/6/20 0:00,,自,,,前,公
48,2017,id04_14_04,神奈川県４区,-,3,51495,26.7,浅尾慶一郎,男,1964/2/11 0:00,,無,,,前,
48,2017,id04_14_04,神奈川県４区,-,3,18618,9.7,風間法子,女,1970/10/1 0:00,,希,,,新,
48,2017,id04_14_05,神奈川県５区,当,1,120068,51.6,坂井学,男,1965/9/4 0:00,4,自,,,前,公
48,2017,id04_14_05,神奈川県５区,-,3,67085,28.8,吉岡憲史,男,1978/1/4 0:00,,希,,,新,
48,2017,id04_14_05,神奈川県５区,-,3,45497,19.6,横山征吾,男,1971/4/23 0:00,,共,,,新,
48,2017,id04_14_06,神奈川県６区,当,1,86291,44.6,青柳陽一郎,男,1969/8/29 0:00,3,立,民,,前,
48,2017,id04_14_06,神奈川県６区,-,3,82788,42.8,上田勇,男,1958/8/5 0:00,,公,,,前,自
48,2017,id04_14_06,神奈川県６区,比当,2,24424,12.6,串田誠一,男,1958/6/20 0:00,,維,,,新,
48,2017,id04_14_07,神奈川県７区,当,1,103324,47,鈴木馨祐,男,1977/2/9 0:00,4,自,麻,志公会,前,公
48,2017,id04_14_07,神奈川県７区,比当,2,87819,39.9,中谷一馬,男,1983/8/30 0:00,,立,民,,新,
48,2017,id04_14_07,神奈川県７区,-,3,28685,13,川野案,女,1982/9/28 0:00,,希,,,新,維
48,2017,id04_14_08,神奈川県８区,当,1,119280,54.2,江田憲司,男,1956/4/28 0:00,6,無,民,,前,
48,2017,id04_14_08,神奈川県８区,比当,2,74119,33.7,三谷英弘,男,1976/6/28 0:00,,自,,,元,公
48,2017,id04_14_08,神奈川県８区,-,3,21241,9.6,加藤リカ,女,1972/3/25 0:00,,共,,,新,
48,2017,id04_14_08,神奈川県８区,-,3,5518,2.5,大西恒樹,男,1964/2/29 0:00,,諸,,,新,
48,2017,id04_14_09,神奈川県９区,当,1,72531,41.3,笠浩史,男,1965/1/3 0:00,6,希,民,,前,
48,2017,id04_14_09,神奈川県９区,比当,2,70819,40.3,中山展宏,男,1968/9/16 0:00,,自,麻,志公会,前,公
48,2017,id04_14_09,神奈川県９区,-,3,32290,18.4,斎藤温,女,1990/11/29 0:00,,共,,,新,
48,2017,id04_14_10,神奈川県１０区,当,1,113824,51.5,田中和徳,男,1949/1/21 0:00,8,自,麻,志公会,前,公
48,2017,id04_14_10,神奈川県１０区,-,3,58053,26.2,市川佳子,女,1964/1/29 0:00,,希,,,新,
48,2017,id04_14_10,神奈川県１０区,比当,2,49305,22.3,畑野君枝,女,1957/1/19 0:00,,共,,,前,
48,2017,id04_14_11,神奈川県１１区,当,1,154761,78,小泉進次郎,男,1981/4/14 0:00,4,自,,,前,
48,2017,id04_14_11,神奈川県１１区,-,3,21874,11,瀬戸和弘,男,1952/6/2 0:00,,共,,,新,
48,2017,id04_14_11,神奈川県１１区,-,3,18583,9.4,真白リョウ,女,1976/10/14 0:00,,希,由,,新,
48,2017,id04_14_11,神奈川県１１区,-,3,3133,1.6,圷孝行,男,1950/4/8 0:00,,諸,,,新,
48,2017,id04_14_12,神奈川県１２区,当,1,86550,43.2,阿部知子,女,1948/4/24 0:00,7,立,民,,前,
48,2017,id04_14_12,神奈川県１２区,比当,2,83924,41.9,星野剛士,男,1963/8/8 0:00,,自,,,前,公
48,2017,id04_14_12,神奈川県１２区,-,3,29852,14.9,原輝雄,男,1974/2/14 0:00,,希,,,新,
48,2017,id04_14_13,神奈川県１３区,当,1,127214,56.1,甘利明,男,1949/8/27 0:00,12,自,麻,志公会,前,公
48,2017,id04_14_13,神奈川県１３区,-,3,62779,27.7,太栄志,男,1977/4/27 0:00,,希,,,新,
48,2017,id04_14_13,神奈川県１３区,-,3,36627,16.2,岡崎裕,男,1978/1/10 0:00,,共,,,新,
48,2017,id04_14_14,神奈川県１４区,当,1,105953,46.5,赤間二郎,男,1968/3/27 0:00,4,自,麻,志公会,前,公
48,2017,id04_14_14,神奈川県１４区,比当,2,94348,41.4,本村賢太郎,男,1970/4/17 0:00,,希,民,,前,
48,2017,id04_14_14,神奈川県１４区,-,3,27640,12.1,中野渡旬,男,1948/5/20 0:00,,共,,,新,
48,2017,id04_14_15,神奈川県１５区,当,1,159647,67.6,河野太郎,男,1963/1/10 0:00,8,自,麻,志公会,前,公
48,2017,id04_14_15,神奈川県１５区,-,3,38242,16.2,佐々木克己,男,1955/3/26 0:00,,社,,,新,
48,2017,id04_14_15,神奈川県１５区,-,3,38162,16.2,乃木涼介,男,1964/8/23 0:00,,希,民,,新,
48,2017,id04_14_16,神奈川県１６区,当,1,110508,46.9,義家弘介,男,1971/3/31 0:00,3,自,細,清和会,前,公
48,2017,id04_14_16,神奈川県１６区,比当,2,96128,40.8,後藤祐一,男,1969/3/25 0:00,,希,民,,前,
48,2017,id04_14_16,神奈川県１６区,-,3,28927,12.3,池田博英,男,1962/11/18 0:00,,共,,,新,
48,2017,id04_14_17,神奈川県１７区,当,1,117003,51.3,牧島かれん,女,1976/11/1 0:00,3,自,麻,志公会,前,公
48,2017,id04_14_17,神奈川県１７区,-,3,83407,36.5,神山洋介,男,1975/5/24 0:00,,希,民,,前,
48,2017,id04_14_17,神奈川県１７区,-,3,27798,12.2,横田英司,男,1957/12/14 0:00,,共,,,新,
48,2017,id04_14_18,神奈川県１８区,当,1,111285,51.1,山際大志郎,男,1968/9/12 0:00,5,自,麻,志公会,前,公
48,2017,id04_14_18,神奈川県１８区,-,3,66057,30.4,三村和也,男,1975/9/9 0:00,,希,民,,元,
48,2017,id04_14_18,神奈川県１８区,-,3,40252,18.5,若林靖久,男,1985/5/16 0:00,,共,,,新,
48,2017,id04_19_01,山梨県１区,当,1,107007,44.3,中島克仁,男,1967/9/27 0:00,3,無,民,,前,
48,2017,id04_19_01,山梨県１区,比当,2,105876,43.9,中谷真一,男,1976/9/30 0:00,,自,額,平成研,前,公
48,2017,id04_19_01,山梨県１区,-,3,21320,8.8,宮内現,男,1982/1/30 0:00,,共,,,新,
48,2017,id04_19_01,山梨県１区,-,3,7119,3,西脇愛,女,1985/4/5 0:00,,諸,,,新,
48,2017,id04_19_02,山梨県２区,当,1,70532,40.1,堀内詔子,女,1965/10/28 0:00,3,無,,,前,自・公
48,2017,id04_19_02,山梨県２区,-,3,67434,38.4,長崎幸太郎,男,1968/8/18 0:00,,無,,,前,
48,2017,id04_19_02,山梨県２区,-,3,22684,12.9,小林弘幸,男,1972/5/27 0:00,,立,民,,新,
48,2017,id04_19_02,山梨県２区,-,3,9719,5.5,井桁亮,男,1969/9/1 0:00,,希,,,新,
48,2017,id04_19_02,山梨県２区,-,3,5414,3.1,大久保令子,女,1950/3/13 0:00,,共,,,新,
48,2017,id05_13_01,東京都１区,当,1,96255,40.7,海江田万里,男,1949/2/26 0:00,7,立,民,,元,
48,2017,id05_13_01,東京都１区,比当,2,93234,39.4,山田美樹,女,1974/3/15 0:00,,自,細,清和会,前,公
48,2017,id05_13_01,東京都１区,-,3,40376,17.1,松沢香,女,1978/9/29 0:00,,希,,,新,
48,2017,id05_13_01,東京都１区,-,3,3806,1.6,原口実季,女,1989/1/6 0:00,,諸,,,新,
48,2017,id05_13_01,東京都１区,-,3,1570,0.7,犬丸光加,女,1959/12/2 0:00,,諸,,,新,
48,2017,id05_13_01,東京都１区,-,3,1307,0.6,又吉光雄,男,1944/2/5 0:00,,諸,,,新,
48,2017,id05_13_02,東京都２区,当,1,112993,45.9,辻清人,男,1979/9/7 0:00,3,自,岸,宏池会,前,公
48,2017,id05_13_02,東京都２区,-,3,91230,37.1,松尾明弘,男,1975/1/25 0:00,,立,民,,新,
48,2017,id05_13_02,東京都２区,-,3,41955,17,鳩山太郎,男,1974/6/13 0:00,,希,,,新,
48,2017,id05_13_03,東京都３区,当,1,107708,43.6,石原宏高,男,1964/6/19 0:00,4,自,石原,近未来,前,公
48,2017,id05_13_03,東京都３区,比当,2,94380,38.2,松原仁,男,1956/7/31 0:00,,希,民,,前,
48,2017,id05_13_03,東京都３区,-,3,45088,18.2,香西克介,男,1976/3/25 0:00,,共,,,新,
48,2017,id05_13_04,東京都４区,当,1,115239,50.1,平将明,男,1967/2/21 0:00,5,自,石破,水月会,前,公
48,2017,id05_13_04,東京都４区,-,3,53480,23.2,井戸正枝,女,1965/12/13 0:00,,立,民,,元,
48,2017,id05_13_04,東京都４区,-,3,35352,15.4,難波美智代,女,1973/11/1 0:00,,希,,,新,
48,2017,id05_13_04,東京都４区,-,3,26037,11.3,青山昂平,男,1991/6/18 0:00,,共,,,新,
48,2017,id05_13_05,東京都５区,当,1,101314,41.1,若宮健嗣,男,1961/9/2 0:00,4,自,額,平成研,前,公
48,2017,id05_13_05,東京都５区,比当,2,99182,40.3,手塚仁雄,男,1966/9/14 0:00,,立,民,,元,
48,2017,id05_13_05,東京都５区,-,3,45737,18.6,福田峰之,男,1964/4/8 0:00,,希,自,,前,
48,2017,id05_13_06,東京都６区,当,1,100400,40.8,落合貴之,男,1979/8/17 0:00,2,立,民,,前,
48,2017,id05_13_06,東京都６区,比当,2,98422,40,越智隆雄,男,1964/2/27 0:00,,自,細,清和会,前,公
48,2017,id05_13_06,東京都６区,-,3,42862,17.4,植松恵美子,女,1967/11/13 0:00,,希,,,新,
48,2017,id05_13_06,東京都６区,-,3,4307,1.8,中岡茉妃,女,1991/9/7 0:00,,諸,,,新,
48,2017,id05_13_07,東京都７区,当,1,117118,50.5,長妻昭,男,1960/6/14 0:00,7,立,民,,前,
48,2017,id05_13_07,東京都７区,比当,2,85305,36.8,松本文明,男,1949/3/25 0:00,,自,細,清和会,前,公
48,2017,id05_13_07,東京都７区,-,3,25531,11,荒木章博,男,1953/10/4 0:00,,希,,,新,
48,2017,id05_13_07,東京都７区,-,3,3850,1.7,井上郁磨,男,1991/3/15 0:00,,無,,,新,
48,2017,id05_13_08,東京都８区,当,1,99863,39.2,石原伸晃,男,1957/4/19 0:00,10,自,石原,近未来,前,公
48,2017,id05_13_08,東京都８区,-,3,76283,30,吉田晴美,女,1972/1/1 0:00,,立,民,,新,
48,2017,id05_13_08,東京都８区,-,3,41175,16.2,木内孝胤,男,1966/8/30 0:00,,希,民,,前,
48,2017,id05_13_08,東京都８区,-,3,22399,8.8,長内史子,女,1987/11/13 0:00,,共,,,新,
48,2017,id05_13_08,東京都８区,-,3,11997,4.7,円より子,女,1947/2/10 0:00,,無,民主,,新,
48,2017,id05_13_08,東京都８区,-,3,2931,1.2,斎藤郁真,男,1988/7/28 0:00,,諸,,,新,
48,2017,id05_13_09,東京都９区,当,1,122279,49.2,菅原一秀,男,1962/1/7 0:00,6,自,,,前,公
48,2017,id05_13_09,東京都９区,-,3,64731,26,高松智之,男,1974/7/26 0:00,,希,,,新,
48,2017,id05_13_09,東京都９区,-,3,57439,23.1,原純子,女,1964/8/10 0:00,,共,,,新,
48,2017,id05_13_09,東京都９区,-,3,4243,1.7,前田吉成,男,1955/9/30 0:00,,無,,,新,
48,2017,id05_13_10,東京都１０区,当,1,91146,37.4,鈴木隼人,男,1977/8/8 0:00,2,自,額,平成研,前,公
48,2017,id05_13_10,東京都１０区,-,3,70168,28.8,鈴木庸介,男,1975/11/21 0:00,,立,民,,新,
48,2017,id05_13_10,東京都１０区,-,3,57901,23.7,若狭勝,男,1956/12/6 0:00,,希,自,,前,
48,2017,id05_13_10,東京都１０区,-,3,20828,8.5,岸良信,男,1955/6/8 0:00,,共,,,新,
48,2017,id05_13_10,東京都１０区,-,3,2107,0.9,小山徹,男,1975/5/4 0:00,,無,,,新,
48,2017,id05_13_10,東京都１０区,-,3,1744,0.7,吉井利光,男,1982/7/30 0:00,,諸,,,新,
48,2017,id05_13_11,東京都１１区,当,1,104612,44.9,下村博文,男,1954/5/23 0:00,8,自,細,清和会,前,公
48,2017,id05_13_11,東京都１１区,-,3,60291,25.9,前田順一郎,男,1975/3/2 0:00,,立,民,,新,
48,2017,id05_13_11,東京都１１区,-,3,42668,18.3,宍戸千絵,女,1977/12/3 0:00,,希,,,新,
48,2017,id05_13_11,東京都１１区,-,3,25426,10.9,小堤東,男,1989/4/27 0:00,,共,,,新,
48,2017,id05_13_12,東京都１２区,当,1,112597,51.6,太田昭宏,男,1945/10/6 0:00,8,公,,,前,自
48,2017,id05_13_12,東京都１２区,-,3,83544,38.3,池内沙織,女,1982/9/15 0:00,,共,,,前,
48,2017,id05_13_12,東京都１２区,-,3,21892,10,中村勝,男,1951/2/18 0:00,,諸,,,新,
48,2017,id05_13_13,東京都１３区,当,1,120744,55.2,鴨下一郎,男,1949/1/16 0:00,9,自,石破,水月会,前,公
48,2017,id05_13_13,東京都１３区,-,3,67070,30.7,北條智彦,男,1982/11/24 0:00,,立,民,,新,
48,2017,id05_13_13,東京都１３区,-,3,30807,14.1,祖父江元希,男,1975/3/15 0:00,,共,,,新,
48,2017,id05_13_14,東京都１４区,当,1,104137,46.9,松島みどり,女,1956/7/15 0:00,6,自,細,清和会,前,公
48,2017,id05_13_14,東京都１４区,-,3,63235,28.5,矢作麻子,女,1978/9/28 0:00,,希,,,新,
48,2017,id05_13_14,東京都１４区,-,3,46600,21,阿藤和之,男,1971/1/5 0:00,,共,,,新,
48,2017,id05_13_14,東京都１４区,-,3,4282,1.9,清井美穂,女,1962/11/2 0:00,,諸,,,新,
48,2017,id05_13_14,東京都１４区,-,3,3607,1.6,大塚紀久雄,男,1940/11/2 0:00,,無,,,新,
48,2017,id05_13_15,東京都１５区,当,1,101155,45.5,秋元司,男,1971/10/23 0:00,3,自,二,志帥会,前,公
48,2017,id05_13_15,東京都１５区,比当,2,70325,31.7,柿沢未途,男,1971/1/21 0:00,,希,民,,前,
48,2017,id05_13_15,東京都１５区,-,3,34943,15.7,吉田年男,男,1948/2/15 0:00,,共,,,新,
48,2017,id05_13_15,東京都１５区,-,3,15667,7.1,猪野隆,男,1965/1/14 0:00,,無,,,新,
48,2017,id05_13_16,東京都１６区,当,1,84457,40.9,大西英男,男,1946/8/28 0:00,3,自,細,清和会,前,公
48,2017,id05_13_16,東京都１６区,比当,2,71405,34.6,初鹿明博,男,1969/4/15 0:00,,立,民,,前,
48,2017,id05_13_16,東京都１６区,-,3,50568,24.5,田村謙治,男,1968/3/19 0:00,,希,民主,,元,
48,2017,id05_13_17,東京都１７区,当,1,127632,57.9,平沢勝栄,男,1945/9/4 0:00,8,自,二,志帥会,前,
48,2017,id05_13_17,東京都１７区,-,3,49485,22.5,西田主税,男,1962/4/25 0:00,,希,,,新,
48,2017,id05_13_17,東京都１７区,-,3,43138,19.6,新井杉生,男,1959/2/10 0:00,,共,,,新,
48,2017,id05_13_18,東京都１８区,当,1,96713,40.7,菅直人,男,1946/10/10 0:00,13,立,民,,前,
48,2017,id05_13_18,東京都１８区,-,3,95667,40.3,土屋正忠,男,1942/1/13 0:00,,自,,,前,公
48,2017,id05_13_18,東京都１８区,-,3,45081,19,鴇田敦,男,1966/8/12 0:00,,希,,,新,
48,2017,id05_13_19,東京都１９区,当,1,96229,41.1,松本洋平,男,1973/8/31 0:00,4,自,二,志帥会,前,公
48,2017,id05_13_19,東京都１９区,比当,2,90540,38.7,末松義規,男,1956/12/5 0:00,,立,民,,元,
48,2017,id05_13_19,東京都１９区,-,3,29743,12.7,佐々木里加,女,1967/2/4 0:00,,希,,,新,
48,2017,id05_13_19,東京都１９区,-,3,17377,7.4,杉下茂雄,男,1948/10/26 0:00,,共,,,新,
48,2017,id05_13_20,東京都２０区,当,1,107686,49.9,木原誠二,男,1970/6/8 0:00,4,自,岸,宏池会,前,公
48,2017,id05_13_20,東京都２０区,比当,2,57741,26.7,宮本徹,男,1972/1/22 0:00,,共,,,前,
48,2017,id05_13_20,東京都２０区,-,3,50439,23.4,鹿野晃,男,1973/2/15 0:00,,希,,,新,
48,2017,id05_13_21,東京都２１区,当,1,92356,41,長島昭久,男,1962/2/17 0:00,6,希,民,,前,
48,2017,id05_13_21,東京都２１区,比当,2,88225,39.1,小田原潔,男,1964/5/23 0:00,,自,細,清和会,前,公
48,2017,id05_13_21,東京都２１区,-,3,38195,16.9,小糸健介,男,1981/11/17 0:00,,社,,,新,立
48,2017,id05_13_21,東京都２１区,-,3,6655,3,天木直人,男,1947/7/19 0:00,,諸,,,新,
48,2017,id05_13_22,東京都２２区,当,1,110493,43.4,伊藤達也,男,1961/7/6 0:00,8,自,石破,水月会,前,公
48,2017,id05_13_22,東京都２２区,比当,2,91073,35.8,山花郁夫,男,1967/1/18 0:00,,立,民,,元,
48,2017,id05_13_22,東京都２２区,-,3,30236,11.9,金ヶ崎絵美,女,1976/6/18 0:00,,希,,,新,
48,2017,id05_13_22,東京都２２区,-,3,22859,9,阿部真,男,1974/7/21 0:00,,共,,,新,
48,2017,id05_13_23,東京都２３区,当,1,110522,44.9,小倉将信,男,1981/5/30 0:00,3,自,二,志帥会,前,公
48,2017,id05_13_23,東京都２３区,比当,2,76450,31.1,伊藤俊輔,男,1979/8/5 0:00,,希,,,新,
48,2017,id05_13_23,東京都２３区,-,3,58929,24,松村亮佑,男,1980/6/25 0:00,,共,,,新,
48,2017,id05_13_24,東京都２４区,当,1,122331,49.3,萩生田光一,男,1963/8/31 0:00,5,自,細,清和会,前,公
48,2017,id05_13_24,東京都２４区,-,3,61441,24.8,高橋斉久,男,1973/5/15 0:00,,立,民,,新,
48,2017,id05_13_24,東京都２４区,-,3,39892,16.1,吉羽美華,女,1980/7/26 0:00,,希,,,新,
48,2017,id05_13_24,東京都２４区,-,3,24349,9.8,飯田美弥子,女,1960/4/6 0:00,,共,,,新,
48,2017,id05_13_25,東京都２５区,当,1,112014,51.8,井上信治,男,1969/10/7 0:00,6,自,麻,志公会,前,公
48,2017,id05_13_25,東京都２５区,-,3,44884,20.8,山下容子,女,1958/11/17 0:00,,立,民,,新,
48,2017,id05_13_25,東京都２５区,-,3,38286,17.7,小沢鋭仁,男,1954/5/31 0:00,,希,維,,前,
48,2017,id05_13_25,東京都２５区,-,3,21031,9.7,井上宣,男,1973/12/22 0:00,,共,,,新,
48,2017,id06_15_01,新潟県１区,当,1,128045,53.1,西村智奈美,女,1967/1/13 0:00,5,立,民,,前,社
48,2017,id06_15_01,新潟県１区,比当,2,113045,46.9,石崎徹,男,1984/1/25 0:00,,自,石破,水月会,前,公
48,2017,id06_15_02,新潟県２区,当,1,97808,51.6,鷲尾英一郎,男,1977/1/3 0:00,5,無,民,,前,
48,2017,id06_15_02,新潟県２区,比当,2,81705,43.1,細田健一,男,1964/7/11 0:00,,自,細,清和会,前,公
48,2017,id06_15_02,新潟県２区,-,3,10055,5.3,五十嵐健彦,男,1979/11/25 0:00,,共,,,新,
48,2017,id06_15_03,新潟県３区,当,1,95644,49.1,黒岩宇洋,男,1966/10/13 0:00,3,無,民,,前,社
48,2017,id06_15_03,新潟県３区,比当,2,95594,49.1,斎藤洋明,男,1976/12/8 0:00,,自,麻,志公会,前,公
48,2017,id06_15_03,新潟県３区,-,3,3375,1.7,三村誉一,男,1946/9/18 0:00,,無,,,新,
48,2017,id06_15_04,新潟県４区,当,1,112600,56.3,菊田真紀子,女,1969/10/24 0:00,6,無,民,,前,社
48,2017,id06_15_04,新潟県４区,-,3,87524,43.7,金子恵美,女,1978/2/27 0:00,,自,二,志帥会,前,公
48,2017,id06_15_05,新潟県５区,当,1,91855,51.8,泉田裕彦,男,1962/9/15 0:00,1,自,,,新,公
48,2017,id06_15_05,新潟県５区,-,3,79655,44.9,大平悦子,女,1956/10/9 0:00,,無,,,新,社・由
48,2017,id06_15_05,新潟県５区,-,3,5735,3.2,笠原麗香,女,1992/8/10 0:00,,諸,,,新,
48,2017,id06_15_06,新潟県６区,当,1,94292,50.6,高鳥修一,男,1960/9/29 0:00,4,自,細,清和会,前,公
48,2017,id06_15_06,新潟県６区,-,3,92080,49.4,梅谷守,男,1973/12/9 0:00,,無,民,,新,社
48,2017,id06_16_01,富山県１区,当,1,74876,59.2,田畑裕明,男,1973/1/2 0:00,3,自,細,清和会,前,公
48,2017,id06_16_01,富山県１区,-,3,38219,30.2,吉田豊史,男,1970/4/10 0:00,,維,維党,,前,希
48,2017,id06_16_01,富山県１区,-,3,13471,10.6,青山了介,男,1975/3/26 0:00,,共,,,新,
48,2017,id06_16_02,富山県２区,当,1,94086,74.4,宮腰光寛,男,1950/12/21 0:00,8,自,岸,宏池会,前,公
48,2017,id06_16_02,富山県２区,-,3,32348,25.6,山崎彰,男,1950/1/5 0:00,,社,,,新,立
48,2017,id06_16_03,富山県３区,当,1,140803,63.9,橘慶一郎,男,1961/1/23 0:00,4,自,,,前,公
48,2017,id06_16_03,富山県３区,-,3,62066,28.2,柴田巧,男,1960/12/11 0:00,,希,,,新,
48,2017,id06_16_03,富山県３区,-,3,17576,8,坂本洋史,男,1970/7/24 0:00,,共,,,新,
48,2017,id06_17_01,石川県１区,当,1,112168,59.1,馳浩,男,1961/5/5 0:00,7,自,細,清和会,前,公
48,2017,id06_17_01,石川県１区,-,3,61541,32.4,田中美絵子,女,1975/12/16 0:00,,希,民,,元,
48,2017,id06_17_01,石川県１区,-,3,16152,8.5,黒崎清則,男,1948/2/5 0:00,,共,,,新,
48,2017,id06_17_02,石川県２区,当,1,118421,62.3,佐々木紀,男,1974/10/18 0:00,3,自,細,清和会,前,公
48,2017,id06_17_02,石川県２区,-,3,58164,30.6,柴田未来,女,1970/12/3 0:00,,希,民,,新,
48,2017,id06_17_02,石川県２区,-,3,9920,5.2,本田正和,男,1948/12/23 0:00,,共,,,新,
48,2017,id06_17_02,石川県２区,-,3,3472,1.8,宮元智,男,1960/2/23 0:00,,諸,,,新,
48,2017,id06_17_03,石川県３区,当,1,80416,49.1,西田昭二,男,1969/5/1 0:00,1,自,,,新,公
48,2017,id06_17_03,石川県３区,比当,2,78306,47.8,近藤和也,男,1973/12/12 0:00,,希,民,,元,
48,2017,id06_17_03,石川県３区,-,3,5212,3.2,鈴木宏太,男,1981/2/27 0:00,,共,,,新,
48,2017,id06_18_01,福井県１区,当,1,116969,57.3,稲田朋美,女,1959/2/20 0:00,5,自,細,清和会,前,公
48,2017,id06_18_01,福井県１区,-,3,64086,31.4,鈴木宏治,男,1973/11/25 0:00,,希,,,新,
48,2017,id06_18_01,福井県１区,-,3,22931,11.2,金元幸枝,女,1958/3/20 0:00,,共,,,新,
48,2017,id06_18_02,福井県２区,当,1,80895,54.2,高木毅,男,1956/1/16 0:00,7,自,細,清和会,前,公
48,2017,id06_18_02,福井県２区,比当,2,55537,37.2,斉木武志,男,1974/5/13 0:00,,希,民,,元,
48,2017,id06_18_02,福井県２区,-,3,12873,8.6,猿橋巧,男,1954/4/22 0:00,,共,,,新,
48,2017,id06_20_01,長野県１区,当,1,131883,54.1,篠原孝,男,1948/7/17 0:00,6,無,民,,前,社
48,2017,id06_20_01,長野県１区,-,3,85460,35,小松裕,男,1961/12/3 0:00,,自,額,平成研,前,公
48,2017,id06_20_01,長野県１区,-,3,22817,9.4,橋本将之,男,1980/6/6 0:00,,維,,,新,
48,2017,id06_20_01,長野県１区,-,3,3784,1.6,駒村幸成,男,1956/2/11 0:00,,諸,,,新,
48,2017,id06_20_02,長野県２区,当,1,78343,35.5,下条みつ,男,1955/12/29 0:00,4,希,民,,元,
48,2017,id06_20_02,長野県２区,比当,2,67210,30.4,務台俊介,男,1956/7/3 0:00,,自,麻,志公会,前,公
48,2017,id06_20_02,長野県２区,-,3,41274,18.7,中川博司,男,1958/4/30 0:00,,社,,,新,
48,2017,id06_20_02,長野県２区,-,3,34073,15.4,手塚大輔,男,1982/12/22 0:00,,維,,,新,
48,2017,id06_20_03,長野県３区,当,1,127542,53.1,井出庸生,男,1977/11/21 0:00,3,希,民,,前,
48,2017,id06_20_03,長野県３区,-,3,74722,31.1,木内均,男,1964/8/3 0:00,,自,二,志帥会,前,公
48,2017,id06_20_03,長野県３区,-,3,34462,14.3,小金沢由佳,女,1983/10/9 0:00,,共,,,新,
48,2017,id06_20_03,長野県３区,-,3,3687,1.5,及川幸久,男,1960/6/18 0:00,,諸,,,新,
48,2017,id06_20_04,長野県４区,当,1,68673,45.6,後藤茂之,男,1955/12/9 0:00,6,自,,,前,公
48,2017,id06_20_04,長野県４区,-,3,40898,27.2,毛利栄子,女,1951/5/28 0:00,,共,,,新,
48,2017,id06_20_04,長野県４区,-,3,40863,27.2,寺島義幸,男,1953/8/28 0:00,,希,民,,元,
48,2017,id06_20_05,長野県５区,当,1,91542,49.9,宮下一郎,男,1958/8/1 0:00,5,自,細,清和会,前,公
48,2017,id06_20_05,長野県５区,-,3,48588,26.5,曽我逸郎,男,1955/11/12 0:00,,無,,,新,社
48,2017,id06_20_05,長野県５区,-,3,43425,23.7,中嶋康介,男,1977/1/17 0:00,,希,民,,新,
48,2017,id07_21_01,岐阜県１区,当,1,103453,64.5,野田聖子,女,1960/9/3 0:00,9,自,,,前,公
48,2017,id07_21_01,岐阜県１区,-,3,43688,27.2,吉田里江,女,1965/12/11 0:00,,無,民,,新,
48,2017,id07_21_01,岐阜県１区,-,3,8113,5.1,服部泰輔,男,1981/2/21 0:00,,無,,,新,
48,2017,id07_21_01,岐阜県１区,-,3,5124,3.2,野原典子,女,1956/10/30 0:00,,諸,,,新,
48,2017,id07_21_02,岐阜県２区,当,1,117278,75.4,棚橋泰文,男,1963/2/11 0:00,8,自,麻,志公会,前,公
48,2017,id07_21_02,岐阜県２区,-,3,38270,24.6,森桜房義,男,1956/11/24 0:00,,共,,,新,
48,2017,id07_21_03,岐阜県３区,当,1,127308,56.9,武藤容治,男,1955/10/18 0:00,4,自,麻,志公会,前,公
48,2017,id07_21_03,岐阜県３区,-,3,68404,30.6,阪口直人,男,1963/6/12 0:00,,希,民,,元,
48,2017,id07_21_03,岐阜県３区,-,3,28093,12.6,井上諭,男,1967/10/12 0:00,,共,,,新,
48,2017,id07_21_04,岐阜県４区,当,1,107473,49.2,金子俊平,男,1978/5/28 0:00,1,自,,,新,公
48,2017,id07_21_04,岐阜県４区,比当,2,92370,42.3,今井雅人,男,1962/2/21 0:00,,希,民,,前,
48,2017,id07_21_04,岐阜県４区,-,3,18634,8.5,籠山恵美子,女,1954/10/18 0:00,,共,,,新,
48,2017,id07_21_05,岐阜県５区,当,1,92113,54.1,古屋圭司,男,1952/11/1 0:00,10,自,,,前,公
48,2017,id07_21_05,岐阜県５区,-,3,57982,34,阿知波吉信,男,1963/6/21 0:00,,希,民,,元,
48,2017,id07_21_05,岐阜県５区,-,3,20318,11.9,小関祥子,女,1953/2/11 0:00,,共,,,新,
48,2017,id07_22_01,静岡県１区,当,1,96500,46.9,上川陽子,女,1953/3/1 0:00,6,自,岸,宏池会,前,公
48,2017,id07_22_01,静岡県１区,-,3,56086,27.2,小池政就,男,1974/6/23 0:00,,希,維,,元,
48,2017,id07_22_01,静岡県１区,比当,2,38531,18.7,青山雅幸,男,1962/3/2 0:00,,立,,,新,社
48,2017,id07_22_01,静岡県１区,-,3,14732,7.2,鈴木千佳,女,1971/2/5 0:00,,共,,,新,
48,2017,id07_22_02,静岡県２区,当,1,130857,57.2,井林辰憲,男,1976/7/18 0:00,3,自,麻,志公会,前,公
48,2017,id07_22_02,静岡県２区,-,3,75771,33.1,松尾勉,男,1984/2/16 0:00,,希,,,新,
48,2017,id07_22_02,静岡県２区,-,3,22173,9.7,四ツ谷恵,女,1952/10/11 0:00,,共,,,新,
48,2017,id07_22_03,静岡県３区,当,1,97923,44.5,宮沢博行,男,1975/1/10 0:00,3,自,細,清和会,前,公
48,2017,id07_22_03,静岡県３区,-,3,81568,37.1,小山展弘,男,1975/12/26 0:00,,無,民,,前,
48,2017,id07_22_03,静岡県３区,-,3,40495,18.4,鈴木望,男,1949/4/20 0:00,,希,お維,,元,
48,2017,id07_22_04,静岡県４区,当,1,96243,55.9,望月義夫,男,1947/5/2 0:00,8,自,岸,宏池会,前,公
48,2017,id07_22_04,静岡県４区,-,3,57581,33.4,田中健,男,1977/7/18 0:00,,希,,,新,
48,2017,id07_22_04,静岡県４区,-,3,18437,10.7,松原聡,男,1961/10/31 0:00,,共,,,新,
48,2017,id07_22_05,静岡県５区,当,1,137523,54.8,細野豪志,男,1971/8/21 0:00,7,希,民,,前,
48,2017,id07_22_05,静岡県５区,-,3,92467,36.9,吉川赳,男,1982/4/7 0:00,,自,,,元,公
48,2017,id07_22_05,静岡県５区,-,3,20750,8.3,井口昌彦,男,1954/7/23 0:00,,共,,,新,
48,2017,id07_22_06,静岡県６区,当,1,108788,46,渡辺周,男,1961/12/11 0:00,8,希,民,,前,
48,2017,id07_22_06,静岡県６区,比当,2,108157,45.8,勝俣孝明,男,1976/4/7 0:00,,自,二,志帥会,前,公
48,2017,id07_22_06,静岡県６区,-,3,19455,8.2,内田豊,男,1954/4/4 0:00,,共,,,新,
48,2017,id07_22_07,静岡県７区,当,1,129463,65.8,城内実,男,1965/4/19 0:00,5,自,,,前,公
48,2017,id07_22_07,静岡県７区,-,3,29905,15.2,福村隆,男,1963/9/11 0:00,,希,民,,新,
48,2017,id07_22_07,静岡県７区,比当,2,26383,13.4,日吉雄太,男,1968/8/7 0:00,,立,,,新,
48,2017,id07_22_07,静岡県７区,-,3,10980,5.6,野沢正司,男,1949/5/24 0:00,,共,,,新,
48,2017,id07_22_08,静岡県８区,当,1,101858,50.9,塩谷立,男,1950/2/18 0:00,9,自,細,清和会,前,公
48,2017,id07_22_08,静岡県８区,比当,2,78524,39.3,源馬謙太郎,男,1972/12/21 0:00,,希,民,,新,
48,2017,id07_22_08,静岡県８区,-,3,19645,9.8,嶋田初江,女,1948/5/5 0:00,,共,,,新,
48,2017,id07_23_01,愛知県１区,当,1,74298,41.1,熊田裕通,男,1964/8/28 0:00,3,自,,,前,公
48,2017,id07_23_01,愛知県１区,比当,2,57780,32,吉田統彦,男,1974/11/14 0:00,,立,民,,元,
48,2017,id07_23_01,愛知県１区,-,3,48633,26.9,佐藤夕子,女,1963/1/6 0:00,,希,,,元,
48,2017,id07_23_02,愛知県２区,当,1,99520,50.1,古川元久,男,1965/12/6 0:00,8,希,民,,前,
48,2017,id07_23_02,愛知県２区,比当,2,71600,36.1,田畑毅,男,1972/5/2 0:00,,自,二,志帥会,前,公
48,2017,id07_23_02,愛知県２区,-,3,27423,13.8,酒井健太朗,男,1985/12/9 0:00,,共,,,新,
48,2017,id07_23_03,愛知県３区,当,1,98595,46.9,近藤昭一,男,1958/5/26 0:00,8,立,民,,前,
48,2017,id07_23_03,愛知県３区,比当,2,76220,36.2,池田佳隆,男,1966/6/20 0:00,,自,細,清和会,前,公
48,2017,id07_23_03,愛知県３区,-,3,35611,16.9,余語冴耶香,女,1977/10/28 0:00,,希,,,新,
48,2017,id07_23_04,愛知県４区,当,1,76446,45.1,工藤彰三,男,1964/12/8 0:00,3,自,麻,志公会,前,公
48,2017,id07_23_04,愛知県４区,比当,2,63207,37.3,牧義夫,男,1958/1/14 0:00,,希,民,,前,
48,2017,id07_23_04,愛知県４区,-,3,29885,17.6,西田敏子,女,1954/7/20 0:00,,共,,,新,
48,2017,id07_23_05,愛知県５区,当,1,91081,46.5,赤松広隆,男,1948/5/3 0:00,10,立,民,,前,
48,2017,id07_23_05,愛知県５区,比当,2,72651,37.1,神田憲次,男,1963/2/19 0:00,,自,細,清和会,前,公
48,2017,id07_23_05,愛知県５区,-,3,32179,16.4,野々部尚昭,男,1970/7/28 0:00,,希,,,新,
48,2017,id07_23_06,愛知県６区,当,1,114894,50.8,丹羽秀樹,男,1972/12/20 0:00,5,自,麻,志公会,前,公
48,2017,id07_23_06,愛知県６区,-,3,75069,33.2,森本和義,男,1966/6/16 0:00,,希,民,,元,
48,2017,id07_23_06,愛知県６区,-,3,23499,10.4,田上光徳,男,1951/10/23 0:00,,共,,,新,
48,2017,id07_23_06,愛知県６区,-,3,12764,5.6,平山良平,男,1948/1/15 0:00,,社,,,新,
48,2017,id07_23_07,愛知県７区,当,1,128163,50.2,山尾志桜里,女,1974/7/24 0:00,3,無,民,,前,
48,2017,id07_23_07,愛知県７区,比当,2,127329,49.8,鈴木淳司,男,1958/4/7 0:00,,自,細,清和会,前,公
48,2017,id07_23_08,愛知県８区,当,1,108477,46.2,伊藤忠彦,男,1964/7/11 0:00,4,自,二,志帥会,前,公
48,2017,id07_23_08,愛知県８区,-,3,106625,45.4,伴野豊,男,1961/1/1 0:00,,無,民,,前,
48,2017,id07_23_08,愛知県８区,-,3,19931,8.5,長友忠弘,男,1959/1/16 0:00,,共,,,新,
48,2017,id07_23_09,愛知県９区,当,1,104419,47.5,長坂康正,男,1957/4/10 0:00,3,自,麻,志公会,前,公
48,2017,id07_23_09,愛知県９区,比当,2,89908,40.9,岡本充功,男,1971/6/18 0:00,,希,民,,前,
48,2017,id07_23_09,愛知県９区,-,3,25489,11.6,渡辺裕,男,1980/8/11 0:00,,共,,,新,
48,2017,id07_23_10,愛知県１０区,当,1,88171,39,江崎鉄磨,男,1943/9/17 0:00,7,自,二,志帥会,前,公
48,2017,id07_23_10,愛知県１０区,-,3,66560,29.4,安井美沙子,女,1965/9/11 0:00,,希,民,,新,
48,2017,id07_23_10,愛知県１０区,比当,2,44258,19.6,杉本和巳,男,1960/9/17 0:00,,維,,,元,
48,2017,id07_23_10,愛知県１０区,-,3,27044,12,板倉正文,男,1958/4/10 0:00,,共,,,新,
48,2017,id07_23_11,愛知県１１区,当,1,134698,53.8,古本伸一郎,男,1965/3/11 0:00,6,希,民,,前,
48,2017,id07_23_11,愛知県１１区,比当,2,96978,38.7,八木哲也,男,1947/8/10 0:00,,自,石破,水月会,前,公
48,2017,id07_23_11,愛知県１１区,-,3,18685,7.5,本多信弘,男,1975/11/13 0:00,,共,,,新,
48,2017,id07_23_12,愛知県１２区,当,1,149587,55.7,重徳和彦,男,1970/12/21 0:00,3,無,民,,前,
48,2017,id07_23_12,愛知県１２区,-,3,104811,39,青山周平,男,1977/4/28 0:00,,自,細,清和会,前,公
48,2017,id07_23_12,愛知県１２区,-,3,14378,5.3,宮地勲,男,1954/5/19 0:00,,共,,,新,
48,2017,id07_23_13,愛知県１３区,当,1,116471,47.4,大西健介,男,1971/4/13 0:00,4,希,民,,前,
48,2017,id07_23_13,愛知県１３区,比当,2,109581,44.6,大見正,男,1958/6/20 0:00,,自,麻,志公会,前,
48,2017,id07_23_13,愛知県１３区,-,3,19589,8,下島良一,男,1945/12/20 0:00,,共,,,新,
48,2017,id07_23_14,愛知県１４区,当,1,96303,55.3,今枝宗一郎,男,1984/2/18 0:00,3,自,麻,志公会,前,公
48,2017,id07_23_14,愛知県１４区,-,3,60955,35,田中克典,男,1974/8/31 0:00,,希,民,,新,
48,2017,id07_23_14,愛知県１４区,-,3,16969,9.7,金原信之,男,1960/7/15 0:00,,共,,,新,
48,2017,id07_23_15,愛知県１５区,当,1,95568,49.9,根本幸典,男,1965/2/21 0:00,3,自,細,清和会,前,公
48,2017,id07_23_15,愛知県１５区,比当,2,77224,40.4,関健一郎,男,1978/8/8 0:00,,希,民,,新,
48,2017,id07_23_15,愛知県１５区,-,3,18574,9.7,野沢康幸,男,1987/12/23 0:00,,共,,,新,
48,2017,id07_24_01,三重県１区,当,1,109584,53.8,田村憲久,男,1964/12/15 0:00,8,自,石破,水月会,前,公
48,2017,id07_24_01,三重県１区,-,3,94045,46.2,松田直久,男,1954/5/8 0:00,,無,民,,前,
48,2017,id07_24_02,三重県２区,当,1,122518,53.9,中川正春,男,1950/6/10 0:00,8,無,民,,前,
48,2017,id07_24_02,三重県２区,比当,2,104780,46.1,川崎二郎,男,1947/11/15 0:00,,自,,,前,公
48,2017,id07_24_03,三重県３区,当,1,147255,64.3,岡田克也,男,1953/7/14 0:00,10,無,民,,前,
48,2017,id07_24_03,三重県３区,-,3,63406,27.7,島田佳和,男,1970/5/8 0:00,,自,,,前,公
48,2017,id07_24_03,三重県３区,-,3,11864,5.2,野村真弘,男,1955/12/29 0:00,,共,,,新,
48,2017,id07_24_03,三重県３区,-,3,6353,2.8,坂本麻貴,女,1984/4/30 0:00,,諸,,,新,
48,2017,id07_24_04,三重県４区,当,1,99596,54,三ツ矢憲生,男,1950/12/13 0:00,6,自,岸,宏池会,前,公
48,2017,id07_24_04,三重県４区,-,3,68978,37.4,藤田大助,男,1976/9/26 0:00,,希,民,,元,
48,2017,id07_24_04,三重県４区,-,3,15724,8.5,谷中三好,男,1960/5/1 0:00,,共,,,新,
48,2017,id08_25_01,滋賀県１区,当,1,84994,47.7,大岡敏孝,男,1972/4/16 0:00,3,自,二,志帥会,前,公
48,2017,id08_25_01,滋賀県１区,-,3,79724,44.7,嘉田由紀子,女,1950/5/18 0:00,,無,,,新,
48,2017,id08_25_01,滋賀県１区,-,3,13483,7.6,小坂淑子,女,1940/9/13 0:00,,社,,,新,
48,2017,id08_25_02,滋賀県２区,当,1,73694,50.5,上野賢一郎,男,1965/8/3 0:00,4,自,石原,近未来,前,公
48,2017,id08_25_02,滋賀県２区,-,3,58718,40.2,田島一成,男,1962/6/15 0:00,,希,民,,前,
48,2017,id08_25_02,滋賀県２区,-,3,11073,7.6,対月慈照,男,1953/10/11 0:00,,無,,,新,
48,2017,id08_25_02,滋賀県２区,-,3,2576,1.8,荒川雅司,男,1975/5/20 0:00,,諸,,,新,
48,2017,id08_25_03,滋賀県３区,当,1,78724,55.3,武村展英,男,1972/1/21 0:00,3,自,,,前,公
48,2017,id08_25_03,滋賀県３区,-,3,48018,33.8,小川泰江,女,1963/2/23 0:00,,希,民,,新,
48,2017,id08_25_03,滋賀県３区,-,3,15502,10.9,石堂淳士,男,1974/1/30 0:00,,共,,,新,
48,2017,id08_25_04,滋賀県４区,当,1,80114,47.8,小寺裕雄,男,1960/9/18 0:00,1,自,,,新,公
48,2017,id08_25_04,滋賀県４区,-,3,64617,38.5,徳永久志,男,1963/6/27 0:00,,希,民,,新,
48,2017,id08_25_04,滋賀県４区,-,3,22896,13.7,西沢耕一,男,1978/1/1 0:00,,共,,,新,
48,2017,id08_26_01,京都府１区,当,1,88106,47.3,伊吹文明,男,1938/1/9 0:00,12,自,二,志帥会,前,公
48,2017,id08_26_01,京都府１区,比当,2,61938,33.3,穀田恵二,男,1947/1/11 0:00,,共,,,前,
48,2017,id08_26_01,京都府１区,-,3,36134,19.4,嶋村聖子,女,1977/3/18 0:00,,希,,,新,
48,2017,id08_26_02,京都府２区,当,1,65480,48.7,前原誠司,男,1962/4/30 0:00,9,無,民,,前,
48,2017,id08_26_02,京都府２区,比当,2,40336,30,繁本護,男,1972/12/26 0:00,,自,,,新,公
48,2017,id08_26_02,京都府２区,-,3,28600,21.3,地坂拓晃,男,1973/1/26 0:00,,共,,,新,
48,2017,id08_26_03,京都府３区,当,1,63013,38.3,泉健太,男,1974/7/29 0:00,7,希,民,,前,
48,2017,id08_26_03,京都府３区,比当,2,56534,34.4,木村弥生,女,1965/8/11 0:00,,自,,,前,公
48,2017,id08_26_03,京都府３区,-,3,26420,16.1,金森亨,男,1956/8/27 0:00,,共,,,新,
48,2017,id08_26_03,京都府３区,比当,2,16511,10,森夏枝,女,1981/7/2 0:00,,維,,,新,
48,2017,id08_26_03,京都府３区,-,3,2059,1.3,小田切新一郎,男,1946/6/12 0:00,,無,,,新,
48,2017,id08_26_04,京都府４区,当,1,83286,42.5,田中英之,男,1970/7/11 0:00,3,自,,,前,公
48,2017,id08_26_04,京都府４区,-,3,71068,36.2,北神圭朗,男,1967/2/1 0:00,,希,民,,前,
48,2017,id08_26_04,京都府４区,-,3,38219,19.5,吉田幸一,男,1974/4/1 0:00,,共,,,新,
48,2017,id08_26_04,京都府４区,-,3,3606,1.8,縁田有紀,女,1990/3/1 0:00,,諸,,,新,
48,2017,id08_26_05,京都府５区,当,1,60277,43.3,本田太郎,男,1973/12/1 0:00,1,自,,,新,公
48,2017,id08_26_05,京都府５区,-,3,30665,22,中山泰,男,1960/1/16 0:00,,無,,,新,
48,2017,id08_26_05,京都府５区,-,3,21234,15.3,山内健,男,1968/2/5 0:00,,共,,,新,
48,2017,id08_26_05,京都府５区,比当,2,19586,14.1,井上一徳,男,1962/7/31 0:00,,希,,,新,
48,2017,id08_26_05,京都府５区,-,3,7464,5.4,鈴木麻理子,女,1984/10/4 0:00,,無,由,,新,
48,2017,id08_26_06,京都府６区,当,1,101977,43,安藤裕,男,1965/3/28 0:00,3,自,麻,志公会,前,公
48,2017,id08_26_06,京都府６区,比当,2,100338,42.3,山井和則,男,1962/1/6 0:00,,希,民,,前,
48,2017,id08_26_06,京都府６区,-,3,34998,14.7,上條亮一,男,1986/2/22 0:00,,共,,,新,
48,2017,id08_27_01,大阪府１区,当,1,67748,37.6,大西宏幸,男,1967/7/15 0:00,2,自,岸,宏池会,前,公
48,2017,id08_27_01,大阪府１区,比当,2,66506,36.9,井上英孝,男,1971/10/25 0:00,,維,維党,,前,
48,2017,id08_27_01,大阪府１区,-,3,26140,14.5,村上賀厚,男,1959/7/16 0:00,,立,民,,新,
48,2017,id08_27_01,大阪府１区,-,3,14498,8,柴山昇,男,1953/11/9 0:00,,共,,,新,
48,2017,id08_27_01,大阪府１区,-,3,5291,2.9,小泉修平,男,1947/1/1 0:00,,諸,,,新,
48,2017,id08_27_02,大阪府２区,当,1,91439,43.9,左藤章,男,1951/7/12 0:00,5,自,岸,宏池会,前,公
48,2017,id08_27_02,大阪府２区,-,3,68844,33.1,椎木保,男,1966/7/4 0:00,,維,維党,,前,
48,2017,id08_27_02,大阪府２区,比当,2,48018,23.1,尾辻かな子,女,1974/12/16 0:00,,立,民,,新,
48,2017,id08_27_03,大阪府３区,当,1,83907,54.1,佐藤茂樹,男,1959/6/8 0:00,9,公,,,前,自
48,2017,id08_27_03,大阪府３区,-,3,54958,35.4,渡部結,女,1981/2/26 0:00,,共,,,新,
48,2017,id08_27_03,大阪府３区,-,3,16231,10.5,中条栄太郎,男,1969/5/12 0:00,,無,,,新,
48,2017,id08_27_04,大阪府４区,当,1,80083,42.3,中山泰秀,男,1970/10/14 0:00,5,自,細,清和会,前,公
48,2017,id08_27_04,大阪府４区,-,3,72446,38.3,美延映夫,男,1961/5/23 0:00,,維,,,新,
48,2017,id08_27_04,大阪府４区,-,3,36825,19.4,清水忠史,男,1968/5/5 0:00,,共,,,前,
48,2017,id08_27_05,大阪府５区,当,1,91514,51.5,国重徹,男,1974/11/23 0:00,3,公,,,前,自
48,2017,id08_27_05,大阪府５区,比当,2,45313,25.5,長尾秀樹,男,1952/2/14 0:00,,立,民,,新,
48,2017,id08_27_05,大阪府５区,-,3,31429,17.7,北山良三,男,1952/8/26 0:00,,共,,,新,
48,2017,id08_27_05,大阪府５区,-,3,9522,5.4,数森圭吾,男,1979/9/24 0:00,,諸,,,新,
48,2017,id08_27_06,大阪府６区,当,1,104052,61,伊佐進一,男,1974/12/10 0:00,3,公,,,前,自
48,2017,id08_27_06,大阪府６区,比当,2,66536,39,村上史好,男,1952/6/10 0:00,,立,由,,元,
48,2017,id08_27_07,大阪府７区,当,1,82337,43.6,渡嘉敷奈緒美,女,1962/7/16 0:00,4,自,額,平成研,前,公
48,2017,id08_27_07,大阪府７区,-,3,66780,35.4,奥下剛光,男,1975/10/4 0:00,,維,,,新,
48,2017,id08_27_07,大阪府７区,-,3,39602,21,村口久美子,女,1972/7/22 0:00,,共,,,新,
48,2017,id08_27_08,大阪府８区,当,1,67054,39.3,大塚高司,男,1964/9/11 0:00,4,自,額,平成研,前,公
48,2017,id08_27_08,大阪府８区,-,3,57187,33.5,木下智彦,男,1969/4/30 0:00,,維,維党,,前,
48,2017,id08_27_08,大阪府８区,-,3,31197,18.3,松井博史,男,1968/7/4 0:00,,立,民,,新,
48,2017,id08_27_08,大阪府８区,-,3,15197,8.9,新居真,男,1960/8/10 0:00,,共,,,新,
48,2017,id08_27_09,大阪府９区,当,1,93475,40.7,原田憲治,男,1948/6/9 0:00,4,自,額,平成研,前,公
48,2017,id08_27_09,大阪府９区,比当,2,91438,39.8,足立康史,男,1965/10/14 0:00,,維,維党,,前,
48,2017,id08_27_09,大阪府９区,-,3,44589,19.4,服部良一,男,1950/2/24 0:00,,社,,,元,立
48,2017,id08_27_10,大阪府１０区,当,1,75788,42.8,辻元清美,女,1960/4/28 0:00,7,立,民,,前,
48,2017,id08_27_10,大阪府１０区,比当,2,56483,31.9,大隈和英,男,1969/8/23 0:00,,自,麻,志公会,前,公
48,2017,id08_27_10,大阪府１０区,-,3,44938,25.4,松浪健太,男,1971/8/17 0:00,,維,維党,,前,
48,2017,id08_27_11,大阪府１１区,当,1,76144,36.7,平野博文,男,1949/3/19 0:00,7,無,民,,前,
48,2017,id08_27_11,大阪府１１区,比当,2,69366,33.5,佐藤ゆかり,女,1961/8/19 0:00,,自,二,志帥会,前,公
48,2017,id08_27_11,大阪府１１区,-,3,61859,29.8,伊東信久,男,1964/1/4 0:00,,維,維党,,前,
48,2017,id08_27_12,大阪府１２区,当,1,71614,45,北川知克,男,1951/11/8 0:00,6,自,麻,志公会,前,
48,2017,id08_27_12,大阪府１２区,-,3,64530,40.6,藤田文武,男,1980/12/27 0:00,,維,,,新,
48,2017,id08_27_12,大阪府１２区,-,3,22858,14.4,松尾正利,男,1959/6/22 0:00,,共,,,新,
48,2017,id08_27_13,大阪府１３区,当,1,74662,41.2,宗清皇一,男,1970/8/9 0:00,2,自,細,清和会,前,公
48,2017,id08_27_13,大阪府１３区,-,3,52033,28.7,青野剛暁,男,1974/5/14 0:00,,維,,,新,
48,2017,id08_27_13,大阪府１３区,-,3,23584,13,西野弘一,男,1969/1/11 0:00,,無,次,,元,
48,2017,id08_27_13,大阪府１３区,-,3,16399,9,長岡嘉一,男,1969/4/14 0:00,,共,,,新,
48,2017,id08_27_13,大阪府１３区,-,3,14568,8,姜英紀,男,1972/3/27 0:00,,立,民,,新,
48,2017,id08_27_14,大阪府１４区,当,1,79352,41.1,長尾敬,男,1962/11/29 0:00,3,自,細,清和会,前,
48,2017,id08_27_14,大阪府１４区,比当,2,77696,40.2,谷畑孝,男,1947/1/10 0:00,,維,維党,,前,
48,2017,id08_27_14,大阪府１４区,-,3,36102,18.7,小松久,男,1957/8/13 0:00,,共,,,新,
48,2017,id08_27_15,大阪府１５区,当,1,81968,43.8,竹本直一,男,1940/11/23 0:00,8,自,岸,宏池会,前,公
48,2017,id08_27_15,大阪府１５区,比当,2,74368,39.8,浦野靖人,男,1973/4/4 0:00,,維,維党,,前,
48,2017,id08_27_15,大阪府１５区,-,3,30733,16.4,為仁史,男,1948/12/16 0:00,,共,,,新,
48,2017,id08_27_16,大阪府１６区,当,1,77335,54,北側一雄,男,1953/3/2 0:00,9,公,,,前,自
48,2017,id08_27_16,大阪府１６区,比当,2,65780,46,森山浩行,男,1971/4/8 0:00,,立,民,,元,
48,2017,id08_27_17,大阪府１７区,当,1,65427,43.5,馬場伸幸,男,1965/1/27 0:00,3,維,維党,,前,
48,2017,id08_27_17,大阪府１７区,比当,2,58534,38.9,岡下昌平,男,1975/3/8 0:00,,自,二,志帥会,前,公
48,2017,id08_27_17,大阪府１７区,-,3,26337,17.5,藤本幸子,女,1974/11/12 0:00,,共,,,新,
48,2017,id08_27_18,大阪府１８区,当,1,87070,44.3,遠藤敬,男,1968/6/6 0:00,3,維,維党,,前,
48,2017,id08_27_18,大阪府１８区,比当,2,80198,40.8,神谷昇,男,1949/4/12 0:00,,自,二,志帥会,前,公
48,2017,id08_27_18,大阪府１８区,-,3,29164,14.8,矢野忠重,男,1950/3/3 0:00,,共,,,新,
48,2017,id08_27_19,大阪府１９区,当,1,66712,46.7,丸山穂高,男,1984/1/10 0:00,3,維,維党,,前,
48,2017,id08_27_19,大阪府１９区,比当,2,57833,40.5,谷川とむ,男,1976/4/27 0:00,,自,細,清和会,前,公
48,2017,id08_27_19,大阪府１９区,-,3,18373,12.9,北村みき,女,1966/6/20 0:00,,共,,,新,
48,2017,id08_28_01,兵庫県１区,当,1,71861,39.4,盛山正仁,男,1953/12/14 0:00,4,自,岸,宏池会,前,公
48,2017,id08_28_01,兵庫県１区,-,3,59191,32.5,井坂信彦,男,1974/3/27 0:00,,希,民,,前,
48,2017,id08_28_01,兵庫県１区,-,3,29660,16.3,梅村聡,男,1975/2/13 0:00,,維,,,新,
48,2017,id08_28_01,兵庫県１区,-,3,21454,11.8,力重智之,男,1978/10/5 0:00,,共,,,新,
48,2017,id08_28_02,兵庫県２区,当,1,89349,52.5,赤羽一嘉,男,1958/5/7 0:00,8,公,,,前,自
48,2017,id08_28_02,兵庫県２区,-,3,41238,24.2,船川治郎,男,1967/7/4 0:00,,無,民,,新,
48,2017,id08_28_02,兵庫県２区,-,3,39502,23.2,平松順子,女,1949/10/11 0:00,,共,,,新,
48,2017,id08_28_03,兵庫県３区,当,1,72838,48,関芳弘,男,1965/6/7 0:00,4,自,細,清和会,前,公
48,2017,id08_28_03,兵庫県３区,-,3,28852,19,横畑和幸,男,1971/11/11 0:00,,希,民,,新,
48,2017,id08_28_03,兵庫県３区,-,3,26280,17.3,松木秀一郎,男,1984/4/10 0:00,,維,,,新,
48,2017,id08_28_03,兵庫県３区,-,3,23762,15.7,冨士谷香恵子,女,1952/7/8 0:00,,共,,,新,
48,2017,id08_28_04,兵庫県４区,当,1,120189,57.9,藤井比早之,男,1971/9/11 0:00,3,自,,,前,公
48,2017,id08_28_04,兵庫県４区,-,3,37344,18,野口威光,男,1974/6/16 0:00,,希,,,新,
48,2017,id08_28_04,兵庫県４区,-,3,26635,12.8,佐藤泰樹,男,1971/4/14 0:00,,無,民,,新,
48,2017,id08_28_04,兵庫県４区,-,3,23513,11.3,大椙鉄夫,男,1948/4/9 0:00,,共,,,新,
48,2017,id08_28_05,兵庫県５区,当,1,123360,56.9,谷公一,男,1952/1/28 0:00,6,自,二,志帥会,前,公
48,2017,id08_28_05,兵庫県５区,-,3,69369,32,梶原康弘,男,1956/10/14 0:00,,希,民,,元,
48,2017,id08_28_05,兵庫県５区,-,3,24104,11.1,西中孝男,男,1949/10/1 0:00,,共,,,新,
48,2017,id08_28_06,兵庫県６区,当,1,93622,41.8,大串正樹,男,1966/1/20 0:00,3,自,,,前,公
48,2017,id08_28_06,兵庫県６区,比当,2,69878,31.2,桜井周,男,1970/8/16 0:00,,立,民,,新,
48,2017,id08_28_06,兵庫県６区,-,3,38398,17.1,市村浩一郎,男,1964/7/16 0:00,,維,,,元,
48,2017,id08_28_06,兵庫県６区,-,3,22338,10,幾村奈応子,女,1980/2/15 0:00,,希,,,新,
48,2017,id08_28_07,兵庫県７区,当,1,95558,44.5,山田賢司,男,1966/4/20 0:00,3,自,麻,志公会,前,公
48,2017,id08_28_07,兵庫県７区,-,3,41331,19.2,三木圭恵,女,1966/7/7 0:00,,維,維党,,元,
48,2017,id08_28_07,兵庫県７区,-,3,41219,19.2,畠中光成,男,1972/6/30 0:00,,希,民,,元,
48,2017,id08_28_07,兵庫県７区,-,3,36627,17.1,上田幸子,女,1948/2/9 0:00,,共,,,新,
48,2017,id08_28_08,兵庫県８区,当,1,94116,63.6,中野洋昌,男,1978/1/4 0:00,3,公,,,前,自
48,2017,id08_28_08,兵庫県８区,-,3,53964,36.4,堀内照文,男,1972/11/2 0:00,,共,,,前,
48,2017,id08_28_09,兵庫県９区,当,1,122026,69.5,西村康稔,男,1962/10/15 0:00,6,自,細,清和会,前,公
48,2017,id08_28_09,兵庫県９区,-,3,30937,17.6,川戸康嗣,男,1975/7/26 0:00,,希,民,,新,
48,2017,id08_28_09,兵庫県９区,-,3,22497,12.8,菊地憲之,男,1956/6/1 0:00,,無,,,新,社
48,2017,id08_28_10,兵庫県１０区,当,1,94205,59.9,渡海紀三朗,男,1948/2/11 0:00,9,自,,,前,公
48,2017,id08_28_10,兵庫県１０区,-,3,38072,24.2,柘植厚人,男,1972/4/5 0:00,,希,,,新,
48,2017,id08_28_10,兵庫県１０区,-,3,24885,15.8,金田峰生,男,1965/8/25 0:00,,共,,,新,
48,2017,id08_28_11,兵庫県１１区,当,1,109381,65.3,松本剛明,男,1959/4/25 0:00,7,自,民主,,前,公
48,2017,id08_28_11,兵庫県１１区,-,3,37783,22.6,長安豊,男,1968/9/5 0:00,,希,民,,元,
48,2017,id08_28_11,兵庫県１１区,-,3,20355,12.2,稲村知,男,1960/7/24 0:00,,共,,,新,
48,2017,id08_28_12,兵庫県１２区,当,1,98166,62.8,山口壮,男,1954/10/3 0:00,6,自,二,志帥会,前,公
48,2017,id08_28_12,兵庫県１２区,-,3,38388,24.6,池畑浩太朗,男,1974/9/26 0:00,,希,民,,新,
48,2017,id08_28_12,兵庫県１２区,-,3,19756,12.6,堀譲,男,1950/6/30 0:00,,共,,,新,
48,2017,id08_29_01,奈良県１区,当,1,90558,40.8,小林茂樹,男,1964/10/9 0:00,2,自,,,元,
48,2017,id08_29_01,奈良県１区,-,3,88082,39.7,馬淵澄夫,男,1960/8/23 0:00,,希,民,,前,
48,2017,id08_29_01,奈良県１区,-,3,21782,9.8,井上良子,女,1963/12/2 0:00,,共,,,新,
48,2017,id08_29_01,奈良県１区,-,3,21484,9.7,吉野忠男,男,1959/4/18 0:00,,維,,,新,
48,2017,id08_29_02,奈良県２区,当,1,124508,60.1,高市早苗,女,1961/3/7 0:00,8,自,,,前,公
48,2017,id08_29_02,奈良県２区,-,3,52384,25.3,松本昌之,男,1983/7/25 0:00,,希,,,新,
48,2017,id08_29_02,奈良県２区,-,3,30356,14.6,霜鳥純一,男,1961/8/7 0:00,,共,,,新,
48,2017,id08_29_03,奈良県３区,当,1,122341,61.6,田野瀬太道,男,1974/7/4 0:00,3,自,石原,近未来,前,公
48,2017,id08_29_03,奈良県３区,-,3,55721,28.1,前川清成,男,1962/12/22 0:00,,希,民,,新,
48,2017,id08_29_03,奈良県３区,-,3,20469,10.3,所進,男,1979/1/29 0:00,,共,,,新,
48,2017,id08_30_01,和歌山県１区,当,1,72517,50.4,岸本周平,男,1956/7/12 0:00,4,希,民,,前,
48,2017,id08_30_01,和歌山県１区,比当,2,57111,39.7,門博文,男,1965/8/18 0:00,,自,二,志帥会,前,公
48,2017,id08_30_01,和歌山県１区,-,3,14372,10,原矢寸久,男,1951/10/21 0:00,,共,,,新,
48,2017,id08_30_02,和歌山県２区,当,1,75772,58.3,石田真敏,男,1952/4/11 0:00,7,自,,,前,公
48,2017,id08_30_02,和歌山県２区,-,3,21395,16.5,坂田隆徳,男,1979/4/25 0:00,,希,民,,新,
48,2017,id08_30_02,和歌山県２区,-,3,16520,12.7,下村雅洋,男,1955/1/16 0:00,,共,,,新,
48,2017,id08_30_02,和歌山県２区,-,3,16175,12.5,栄隆則,男,1964/7/17 0:00,,維,,,新,
48,2017,id08_30_03,和歌山県３区,当,1,109488,72.9,二階俊博,男,1939/2/17 0:00,12,自,二,志帥会,前,公
48,2017,id08_30_03,和歌山県３区,-,3,40608,27.1,楠本文郎,男,1954/8/13 0:00,,共,,,新,
48,2017,id09_31_01,鳥取県１区,当,1,106425,83.6,石破茂,男,1957/2/4 0:00,11,自,石破,水月会,前,公
48,2017,id09_31_01,鳥取県１区,-,3,20829,16.4,塚田成幸,男,1964/2/6 0:00,,共,,,新,
48,2017,id09_31_02,鳥取県２区,当,1,72827,53.4,赤沢亮正,男,1960/12/18 0:00,5,自,石破,水月会,前,公
48,2017,id09_31_02,鳥取県２区,-,3,53312,39.1,湯原俊二,男,1962/11/20 0:00,,希,民,,元,
48,2017,id09_31_02,鳥取県２区,-,3,10271,7.5,福住英行,男,1975/12/8 0:00,,共,,,新,
48,2017,id09_32_01,島根県１区,当,1,95513,59.4,細田博之,男,1944/4/5 0:00,10,自,細,清和会,前,公
48,2017,id09_32_01,島根県１区,比当,2,65285,40.6,亀井亜紀子,女,1965/5/14 0:00,,立,民,,新,社
48,2017,id09_32_02,島根県２区,当,1,123332,67.8,竹下亘,男,1946/11/3 0:00,7,自,額,平成研,前,公
48,2017,id09_32_02,島根県２区,-,3,35576,19.6,福原宗男,男,1947/3/30 0:00,,社,,,新,
48,2017,id09_32_02,島根県２区,-,3,22938,12.6,向瀬慎一,男,1971/1/12 0:00,,共,,,新,
48,2017,id09_33_01,岡山県１区,当,1,87272,52.7,逢沢一郎,男,1954/6/10 0:00,11,自,,,前,公
48,2017,id09_33_01,岡山県１区,比当,2,56757,34.3,高井崇志,男,1969/9/26 0:00,,立,民,,前,
48,2017,id09_33_01,岡山県１区,-,3,21551,13,蜂谷弘美,女,1956/6/30 0:00,,希,,,新,
48,2017,id09_33_02,岡山県２区,当,1,73150,51.1,山下貴司,男,1965/9/8 0:00,3,自,石破,水月会,前,公
48,2017,id09_33_02,岡山県２区,比当,2,54591,38.2,津村啓介,男,1971/10/27 0:00,,希,民,,前,
48,2017,id09_33_02,岡山県２区,-,3,13518,9.4,垣内京美,女,1966/10/22 0:00,,共,,,新,
48,2017,id09_33_02,岡山県２区,-,3,1793,1.3,田部雄治,男,1976/4/20 0:00,,諸,,,新,
48,2017,id09_33_03,岡山県３区,当,1,59488,38.9,阿部俊子,女,1959/5/19 0:00,5,無,,,前,自
48,2017,id09_33_03,岡山県３区,-,3,55947,36.6,平沼正二郎,男,1979/11/11 0:00,,無,,,新,
48,2017,id09_33_03,岡山県３区,-,3,21973,14.4,内山晃,男,1954/3/3 0:00,,希,,,元,
48,2017,id09_33_03,岡山県３区,-,3,15424,10.1,尾崎宏子,女,1956/9/16 0:00,,共,,,新,
48,2017,id09_33_04,岡山県４区,当,1,93172,51.9,橋本岳,男,1974/2/5 0:00,4,自,額,平成研,前,公
48,2017,id09_33_04,岡山県４区,比当,2,72280,40.3,柚木道義,男,1972/5/28 0:00,,希,民,,前,
48,2017,id09_33_04,岡山県４区,-,3,13907,7.8,平林明成,男,1955/1/15 0:00,,共,,,新,
48,2017,id09_33_05,岡山県５区,当,1,100708,71.3,加藤勝信,男,1955/11/22 0:00,6,自,額,平成研,前,公
48,2017,id09_33_05,岡山県５区,-,3,26901,19,樽井良和,男,1967/8/8 0:00,,希,民,,元,
48,2017,id09_33_05,岡山県５区,-,3,13649,9.7,美見芳明,男,1957/4/3 0:00,,共,,,新,
48,2017,id09_34_01,広島県１区,当,1,113239,78,岸田文雄,男,1957/7/29 0:00,9,自,岸,宏池会,前,公
48,2017,id09_34_01,広島県１区,-,3,32011,22,大西理,男,1966/2/8 0:00,,共,,,新,
48,2017,id09_34_02,広島県２区,当,1,96718,47.9,平口洋,男,1948/8/1 0:00,4,自,額,平成研,前,公
48,2017,id09_34_02,広島県２区,-,3,68309,33.8,松本大輔,男,1971/8/5 0:00,,希,民,,元,
48,2017,id09_34_02,広島県２区,-,3,18128,9,灰岡香奈,女,1983/6/28 0:00,,維,,,新,
48,2017,id09_34_02,広島県２区,-,3,16393,8.1,藤本聡志,男,1954/10/16 0:00,,共,,,新,
48,2017,id09_34_02,広島県２区,-,3,2403,1.2,水野善丈,男,1991/7/10 0:00,,諸,,,新,
48,2017,id09_34_03,広島県３区,当,1,82998,47.4,河井克行,男,1963/3/11 0:00,7,自,,,前,公
48,2017,id09_34_03,広島県３区,-,3,61976,35.4,塩村文夏,女,1978/7/6 0:00,,無,民,,新,
48,2017,id09_34_03,広島県３区,-,3,23779,13.6,今枝仁,男,1970/9/14 0:00,,維,,,新,
48,2017,id09_34_03,広島県３区,-,3,2720,1.6,野村昌央,男,1982/8/2 0:00,,諸,,,新,
48,2017,id09_34_03,広島県３区,-,3,1978,1.1,玉田憲勲,男,1957/10/1 0:00,,無,,,新,
48,2017,id09_34_03,広島県３区,-,3,1753,1,西本昭彦,男,1945/2/6 0:00,,無,,,新,
48,2017,id09_34_04,広島県４区,当,1,64911,43.6,新谷正義,男,1975/3/8 0:00,3,自,額,平成研,前,公
48,2017,id09_34_04,広島県４区,-,3,28562,19.2,空本誠喜,男,1964/3/11 0:00,,維,,,元,
48,2017,id09_34_04,広島県４区,-,3,20366,13.7,恵飛須圭二,男,1983/5/19 0:00,,無,民,,新,
48,2017,id09_34_04,広島県４区,-,3,16803,11.3,上野寛治,男,1982/9/24 0:00,,希,,,新,
48,2017,id09_34_04,広島県４区,-,3,10884,7.3,中石仁,男,1962/11/25 0:00,,共,,,新,
48,2017,id09_34_04,広島県４区,-,3,7210,4.8,落合洋司,男,1964/3/29 0:00,,無,,,新,
48,2017,id09_34_05,広島県５区,当,1,86193,67.1,寺田稔,男,1958/1/24 0:00,5,自,岸,宏池会,前,公
48,2017,id09_34_05,広島県５区,-,3,27912,21.7,橋本琴絵,女,1988/11/17 0:00,,希,,,新,
48,2017,id09_34_05,広島県５区,-,3,14356,11.2,尾崎光,男,1952/11/8 0:00,,共,,,新,
48,2017,id09_34_06,広島県６区,当,1,85616,50.5,佐藤公治,男,1959/7/28 0:00,3,希,由,,元,
48,2017,id09_34_06,広島県６区,比当,2,69209,40.9,小島敏文,男,1950/9/7 0:00,,自,岸,宏池会,前,公
48,2017,id09_34_06,広島県６区,-,3,14585,8.6,寺田明充,男,1951/3/27 0:00,,共,,,新,
48,2017,id09_34_07,広島県７区,当,1,110547,60.5,小林史明,男,1983/4/8 0:00,3,自,岸,宏池会,前,公
48,2017,id09_34_07,広島県７区,-,3,54898,30,佐藤広典,男,1976/6/26 0:00,,希,民,,新,
48,2017,id09_34_07,広島県７区,-,3,17384,9.5,重村幸司,男,1951/2/4 0:00,,共,,,新,
48,2017,id09_35_01,山口県１区,当,1,133221,69.1,高村正大,男,1970/11/14 0:00,1,自,,,新,公
48,2017,id09_35_01,山口県１区,-,3,36582,19,大内一也,男,1973/10/10 0:00,,希,民,,新,
48,2017,id09_35_01,山口県１区,-,3,17924,9.3,五島博,男,1956/1/27 0:00,,共,,,新,
48,2017,id09_35_01,山口県１区,-,3,5070,2.6,河井美和子,女,1962/8/9 0:00,,諸,,,新,
48,2017,id09_35_02,山口県２区,当,1,113012,73.8,岸信夫,男,1959/4/1 0:00,3,自,細,清和会,前,公
48,2017,id09_35_02,山口県２区,-,3,40051,26.2,松田一志,男,1957/9/9 0:00,,共,,,新,
48,2017,id09_35_03,山口県３区,当,1,103173,71.3,河村建夫,男,1942/11/10 0:00,10,自,二,志帥会,前,公
48,2017,id09_35_03,山口県３区,-,3,41497,28.7,坂本史子,女,1955/5/18 0:00,,立,民,,新,社
48,2017,id09_35_04,山口県４区,当,1,104825,72.6,安倍晋三,男,1954/9/21 0:00,9,自,,,前,公
48,2017,id09_35_04,山口県４区,-,3,18567,12.9,藤田時雄,男,1954/5/9 0:00,,希,民,,新,
48,2017,id09_35_04,山口県４区,-,3,13721,9.5,西岡広伸,男,1963/1/17 0:00,,共,,,新,
48,2017,id09_35_04,山口県４区,-,3,6687,4.6,黒川敦彦,男,1978/9/6 0:00,,無,,,新,
48,2017,id09_35_04,山口県４区,-,3,645,0.4,郡昭浩,男,1961/2/9 0:00,,無,,,新,
48,2017,id10_36_01,徳島県１区,当,1,90281,51.5,後藤田正純,男,1969/8/5 0:00,7,自,石破,水月会,前,公
48,2017,id10_36_01,徳島県１区,-,3,69442,39.6,仁木博文,男,1966/5/23 0:00,,希,民,,元,
48,2017,id10_36_01,徳島県１区,-,3,15622,8.9,山本千代子,女,1949/1/2 0:00,,共,,,新,
48,2017,id10_36_02,徳島県２区,当,1,81616,71,山口俊一,男,1950/2/28 0:00,10,自,麻,志公会,前,公
48,2017,id10_36_02,徳島県２区,-,3,25726,22.4,久保孝之,男,1963/10/9 0:00,,共,,,新,
48,2017,id10_36_02,徳島県２区,-,3,7671,6.7,福山正敏,男,1970/12/14 0:00,,諸,,,新,
48,2017,id10_37_01,香川県１区,当,1,81566,50.7,平井卓也,男,1958/1/25 0:00,7,自,岸,宏池会,前,公
48,2017,id10_37_01,香川県１区,比当,2,79383,49.3,小川淳也,男,1971/4/18 0:00,,希,民,,前,
48,2017,id10_37_02,香川県２区,当,1,82345,55.5,玉木雄一郎,男,1969/5/1 0:00,4,希,民,,前,
48,2017,id10_37_02,香川県２区,-,3,59949,40.4,瀬戸隆一,男,1965/8/2 0:00,,自,麻,志公会,前,公
48,2017,id10_37_02,香川県２区,-,3,6098,4.1,河村整,男,1959/6/6 0:00,,共,,,新,
48,2017,id10_37_03,香川県３区,当,1,82125,69.1,大野敬太郎,男,1968/11/1 0:00,3,自,,,前,公
48,2017,id10_37_03,香川県３区,-,3,36735,30.9,藤田伸二,男,1955/3/9 0:00,,社,,,新,
48,2017,id10_38_01,愛媛県１区,当,1,112930,64.8,塩崎恭久,男,1950/11/7 0:00,8,自,,,前,公
48,2017,id10_38_01,愛媛県１区,-,3,42600,24.5,富永喜代,女,1967/10/14 0:00,,希,民,,新,
48,2017,id10_38_01,愛媛県１区,-,3,18675,10.7,石本憲一,男,1947/1/2 0:00,,共,,,新,
48,2017,id10_38_02,愛媛県２区,当,1,62516,48.8,村上誠一郎,男,1952/5/11 0:00,11,自,,,前,公
48,2017,id10_38_02,愛媛県２区,-,3,33894,26.5,西岡新,男,1973/2/3 0:00,,維,,,元,
48,2017,id10_38_02,愛媛県２区,-,3,21044,16.4,横山博幸,男,1950/11/6 0:00,,希,民,,前,
48,2017,id10_38_02,愛媛県２区,-,3,10525,8.2,一色一正,男,1950/1/3 0:00,,共,,,新,
48,2017,id10_38_03,愛媛県３区,当,1,70978,53.1,白石洋一,男,1963/6/25 0:00,2,希,民,,元,
48,2017,id10_38_03,愛媛県３区,-,3,53910,40.3,白石寛樹,男,1988/1/23 0:00,,自,,,新,公
48,2017,id10_38_03,愛媛県３区,-,3,6226,4.7,国田睦,女,1951/11/4 0:00,,共,,,新,
48,2017,id10_38_03,愛媛県３区,-,3,2641,2,森田浩二,男,1959/11/19 0:00,,諸,,,新,
48,2017,id10_38_04,愛媛県４区,当,1,80589,54.4,山本公一,男,1947/9/4 0:00,9,自,,,前,公
48,2017,id10_38_04,愛媛県４区,-,3,56781,38.3,桜内文城,男,1965/10/21 0:00,,希,次,,元,
48,2017,id10_38_04,愛媛県４区,-,3,10748,7.3,西井直人,男,1957/8/10 0:00,,共,,,新,
48,2017,id10_39_01,高知県１区,当,1,81675,53.6,中谷元,男,1957/10/14 0:00,10,自,,,前,公
48,2017,id10_39_01,高知県１区,-,3,45190,29.7,大石宗,男,1980/9/11 0:00,,希,民,,新,
48,2017,id10_39_01,高知県１区,-,3,25542,16.8,松本顕治,男,1984/1/9 0:00,,共,,,新,
48,2017,id10_39_02,高知県２区,当,1,92179,56.5,広田一,男,1968/10/10 0:00,1,無,民,,新,
48,2017,id10_39_02,高知県２区,比当,2,71029,43.5,山本有二,男,1952/5/11 0:00,,自,石破,水月会,前,公
48,2017,id11_40_01,福岡県１区,当,1,97777,49.2,井上貴博,男,1962/4/2 0:00,3,自,麻,志公会,前,
48,2017,id11_40_01,福岡県１区,-,3,51063,25.7,山本剛正,男,1972/1/1 0:00,,立,民,,元,
48,2017,id11_40_01,福岡県１区,-,3,35870,18,石井英俊,男,1976/10/9 0:00,,希,,,新,
48,2017,id11_40_01,福岡県１区,-,3,14158,7.1,立川孝彦,男,1951/9/25 0:00,,共,,,新,
48,2017,id11_40_02,福岡県２区,当,1,109098,47.9,鬼木誠,男,1972/10/16 0:00,3,自,石原,近未来,前,公
48,2017,id11_40_02,福岡県２区,比当,2,100938,44.3,稲富修二,男,1970/8/26 0:00,,希,民,,元,
48,2017,id11_40_02,福岡県２区,-,3,17594,7.7,松尾律子,女,1972/4/13 0:00,,共,,,新,
48,2017,id11_40_03,福岡県３区,当,1,136499,59,古賀篤,男,1972/7/14 0:00,3,自,岸,宏池会,前,公
48,2017,id11_40_03,福岡県３区,比当,2,94772,41,山内康一,男,1973/8/25 0:00,,立,民,,元,
48,2017,id11_40_04,福岡県４区,当,1,104726,55.6,宮内秀樹,男,1962/10/19 0:00,3,自,二,志帥会,前,公
48,2017,id11_40_04,福岡県４区,-,3,51426,27.3,河野正美,男,1961/6/30 0:00,,維,維党,,前,希
48,2017,id11_40_04,福岡県４区,-,3,32340,17.2,新留清隆,男,1955/7/28 0:00,,共,,,新,
48,2017,id11_40_05,福岡県５区,当,1,123758,50.5,原田義昭,男,1944/10/1 0:00,8,自,麻,志公会,前,公
48,2017,id11_40_05,福岡県５区,-,3,96675,39.4,楠田大蔵,男,1975/4/20 0:00,,希,民,,元,
48,2017,id11_40_05,福岡県５区,-,3,24715,10.1,田中陽二,男,1956/7/16 0:00,,共,,,新,
48,2017,id11_40_06,福岡県６区,当,1,131244,66.3,鳩山二郎,男,1979/1/1 0:00,2,自,二,志帥会,前,公
48,2017,id11_40_06,福岡県６区,-,3,43175,21.8,新井富美子,女,1967/4/18 0:00,,無,民,,新,
48,2017,id11_40_06,福岡県６区,-,3,17451,8.8,小林解子,女,1979/11/24 0:00,,共,,,新,
48,2017,id11_40_06,福岡県６区,-,3,6093,3.1,西原忠弘,男,1955/7/29 0:00,,諸,,,新,
48,2017,id11_40_07,福岡県７区,当,1,91477,57.3,藤丸敏,男,1960/1/19 0:00,3,自,岸,宏池会,前,公
48,2017,id11_40_07,福岡県７区,-,3,48190,30.2,原圭助,男,1978/5/6 0:00,,希,民,,新,
48,2017,id11_40_07,福岡県７区,-,3,19953,12.5,江口学,男,1974/6/27 0:00,,共,,,新,
48,2017,id11_40_08,福岡県８区,当,1,135334,72.2,麻生太郎,男,1940/9/20 0:00,13,自,麻,志公会,前,
48,2017,id11_40_08,福岡県８区,-,3,52027,27.8,宮嶋つや子,女,1950/11/27 0:00,,共,,,新,
48,2017,id11_40_09,福岡県９区,当,1,91329,45.7,三原朝彦,男,1947/5/23 0:00,8,自,額,平成研,前,公
48,2017,id11_40_09,福岡県９区,-,3,78833,39.5,緒方林太郎,男,1973/1/8 0:00,,希,民,,前,
48,2017,id11_40_09,福岡県９区,-,3,29635,14.8,真島省三,男,1963/1/12 0:00,,共,,,前,
48,2017,id11_40_10,福岡県１０区,当,1,87674,44.2,山本幸三,男,1948/8/8 0:00,8,自,岸,宏池会,前,公
48,2017,id11_40_10,福岡県１０区,比当,2,80073,40.3,城井崇,男,1973/6/23 0:00,,希,民,,元,
48,2017,id11_40_10,福岡県１０区,比当,2,30792,15.5,田村貴昭,男,1961/4/30 0:00,,共,,,前,
48,2017,id11_40_11,福岡県１１区,当,1,81129,55.5,武田良太,男,1968/4/1 0:00,6,自,二,志帥会,前,公
48,2017,id11_40_11,福岡県１１区,-,3,42335,28.9,村上智信,男,1969/10/9 0:00,,希,,,新,
48,2017,id11_40_11,福岡県１１区,-,3,22822,15.6,竹内信昭,男,1952/11/22 0:00,,社,,,新,
48,2017,id11_41_01,佐賀県１区,当,1,105487,55.7,原口一博,男,1959/7/2 0:00,8,無,民,,前,
48,2017,id11_41_01,佐賀県１区,比当,2,78972,41.7,岩田和親,男,1973/9/20 0:00,,自,岸,宏池会,前,公
48,2017,id11_41_01,佐賀県１区,-,3,5086,2.7,中島徹,男,1974/6/16 0:00,,諸,,,新,
48,2017,id11_41_02,佐賀県２区,当,1,105921,49.7,大串博志,男,1965/8/31 0:00,5,希,民,,前,
48,2017,id11_41_02,佐賀県２区,比当,2,99103,46.5,古川康,男,1958/7/15 0:00,,自,額,平成研,前,公
48,2017,id11_41_02,佐賀県２区,-,3,7920,3.7,大森斉,男,1955/7/17 0:00,,共,,,新,
48,2017,id11_42_01,長崎県１区,当,1,90569,48.5,西岡秀子,女,1964/3/15 0:00,1,希,民,,新,
48,2017,id11_42_01,長崎県１区,比当,2,80049,42.9,冨岡勉,男,1948/7/4 0:00,,自,石原,近未来,前,公
48,2017,id11_42_01,長崎県１区,-,3,16011,8.6,牧山隆,男,1957/3/9 0:00,,共,,,新,
48,2017,id11_42_02,長崎県２区,当,1,97874,57.3,加藤寛治,男,1946/4/24 0:00,3,自,細,清和会,前,公
48,2017,id11_42_02,長崎県２区,-,3,57538,33.7,山口初實,男,1948/1/22 0:00,,希,民,,新,
48,2017,id11_42_02,長崎県２区,-,3,15261,8.9,近藤一宇,男,1949/9/5 0:00,,共,,,新,
48,2017,id11_42_03,長崎県３区,当,1,83992,59.7,谷川弥一,男,1941/8/12 0:00,6,自,細,清和会,前,公
48,2017,id11_42_03,長崎県３区,-,3,35554,25.3,末次精一,男,1962/12/2 0:00,,希,由,,新,
48,2017,id11_42_03,長崎県３区,-,3,12638,9,石丸完治,男,1949/7/9 0:00,,共,,,新,
48,2017,id11_42_03,長崎県３区,-,3,8469,6,口石竜三,男,1969/5/15 0:00,,維,,,新,
48,2017,id11_42_04,長崎県４区,当,1,73899,50.8,北村誠吾,男,1947/1/29 0:00,7,自,岸,宏池会,前,公
48,2017,id11_42_04,長崎県４区,-,3,61137,42,宮島大典,男,1963/6/6 0:00,,希,民,,元,
48,2017,id11_42_04,長崎県４区,-,3,10459,7.2,石川悟,男,1952/10/20 0:00,,共,,,新,
48,2017,id11_43_01,熊本県１区,当,1,123431,56.2,木原稔,男,1969/8/12 0:00,4,自,額,平成研,前,
48,2017,id11_43_01,熊本県１区,-,3,96374,43.8,松野頼久,男,1960/9/19 0:00,,希,民,,前,
48,2017,id11_43_02,熊本県２区,当,1,86027,47.5,野田毅,男,1941/10/3 0:00,16,自,石原,近未来,前,公
48,2017,id11_43_02,熊本県２区,-,3,62575,34.5,西野太亮,男,1978/9/22 0:00,,無,,,新,
48,2017,id11_43_02,熊本県２区,-,3,26074,14.4,和田要,男,1948/11/4 0:00,,社,,,新,
48,2017,id11_43_02,熊本県２区,-,3,6495,3.6,木下順子,女,1959/3/31 0:00,,諸,,,新,
48,2017,id11_43_03,熊本県３区,当,1,129312,73.6,坂本哲志,男,1950/11/6 0:00,6,自,石原,近未来,前,公
48,2017,id11_43_03,熊本県３区,-,3,46392,26.4,関根静香,女,1990/6/29 0:00,,共,,,新,
48,2017,id11_43_04,熊本県４区,当,1,150453,62.8,金子恭之,男,1961/2/27 0:00,7,自,,,前,公
48,2017,id11_43_04,熊本県４区,比当,2,89279,37.2,矢上雅義,男,1960/8/8 0:00,,立,民,,元,
48,2017,id11_44_01,大分県１区,当,1,90422,46.4,穴見陽一,男,1969/7/24 0:00,3,自,細,清和会,前,公
48,2017,id11_44_01,大分県１区,比当,2,87392,44.8,吉良州司,男,1958/3/16 0:00,,希,民,,前,
48,2017,id11_44_01,大分県１区,-,3,17082,8.8,小手川恵,女,1956/3/30 0:00,,共,,,新,
48,2017,id11_44_02,大分県２区,当,1,89944,53.3,衛藤征士郎,男,1941/4/29 0:00,12,自,細,清和会,前,公
48,2017,id11_44_02,大分県２区,比当,2,70858,42,吉川元,男,1966/9/28 0:00,,社,,,前,立
48,2017,id11_44_02,大分県２区,-,3,8033,4.8,上田敦子,女,1967/3/8 0:00,,諸,,,新,
48,2017,id11_44_03,大分県３区,当,1,99412,54.2,岩屋毅,男,1957/8/24 0:00,8,自,麻,志公会,前,公
48,2017,id11_44_03,大分県３区,比当,2,84133,45.8,横光克彦,男,1943/11/4 0:00,,立,民,,元,
48,2017,id11_45_01,宮崎県１区,当,1,94780,55.2,武井俊輔,男,1975/3/29 0:00,3,自,岸,宏池会,前,公
48,2017,id11_45_01,宮崎県１区,-,3,57047,33.2,外山斎,男,1976/4/23 0:00,,希,維,,新,
48,2017,id11_45_01,宮崎県１区,-,3,19937,11.6,内田静雄,男,1949/6/30 0:00,,共,,,新,
48,2017,id11_45_02,宮崎県２区,当,1,98170,69.7,江藤拓,男,1960/7/1 0:00,6,自,,,前,公
48,2017,id11_45_02,宮崎県２区,-,3,29831,21.2,黒木万治,男,1948/6/8 0:00,,共,,,新,
48,2017,id11_45_02,宮崎県２区,-,3,12757,9.1,河野一郎,男,1959/11/21 0:00,,諸,,,新,
48,2017,id11_45_03,宮崎県３区,当,1,98008,69.4,古川禎久,男,1965/8/3 0:00,6,自,石破,水月会,前,公
48,2017,id11_45_03,宮崎県３区,-,3,28286,20,花輪智史,男,1966/7/24 0:00,,希,,,新,
48,2017,id11_45_03,宮崎県３区,-,3,14942,10.6,井福美年,男,1948/12/29 0:00,,共,,,新,
48,2017,id11_46_01,鹿児島県１区,当,1,76699,41.8,川内博史,男,1961/11/2 0:00,6,立,民,,元,
48,2017,id11_46_01,鹿児島県１区,-,3,74831,40.8,保岡宏武,男,1973/5/6 0:00,,自,,,新,公
48,2017,id11_46_01,鹿児島県１区,-,3,26895,14.7,山之内毅,男,1981/12/16 0:00,,維,維党,,元,
48,2017,id11_46_01,鹿児島県１区,-,3,5066,2.8,宮崎一博,男,1960/3/13 0:00,,無,,,新,
48,2017,id11_46_02,鹿児島県２区,当,1,97743,51.3,金子万寿夫,男,1947/1/11 0:00,3,自,石原,近未来,前,公
48,2017,id11_46_02,鹿児島県２区,-,3,43331,22.7,斉藤佳代,女,1979/9/21 0:00,,希,民,,新,
48,2017,id11_46_02,鹿児島県２区,-,3,33317,17.5,林健二,男,1977/8/5 0:00,,無,,,新,
48,2017,id11_46_02,鹿児島県２区,-,3,16280,8.5,祝迫光治,男,1943/1/21 0:00,,共,,,新,
48,2017,id11_46_03,鹿児島県３区,当,1,102501,50.4,小里泰弘,男,1958/9/29 0:00,5,自,,,前,公
48,2017,id11_46_03,鹿児島県３区,-,3,90240,44.4,野間健,男,1958/10/8 0:00,,希,,,前,
48,2017,id11_46_03,鹿児島県３区,-,3,10605,5.2,山口勇太,男,1991/9/19 0:00,,共,,,新,
48,2017,id11_46_04,鹿児島県４区,当,1,128112,70.8,森山裕,男,1945/4/8 0:00,6,自,石原,近未来,前,公
48,2017,id11_46_04,鹿児島県４区,-,3,52891,29.2,野呂正和,男,1951/4/15 0:00,,社,,,新,
48,2017,id11_47_01,沖縄県１区,当,1,60605,39.9,赤嶺政賢,男,1947/12/18 0:00,7,共,,,前,
48,2017,id11_47_01,沖縄県１区,比当,2,54468,35.9,国場幸之助,男,1973/1/10 0:00,,自,岸,宏池会,前,公
48,2017,id11_47_01,沖縄県１区,比当,2,34215,22.5,下地幹郎,男,1961/8/14 0:00,,維,維党,,前,希
48,2017,id11_47_01,沖縄県１区,-,3,2594,1.7,下地玲子,女,1958/1/29 0:00,,諸,,,新,
48,2017,id11_47_02,沖縄県２区,当,1,92143,58.9,照屋寛徳,男,1945/7/24 0:00,6,社,,,前,
48,2017,id11_47_02,沖縄県２区,-,3,64193,41.1,宮崎政久,男,1965/8/8 0:00,,自,額,平成研,前,公
48,2017,id11_47_03,沖縄県３区,当,1,95517,57.9,玉城デニー,男,1959/10/13 0:00,4,無,由,,前,
48,2017,id11_47_03,沖縄県３区,-,3,66527,40.3,比嘉奈津美,女,1958/10/3 0:00,,自,額,平成研,前,公
48,2017,id11_47_03,沖縄県３区,-,3,3031,1.8,金城竜郎,男,1964/5/7 0:00,,諸,,,新,
48,2017,id11_47_04,沖縄県４区,当,1,82199,50.5,西銘恒三郎,男,1954/8/7 0:00,5,自,額,平成研,前,公
48,2017,id11_47_04,沖縄県４区,-,3,75887,46.6,仲里利信,男,1937/3/16 0:00,,無,,,前,
48,2017,id11_47_04,沖縄県４区,-,3,4650,2.9,富川泰全,男,1979/5/2 0:00,,諸,,,新,
49,2021,id01_01_01,北海道１区,当,1,118286,45.3,道下大樹,男,1975/12/24 0:00,2,立,,,前,
49,2021,id01_01_01,北海道１区,-,3,106985,41,船橋利実,男,1960/11/20 0:00,,自,麻,志公会,前,公
49,2021,id01_01_01,北海道１区,-,3,35652,13.7,小林悟,男,1964/9/25 0:00,,維,,,新,
49,2021,id01_01_02,北海道２区,当,1,105807,44.7,松木謙公,男,1959/2/22 0:00,6,立,,,前,
49,2021,id01_01_02,北海道２区,-,3,89745,37.9,高橋祐介,男,1978/9/6 0:00,,自,,,新,公
49,2021,id01_01_02,北海道２区,-,3,41076,17.4,山崎泉,男,1973/4/18 0:00,,維,,,新,
49,2021,id01_01_03,北海道３区,当,1,116917,44.7,高木宏寿,男,1960/4/9 0:00,3,自,二,志帥会,元,公
49,2021,id01_01_03,北海道３区,比当,2,112535,43,荒井優,男,1975/2/28 0:00,,立,,,新,
49,2021,id01_01_03,北海道３区,-,3,32340,12.4,小和田康文,男,1970/8/27 0:00,,維,,,新,
49,2021,id01_01_04,北海道４区,当,1,109326,50.2,中村裕之,男,1961/2/23 0:00,4,自,麻,志公会,前,公
49,2021,id01_01_04,北海道４区,比当,2,108630,49.8,大築紅葉,女,1983/10/16 0:00,,立,,,新,
49,2021,id01_01_05,北海道５区,当,1,139950,50.6,和田義明,男,1971/10/10 0:00,3,自,細,清和会,前,公
49,2021,id01_01_05,北海道５区,-,3,111366,40.3,池田真紀,女,1972/5/24 0:00,,立,,,前,
49,2021,id01_01_05,北海道５区,-,3,16758,6.1,橋本美香,女,1970/10/26 0:00,,共,,,新,
49,2021,id01_01_05,北海道５区,-,3,8520,3.1,大津伸太郎,男,1965/4/19 0:00,,無,,,新,
49,2021,id01_01_06,北海道６区,当,1,128670,55.5,東国幹,男,1968/2/17 0:00,1,自,,,新,公
49,2021,id01_01_06,北海道６区,-,3,93403,40.3,西川将人,男,1968/11/7 0:00,,立,,,新,
49,2021,id01_01_06,北海道６区,-,3,9776,4.2,斉藤忠行,男,1991/7/28 0:00,,Ｎ,,,新,
49,2021,id01_01_07,北海道７区,当,1,80797,58,伊東良孝,男,1948/11/24 0:00,5,自,二,志帥会,前,公
49,2021,id01_01_07,北海道７区,-,3,45563,32.7,篠田奈保子,女,1972/2/5 0:00,,立,,,新,
49,2021,id01_01_07,北海道７区,-,3,12913,9.3,石川明美,男,1951/5/16 0:00,,共,,,新,
49,2021,id01_01_08,北海道８区,当,1,112857,52.7,逢坂誠二,男,1959/4/24 0:00,5,立,,,前,
49,2021,id01_01_08,北海道８区,-,3,101379,47.3,前田一男,男,1966/5/27 0:00,,自,細,清和会,元,公
49,2021,id01_01_09,北海道９区,当,1,113512,51.5,山岡達丸,男,1979/7/22 0:00,3,立,旧希,,前,
49,2021,id01_01_09,北海道９区,比当,2,106842,48.5,堀井学,男,1972/2/19 0:00,,自,細,清和会,前,公
49,2021,id01_01_10,北海道１０区,当,1,96843,53.9,稲津久,男,1958/2/9 0:00,5,公,,,前,自
49,2021,id01_01_10,北海道１０区,比当,2,82718,46.1,神谷裕,男,1968/8/10 0:00,,立,,,前,
49,2021,id01_01_11,北海道１１区,当,1,91538,51.8,石川香織,女,1984/5/10 0:00,2,立,,,前,
49,2021,id01_01_11,北海道１１区,比当,2,85336,48.2,中川郁子,女,1958/12/22 0:00,,自,二,志帥会,元,公
49,2021,id01_01_12,北海道１２区,当,1,97634,58.4,武部新,男,1970/7/20 0:00,4,自,二,志帥会,前,公
49,2021,id01_01_12,北海道１２区,-,3,55321,33.1,川原田英世,男,1983/1/12 0:00,,立,,,新,
49,2021,id01_01_12,北海道１２区,-,3,14140,8.5,菅原誠,男,1973/7/31 0:00,,共,,,新,
49,2021,id02_02_01,青森県１区,当,1,91011,52.4,江渡聡徳,男,1955/10/12 0:00,8,自,麻,志公会,前,公
49,2021,id02_02_01,青森県１区,-,3,64870,37.4,升田世喜男,男,1957/6/5 0:00,,立,旧希,,元,
49,2021,id02_02_01,青森県１区,-,3,17783,10.2,斎藤美緒,女,1980/1/30 0:00,,共,,,新,
49,2021,id02_02_02,青森県２区,当,1,126137,61.5,神田潤一,男,1970/9/27 0:00,1,自,,,新,公
49,2021,id02_02_02,青森県２区,-,3,65909,32.1,高畑紀子,女,1963/9/22 0:00,,立,,,新,
49,2021,id02_02_02,青森県２区,-,3,12966,6.3,田端深雪,女,1957/6/25 0:00,,共,,,新,
49,2021,id02_02_03,青森県３区,当,1,118230,65,木村次郎,男,1967/12/16 0:00,2,自,細,清和会,前,公
49,2021,id02_02_03,青森県３区,-,3,63796,35,山内崇,男,1955/5/11 0:00,,立,,,新,
49,2021,id02_03_01,岩手県１区,当,1,87017,51.2,階猛,男,1966/10/7 0:00,6,立,旧希,,前,
49,2021,id02_03_01,岩手県１区,-,3,62666,36.9,高橋比奈子,女,1958/1/19 0:00,,自,麻,志公会,前,公
49,2021,id02_03_01,岩手県１区,-,3,20300,11.9,吉田恭子,女,1981/2/5 0:00,,共,,,新,
49,2021,id02_03_02,岩手県２区,当,1,149168,68,鈴木俊一,男,1953/4/13 0:00,10,自,麻,志公会,前,公
49,2021,id02_03_02,岩手県２区,-,3,66689,30.4,大林正英,男,1964/7/30 0:00,,立,,,新,
49,2021,id02_03_02,岩手県２区,-,3,3548,1.6,荒川順子,女,1953/6/21 0:00,,Ｎ,,,新,
49,2021,id02_03_03,岩手県３区,当,1,118734,52.1,藤原崇,男,1983/8/2 0:00,4,自,細,清和会,前,公
49,2021,id02_03_03,岩手県３区,比当,2,109362,47.9,小沢一郎,男,1942/5/24 0:00,,立,無,,前,
49,2021,id02_04_01,宮城県１区,当,1,101964,43.4,土井亨,男,1958/8/12 0:00,5,自,細,清和会,前,公
49,2021,id02_04_01,宮城県１区,比当,2,96649,41.2,岡本章子,女,1964/8/16 0:00,,立,,,前,
49,2021,id02_04_01,宮城県１区,-,3,23033,9.8,春藤沙弥香,女,1981/10/18 0:00,,維,,,新,
49,2021,id02_04_01,宮城県１区,-,3,13174,5.6,大草芳江,女,1982/8/12 0:00,,無,,,新,
49,2021,id02_04_02,宮城県２区,当,1,116320,49,鎌田さゆり,女,1965/1/8 0:00,3,立,無,,元,
49,2021,id02_04_02,宮城県２区,比当,2,115749,48.7,秋葉賢也,男,1962/7/3 0:00,,自,竹,平成研,前,公
49,2021,id02_04_02,宮城県２区,-,3,5521,2.3,林マリアゆき,女,1973/12/9 0:00,,Ｎ,,,新,
49,2021,id02_04_03,宮城県３区,当,1,96210,59.3,西村明宏,男,1960/7/16 0:00,6,自,細,清和会,前,公
49,2021,id02_04_03,宮城県３区,-,3,60237,37.1,大野園子,女,1988/2/2 0:00,,立,,,新,
49,2021,id02_04_03,宮城県３区,-,3,5890,3.6,浅田晃司,男,1947/1/8 0:00,,無,,,新,
49,2021,id02_04_04,宮城県４区,当,1,74721,56.5,伊藤信太郎,男,1953/5/6 0:00,7,自,麻,志公会,前,公
49,2021,id02_04_04,宮城県４区,-,3,30047,22.7,舩山由美,女,1968/4/22 0:00,,共,,,新,
49,2021,id02_04_04,宮城県４区,比当,2,27451,20.8,早坂敦,男,1971/3/11 0:00,,維,,,新,
49,2021,id02_04_05,宮城県５区,当,1,81033,56.9,安住淳,男,1962/1/17 0:00,9,立,無,,前,
49,2021,id02_04_05,宮城県５区,-,3,61410,43.1,森下千里,女,1981/9/1 0:00,,自,,,新,公
49,2021,id02_04_06,宮城県６区,当,1,119555,83.2,小野寺五典,男,1960/5/5 0:00,8,自,岸,宏池会,前,公
49,2021,id02_04_06,宮城県６区,-,3,24072,16.8,内藤隆司,男,1958/8/13 0:00,,共,,,新,
49,2021,id02_05_01,秋田県１区,当,1,77960,51.9,冨樫博之,男,1955/4/27 0:00,4,自,石破,水月会,前,公
49,2021,id02_05_01,秋田県１区,比当,2,72366,48.1,寺田学,男,1976/9/20 0:00,,立,旧希,,前,
49,2021,id02_05_02,秋田県２区,当,1,81845,52.5,緑川貴士,男,1985/1/10 0:00,2,立,旧希,,前,
49,2021,id02_05_02,秋田県２区,比当,2,73945,47.5,金田勝年,男,1949/10/4 0:00,,自,二,志帥会,前,公
49,2021,id02_05_03,秋田県３区,当,1,134734,77.9,御法川信英,男,1964/5/25 0:00,6,自,麻,志公会,前,公
49,2021,id02_05_03,秋田県３区,-,3,38118,22.1,杉山彰,男,1965/12/4 0:00,,共,,,新,
49,2021,id02_06_01,山形県１区,当,1,110688,60,遠藤利明,男,1950/1/17 0:00,9,自,,,前,公
49,2021,id02_06_01,山形県１区,-,3,73872,40,原田和広,男,1973/4/5 0:00,,立,,,新,
49,2021,id02_06_02,山形県２区,当,1,125992,61.8,鈴木憲和,男,1982/1/30 0:00,4,自,竹,平成研,前,公
49,2021,id02_06_02,山形県２区,-,3,77742,38.2,加藤健一,男,1980/11/18 0:00,,国,,,新,
49,2021,id02_06_03,山形県３区,当,1,108558,58.1,加藤鮎子,女,1979/4/19 0:00,3,自,,,前,公
49,2021,id02_06_03,山形県３区,-,3,66320,35.5,阿部ひとみ,女,1960/12/12 0:00,,無,,,新,
49,2021,id02_06_03,山形県３区,-,3,12100,6.5,梅木威,男,1959/1/21 0:00,,共,,,新,
49,2021,id02_07_01,福島県１区,当,1,123620,51.1,金子恵美,女,1978/2/27 0:00,3,立,無,,前,
49,2021,id02_07_01,福島県１区,比当,2,118074,48.9,亀岡偉民,男,1955/9/10 0:00,,自,細,清和会,前,公
49,2021,id02_07_02,福島県２区,当,1,102638,54.6,根本匠,男,1951/3/7 0:00,9,自,岸,宏池会,前,公
49,2021,id02_07_02,福島県２区,比当,2,85501,45.4,馬場雄基,男,1992/10/15 0:00,,立,,,新,
49,2021,id02_07_03,福島県３区,当,1,90457,54.2,玄葉光一郎,男,1964/5/20 0:00,10,立,無,,前,
49,2021,id02_07_03,福島県３区,比当,2,76302,45.8,上杉謙太郎,男,1975/4/20 0:00,,自,細,清和会,前,公
49,2021,id02_07_04,福島県４区,当,1,76683,51,小熊慎司,男,1968/6/16 0:00,4,立,旧希,,前,
49,2021,id02_07_04,福島県４区,比当,2,73784,49,菅家一郎,男,1955/5/20 0:00,,自,細,清和会,前,公
49,2021,id02_07_05,福島県５区,当,1,93325,62.7,吉野正芳,男,1948/8/8 0:00,8,自,細,清和会,前,公
49,2021,id02_07_05,福島県５区,-,3,55619,37.3,熊谷智,男,1979/10/30 0:00,,共,,,新,
49,2021,id03_08_01,茨城県１区,当,1,105072,52.1,福島伸享,男,1970/8/8 0:00,3,無,旧希,,元,
49,2021,id03_08_01,茨城県１区,比当,2,96791,47.9,田所嘉徳,男,1954/1/19 0:00,,自,石破,水月会,前,公
49,2021,id03_08_02,茨城県２区,当,1,110831,64.5,額賀福志郎,男,1944/1/11 0:00,13,自,竹,平成研,前,公
49,2021,id03_08_02,茨城県２区,-,3,61103,35.5,藤田幸久,男,1950/4/19 0:00,,立,民,,元,
49,2021,id03_08_03,茨城県３区,当,1,109448,53.6,葉梨康弘,男,1959/10/12 0:00,6,自,岸,宏池会,前,公
49,2021,id03_08_03,茨城県３区,-,3,63674,31.2,梶岡博樹,男,1977/8/19 0:00,,立,,,新,
49,2021,id03_08_03,茨城県３区,-,3,31100,15.2,岸野智康,男,1994/9/21 0:00,,維,,,新,
49,2021,id03_08_04,茨城県４区,当,1,98254,70.5,梶山弘志,男,1955/10/18 0:00,8,自,,,前,公
49,2021,id03_08_04,茨城県４区,-,3,25162,18,武藤優子,女,1964/9/27 0:00,,維,,,新,
49,2021,id03_08_04,茨城県４区,-,3,16018,11.5,大内久美子,女,1949/8/14 0:00,,共,,,新,
49,2021,id03_08_05,茨城県５区,当,1,61373,48.5,浅野哲,男,1982/9/25 0:00,2,国,旧希,,前,
49,2021,id03_08_05,茨城県５区,比当,2,53878,42.6,石川昭政,男,1972/9/18 0:00,,自,,,前,
49,2021,id03_08_05,茨城県５区,-,3,8061,6.4,飯田美弥子,女,1960/4/6 0:00,,共,,,新,
49,2021,id03_08_05,茨城県５区,-,3,3248,2.6,田村弘,男,1971/12/3 0:00,,無,,,新,
49,2021,id03_08_06,茨城県６区,当,1,125703,52.5,国光文乃,女,1979/3/20 0:00,2,自,岸,宏池会,前,公
49,2021,id03_08_06,茨城県６区,比当,2,113570,47.5,青山大人,男,1979/1/24 0:00,,立,旧希,,前,
49,2021,id03_08_07,茨城県７区,当,1,74362,46.5,永岡桂子,女,1953/12/8 0:00,6,自,麻,志公会,前,公
49,2021,id03_08_07,茨城県７区,比当,2,70843,44.3,中村喜四郎,男,1949/4/10 0:00,,立,無,,前,
49,2021,id03_08_07,茨城県７区,-,3,14683,9.2,水梨伸晃,男,1978/12/31 0:00,,維,,,新,
49,2021,id03_09_01,栃木県１区,当,1,102870,46.2,船田元,男,1953/11/22 0:00,13,自,竹,平成研,前,公
49,2021,id03_09_01,栃木県１区,-,3,66700,29.9,渡辺典喜,男,1983/2/14 0:00,,立,,,新,
49,2021,id03_09_01,栃木県１区,-,3,43935,19.7,柏倉祐司,男,1969/4/10 0:00,,維,旧希,,元,
49,2021,id03_09_01,栃木県１区,-,3,9393,4.2,青木弘,男,1961/1/15 0:00,,共,,,新,
49,2021,id03_09_02,栃木県２区,当,1,73593,53.4,福田昭夫,男,1948/4/17 0:00,6,立,無,,前,
49,2021,id03_09_02,栃木県２区,比当,2,64253,46.6,五十嵐清,男,1969/12/14 0:00,,自,,,新,公
49,2021,id03_09_03,栃木県３区,当,1,82398,67.4,簗和生,男,1979/4/22 0:00,4,自,細,清和会,前,公
49,2021,id03_09_03,栃木県３区,-,3,39826,32.6,伊賀央,男,1964/6/26 0:00,,立,,,新,
49,2021,id03_09_04,栃木県４区,当,1,111863,51.1,佐藤勉,男,1952/6/20 0:00,9,自,麻,志公会,前,公
49,2021,id03_09_04,栃木県４区,比当,2,107043,48.9,藤岡隆雄,男,1977/3/28 0:00,,立,,,新,
49,2021,id03_09_05,栃木県５区,当,1,108380,77.4,茂木敏充,男,1955/10/7 0:00,10,自,竹,平成研,前,公
49,2021,id03_09_05,栃木県５区,-,3,31713,22.6,岡村恵子,女,1953/8/27 0:00,,共,,,新,
49,2021,id03_10_01,群馬県１区,当,1,110244,56.3,中曽根康隆,男,1982/1/19 0:00,2,自,二,志帥会,前,公
49,2021,id03_10_01,群馬県１区,-,3,42529,21.7,宮崎岳志,男,1970/2/14 0:00,,維,旧希,,元,
49,2021,id03_10_01,群馬県１区,-,3,24072,12.3,斎藤敦子,女,1967/11/19 0:00,,無,,,新,
49,2021,id03_10_01,群馬県１区,-,3,18917,9.7,店橋世津子,女,1961/7/31 0:00,,共,,,新,
49,2021,id03_10_02,群馬県２区,当,1,88799,54,井野俊郎,男,1980/1/8 0:00,4,自,竹,平成研,前,公
49,2021,id03_10_02,群馬県２区,-,3,50325,30.6,堀越啓仁,男,1980/3/28 0:00,,立,,,前,
49,2021,id03_10_02,群馬県２区,-,3,25216,15.3,石関貴史,男,1972/2/18 0:00,,無,旧希,,元,
49,2021,id03_10_03,群馬県３区,当,1,86021,54.6,笹川博義,男,1966/8/29 0:00,4,自,竹,平成研,前,公
49,2021,id03_10_03,群馬県３区,-,3,67689,43,長谷川嘉一,男,1952/11/6 0:00,,立,,,前,
49,2021,id03_10_03,群馬県３区,-,3,3737,2.4,説田健二,男,1971/2/19 0:00,,Ｎ,,,新,
49,2021,id03_10_04,群馬県４区,当,1,105359,65,福田達夫,男,1967/3/5 0:00,4,自,細,清和会,前,公
49,2021,id03_10_04,群馬県４区,-,3,56682,35,角倉邦良,男,1960/9/4 0:00,,立,,,新,
49,2021,id03_10_05,群馬県５区,当,1,125702,76.6,小渕優子,女,1973/12/11 0:00,8,自,竹,平成研,前,公
49,2021,id03_10_05,群馬県５区,-,3,38428,23.4,伊藤達也,男,1961/7/6 0:00,,共,,,新,
49,2021,id03_11_01,埼玉県１区,当,1,120856,47.6,村井英樹,男,1980/5/14 0:00,4,自,岸,宏池会,前,公
49,2021,id03_11_01,埼玉県１区,-,3,96690,38.1,武正公一,男,1961/3/23 0:00,,立,旧希,,元,
49,2021,id03_11_01,埼玉県１区,-,3,23670,9.3,吉村豪介,男,1981/3/12 0:00,,維,,,新,
49,2021,id03_11_01,埼玉県１区,-,3,11540,4.5,佐藤真実,女,1983/11/19 0:00,,無,,,新,
49,2021,id03_11_01,埼玉県１区,-,3,1234,0.5,中島徳二,男,1959/9/21 0:00,,無,,,新,
49,2021,id03_11_02,埼玉県２区,当,1,121543,52.8,新藤義孝,男,1958/1/20 0:00,8,自,竹,平成研,前,公
49,2021,id03_11_02,埼玉県２区,比当,2,57327,24.9,高橋英明,男,1963/5/10 0:00,,維,,,新,
49,2021,id03_11_02,埼玉県２区,-,3,51420,22.3,奥田智子,女,1968/12/5 0:00,,共,,,新,
49,2021,id03_11_03,埼玉県３区,当,1,125500,53.6,黄川田仁志,男,1970/10/13 0:00,4,自,,,前,公
49,2021,id03_11_03,埼玉県３区,-,3,100963,43.1,山川百合子,女,1969/8/14 0:00,,立,,,前,
49,2021,id03_11_03,埼玉県３区,-,3,7534,3.2,河合悠祐,男,1981/2/22 0:00,,Ｎ,,,新,
49,2021,id03_11_04,埼玉県４区,当,1,107135,52.3,穂坂泰,男,1974/2/17 0:00,2,自,,,前,公
49,2021,id03_11_04,埼玉県４区,-,3,47863,23.3,浅野克彦,男,1974/9/26 0:00,,国,,,新,
49,2021,id03_11_04,埼玉県４区,-,3,34897,17,工藤薫,女,1949/11/17 0:00,,共,,,新,
49,2021,id03_11_04,埼玉県４区,-,3,11733,5.7,遠藤宣彦,男,1963/6/5 0:00,,無,旧希,,元,
49,2021,id03_11_04,埼玉県４区,-,3,3358,1.6,小笠原洋輝,男,1984/2/26 0:00,,無,,,新,
49,2021,id03_11_05,埼玉県５区,当,1,113615,51.4,枝野幸男,男,1964/5/31 0:00,10,立,,,前,
49,2021,id03_11_05,埼玉県５区,比当,2,107532,48.6,牧原秀樹,男,1971/6/4 0:00,,自,,,前,公
49,2021,id03_11_06,埼玉県６区,当,1,134281,56,大島敦,男,1956/12/21 0:00,8,立,旧希,,前,
49,2021,id03_11_06,埼玉県６区,比当,2,105433,44,中根一幸,男,1969/7/11 0:00,,自,細,清和会,前,公
49,2021,id03_11_07,埼玉県７区,当,1,98958,44.2,中野英幸,男,1961/9/6 0:00,1,自,,,新,公
49,2021,id03_11_07,埼玉県７区,比当,2,93419,41.7,小宮山泰子,女,1965/4/25 0:00,,立,旧希,,前,
49,2021,id03_11_07,埼玉県７区,-,3,31475,14.1,伊勢田享子,女,1977/3/15 0:00,,維,,,新,
49,2021,id03_11_08,埼玉県８区,当,1,104650,51.6,柴山昌彦,男,1965/12/5 0:00,7,自,細,清和会,前,公
49,2021,id03_11_08,埼玉県８区,-,3,98102,48.4,小野塚勝俊,男,1972/5/5 0:00,,無,旧希,,元,
49,2021,id03_11_09,埼玉県９区,当,1,117002,53.4,大塚拓,男,1973/6/14 0:00,5,自,細,清和会,前,公
49,2021,id03_11_09,埼玉県９区,-,3,80756,36.8,杉村慎治,男,1976/6/15 0:00,,立,,,新,
49,2021,id03_11_09,埼玉県９区,-,3,21464,9.8,神田三春,女,1954/8/24 0:00,,共,,,新,
49,2021,id03_11_10,埼玉県１０区,当,1,96153,51.6,山口晋,男,1983/7/28 0:00,1,自,,,新,公
49,2021,id03_11_10,埼玉県１０区,比当,2,90214,48.4,坂本祐之輔,男,1955/1/30 0:00,,立,旧希,,元,
49,2021,id03_11_11,埼玉県１１区,当,1,111810,61.9,小泉龍司,男,1952/9/17 0:00,7,自,二,志帥会,前,公
49,2021,id03_11_11,埼玉県１１区,-,3,49094,27.2,島田誠,男,1958/5/10 0:00,,立,,,新,
49,2021,id03_11_11,埼玉県１１区,-,3,19619,10.9,小山森也,男,1991/9/23 0:00,,共,,,新,
49,2021,id03_11_12,埼玉県１２区,当,1,102627,51,森田俊和,男,1974/9/19 0:00,2,立,旧希,,前,
49,2021,id03_11_12,埼玉県１２区,比当,2,98493,49,野中厚,男,1976/11/17 0:00,,自,竹,平成研,前,公
49,2021,id03_11_13,埼玉県１３区,当,1,101149,49.4,土屋品子,女,1952/2/9 0:00,8,自,,,前,公
49,2021,id03_11_13,埼玉県１３区,-,3,86923,42.5,三角創太,男,1987/12/16 0:00,,立,,,新,
49,2021,id03_11_13,埼玉県１３区,-,3,16622,8.1,赤岸雅治,男,1961/3/15 0:00,,共,,,新,
49,2021,id03_11_14,埼玉県１４区,当,1,111262,51.6,三ツ林裕巳,男,1955/9/7 0:00,4,自,細,清和会,前,公
49,2021,id03_11_14,埼玉県１４区,比当,2,71460,33.1,鈴木義弘,男,1962/11/10 0:00,,国,旧希,,元,
49,2021,id03_11_14,埼玉県１４区,-,3,33062,15.3,田村勉,男,1948/1/28 0:00,,共,,,新,
49,2021,id03_11_15,埼玉県１５区,当,1,102023,45.9,田中良生,男,1963/11/11 0:00,5,自,,,前,公
49,2021,id03_11_15,埼玉県１５区,-,3,71958,32.4,高木錬太郎,男,1972/7/21 0:00,,立,,,前,
49,2021,id03_11_15,埼玉県１５区,比当,2,48434,21.8,沢田良,男,1979/9/27 0:00,,維,,,新,
49,2021,id04_12_01,千葉県１区,当,1,128556,56.3,田嶋要,男,1961/9/22 0:00,7,立,旧希,,前,
49,2021,id04_12_01,千葉県１区,比当,2,99895,43.7,門山宏哲,男,1964/9/3 0:00,,自,石破,水月会,前,公
49,2021,id04_12_02,千葉県２区,当,1,153017,62,小林鷹之,男,1974/11/29 0:00,4,自,二,志帥会,前,公
49,2021,id04_12_02,千葉県２区,-,3,69583,28.2,黒田雄,男,1959/3/22 0:00,,立,,,元,
49,2021,id04_12_02,千葉県２区,-,3,24052,9.8,寺尾賢,男,1976/7/1 0:00,,共,,,新,
49,2021,id04_12_03,千葉県３区,当,1,106500,61.9,松野博一,男,1962/9/13 0:00,8,自,細,清和会,前,公
49,2021,id04_12_03,千葉県３区,-,3,65627,38.1,岡島一正,男,1957/11/3 0:00,,立,,,前,
49,2021,id04_12_04,千葉県４区,当,1,154412,64.5,野田佳彦,男,1957/5/20 0:00,9,立,無,,前,
49,2021,id04_12_04,千葉県４区,-,3,84813,35.5,木村哲也,男,1969/7/6 0:00,,自,,,前,公
49,2021,id04_12_05,千葉県５区,当,1,111985,47,薗浦健太郎,男,1972/6/3 0:00,5,自,麻,志公会,前,公
49,2021,id04_12_05,千葉県５区,-,3,69887,29.3,矢崎堅太郎,男,1967/9/29 0:00,,立,,,新,
49,2021,id04_12_05,千葉県５区,-,3,32241,13.5,椎木保,男,1966/7/4 0:00,,維,,,元,
49,2021,id04_12_05,千葉県５区,-,3,24307,10.2,鴇田敦,男,1966/8/12 0:00,,国,,,新,
49,2021,id04_12_06,千葉県６区,当,1,80764,42.5,渡辺博道,男,1950/8/3 0:00,8,自,竹,平成研,前,公
49,2021,id04_12_06,千葉県６区,比当,2,48829,25.7,藤巻健太,男,1983/10/7 0:00,,維,,,新,
49,2021,id04_12_06,千葉県６区,-,3,32444,17.1,浅野史子,女,1970/8/14 0:00,,共,,,新,
49,2021,id04_12_06,千葉県６区,-,3,28083,14.8,生方幸夫,男,1947/10/31 0:00,,無,,,前,
49,2021,id04_12_07,千葉県７区,当,1,127548,55,斎藤健,男,1959/6/14 0:00,5,自,石破,水月会,前,公
49,2021,id04_12_07,千葉県７区,-,3,71048,30.6,竹内千春,女,1968/7/4 0:00,,立,,,新,
49,2021,id04_12_07,千葉県７区,-,3,28594,12.3,内山晃,男,1954/3/3 0:00,,維,旧希,,元,
49,2021,id04_12_07,千葉県７区,-,3,4749,2,渡辺晋宏,男,1985/9/18 0:00,,Ｎ,,,新,
49,2021,id04_12_08,千葉県８区,当,1,135125,59.7,本庄知史,男,1974/10/22 0:00,1,立,,,新,
49,2021,id04_12_08,千葉県８区,比当,2,81556,36,桜田義孝,男,1949/12/20 0:00,,自,二,志帥会,前,公
49,2021,id04_12_08,千葉県８区,-,3,9845,4.3,宮岡進一郎,男,1941/10/26 0:00,,無,,,新,
49,2021,id04_12_09,千葉県９区,当,1,107322,51.1,奥野総一郎,男,1964/7/15 0:00,5,立,旧希,,前,
49,2021,id04_12_09,千葉県９区,比当,2,102741,48.9,秋本真利,男,1975/8/10 0:00,,自,,,前,公
49,2021,id04_12_10,千葉県１０区,当,1,83822,47.3,林幹雄,男,1947/1/3 0:00,10,自,二,志帥会,前,公
49,2021,id04_12_10,千葉県１０区,比当,2,80971,45.7,谷田川元,男,1963/1/17 0:00,,立,旧希,,前,
49,2021,id04_12_10,千葉県１０区,-,3,10272,5.8,梓まり,女,1971/2/21 0:00,,諸,,,新,
49,2021,id04_12_10,千葉県１０区,-,3,2173,1.2,今留尚人,男,1965/6/1 0:00,,無,,,新,
49,2021,id04_12_11,千葉県１１区,当,1,110538,64.4,森英介,男,1948/8/31 0:00,11,自,麻,志公会,前,公
49,2021,id04_12_11,千葉県１１区,-,3,30557,17.8,椎名史明,男,1957/5/30 0:00,,共,,,新,
49,2021,id04_12_11,千葉県１１区,比当,2,30432,17.7,多ケ谷亮,男,1968/11/25 0:00,,れ,,,新,
49,2021,id04_12_12,千葉県１２区,当,1,123210,64,浜田靖一,男,1955/10/21 0:00,10,自,,,前,公
49,2021,id04_12_12,千葉県１２区,-,3,56747,29.5,樋高剛,男,1965/11/24 0:00,,立,旧希,,元,
49,2021,id04_12_12,千葉県１２区,-,3,12530,6.5,葛原茂,男,1951/5/25 0:00,,共,,,新,
49,2021,id04_12_13,千葉県１３区,当,1,100227,45.1,松本尚,男,1962/6/3 0:00,1,自,,,新,公
49,2021,id04_12_13,千葉県１３区,-,3,79687,35.8,宮川伸,男,1970/6/29 0:00,,立,,,前,
49,2021,id04_12_13,千葉県１３区,-,3,42473,19.1,清水聖士,男,1960/11/26 0:00,,維,,,新,
49,2021,id04_14_01,神奈川県１区,当,1,100118,45,篠原豪,男,1975/2/12 0:00,3,立,,,前,
49,2021,id04_14_01,神奈川県１区,-,3,76064,34.2,松本純,男,1950/4/11 0:00,,無,自,,前,
49,2021,id04_14_01,神奈川県１区,比当,2,46271,20.8,浅川義治,男,1968/2/23 0:00,,維,,,新,
49,2021,id04_14_02,神奈川県２区,当,1,146166,61.1,菅義偉,男,1948/12/6 0:00,9,自,,,前,公
49,2021,id04_14_02,神奈川県２区,-,3,92880,38.9,岡本英子,女,1964/9/19 0:00,,立,,,元,
49,2021,id04_14_03,神奈川県３区,当,1,119199,52.5,中西健治,男,1964/1/4 0:00,1,自,麻,志公会,新,公
49,2021,id04_14_03,神奈川県３区,-,3,68457,30.2,小林丈人,男,1971/7/8 0:00,,立,,,新,
49,2021,id04_14_03,神奈川県３区,-,3,23310,10.3,木佐木忠晶,男,1984/7/8 0:00,,共,,,新,
49,2021,id04_14_03,神奈川県３区,-,3,15908,7,藤村晃子,女,1973/5/26 0:00,,無,,,新,
49,2021,id04_14_04,神奈川県４区,当,1,66841,33,早稲田夕季,女,1958/12/6 0:00,2,立,,,前,
49,2021,id04_14_04,神奈川県４区,-,3,63687,31.5,浅尾慶一郎,男,1964/2/11 0:00,,無,,,元,
49,2021,id04_14_04,神奈川県４区,比当,2,47511,23.5,山本朋広,男,1975/6/20 0:00,,自,,,前,公
49,2021,id04_14_04,神奈川県４区,-,3,16559,8.2,高谷清彦,男,1978/11/23 0:00,,維,,,新,
49,2021,id04_14_04,神奈川県４区,-,3,7790,3.8,大西恒樹,男,1964/2/29 0:00,,無,,,新,
49,2021,id04_14_05,神奈川県５区,当,1,136288,53.5,坂井学,男,1965/9/4 0:00,5,自,,,前,公
49,2021,id04_14_05,神奈川県５区,比当,2,118619,46.5,山崎誠,男,1962/11/22 0:00,,立,,,前,
49,2021,id04_14_06,神奈川県６区,当,1,92405,44.3,古川直季,男,1968/8/31 0:00,1,自,,,新,公
49,2021,id04_14_06,神奈川県６区,比当,2,87880,42.1,青柳陽一郎,男,1969/8/29 0:00,,立,,,前,れ
49,2021,id04_14_06,神奈川県６区,-,3,28214,13.5,串田誠一,男,1958/6/20 0:00,,維,,,前,
49,2021,id04_14_07,神奈川県７区,当,1,128870,50.9,鈴木馨祐,男,1977/2/9 0:00,5,自,麻,志公会,前,公
49,2021,id04_14_07,神奈川県７区,比当,2,124524,49.1,中谷一馬,男,1983/8/30 0:00,,立,,,前,れ
49,2021,id04_14_08,神奈川県８区,当,1,130925,52.6,江田憲司,男,1956/4/28 0:00,7,立,無,,前,
49,2021,id04_14_08,神奈川県８区,比当,2,117963,47.4,三谷英弘,男,1976/6/28 0:00,,自,,,前,公
49,2021,id04_14_09,神奈川県９区,当,1,83847,42.4,笠浩史,男,1965/1/3 0:00,7,立,旧希,,前,
49,2021,id04_14_09,神奈川県９区,比当,2,68918,34.9,中山展宏,男,1968/9/16 0:00,,自,麻,志公会,前,公
49,2021,id04_14_09,神奈川県９区,-,3,24547,12.4,吉田大成,男,1969/11/12 0:00,,維,,,新,
49,2021,id04_14_09,神奈川県９区,-,3,20432,10.3,斎藤温,女,1990/11/29 0:00,,共,,,新,
49,2021,id04_14_10,神奈川県１０区,当,1,104832,41.4,田中和徳,男,1949/1/21 0:00,9,自,麻,志公会,前,公
49,2021,id04_14_10,神奈川県１０区,比当,2,69594,27.5,金村龍那,男,1979/4/6 0:00,,維,,,新,
49,2021,id04_14_10,神奈川県１０区,-,3,48839,19.3,畑野君枝,女,1957/1/19 0:00,,共,,,前,
49,2021,id04_14_10,神奈川県１０区,比当,2,30013,11.8,鈴木敦,男,1988/12/15 0:00,,国,,,新,
49,2021,id04_14_11,神奈川県１１区,当,1,147634,79.2,小泉進次郎,男,1981/4/14 0:00,5,自,,,前,
49,2021,id04_14_11,神奈川県１１区,-,3,38843,20.8,林伸明,男,1966/3/24 0:00,,共,,,新,
49,2021,id04_14_12,神奈川県１２区,当,1,95013,42.4,阿部知子,女,1948/4/24 0:00,8,立,,,前,
49,2021,id04_14_12,神奈川県１２区,比当,2,91159,40.7,星野剛士,男,1963/8/8 0:00,,自,,,前,公
49,2021,id04_14_12,神奈川県１２区,-,3,37753,16.9,水戸将史,男,1962/7/28 0:00,,維,,,元,
49,2021,id04_14_13,神奈川県１３区,当,1,130124,51.1,太栄志,男,1977/4/27 0:00,1,立,,,新,
49,2021,id04_14_13,神奈川県１３区,比当,2,124595,48.9,甘利明,男,1949/8/27 0:00,,自,麻,志公会,前,公
49,2021,id04_14_14,神奈川県１４区,当,1,135197,53.8,赤間二郎,男,1968/3/27 0:00,5,自,麻,志公会,前,公
49,2021,id04_14_14,神奈川県１４区,-,3,116273,46.2,長友克洋,男,1970/12/29 0:00,,立,,,新,
49,2021,id04_14_15,神奈川県１５区,当,1,210515,79.3,河野太郎,男,1963/1/10 0:00,9,自,麻,志公会,前,公
49,2021,id04_14_15,神奈川県１５区,-,3,46312,17.5,佐々木克己,男,1955/3/26 0:00,,社,,,新,
49,2021,id04_14_15,神奈川県１５区,-,3,8565,3.2,渡辺マリコ,女,1976/7/26 0:00,,Ｎ,,,新,
49,2021,id04_14_16,神奈川県１６区,当,1,137558,54.6,後藤祐一,男,1969/3/25 0:00,5,立,旧希,,前,
49,2021,id04_14_16,神奈川県１６区,比当,2,114396,45.4,義家弘介,男,1971/3/31 0:00,,自,細,清和会,前,公
49,2021,id04_14_17,神奈川県１７区,当,1,131284,55.3,牧島かれん,女,1976/11/1 0:00,4,自,麻,志公会,前,公
49,2021,id04_14_17,神奈川県１７区,-,3,89837,37.9,神山洋介,男,1975/5/24 0:00,,立,旧希,,元,
49,2021,id04_14_17,神奈川県１７区,-,3,16202,6.8,山田正,男,1951/1/2 0:00,,共,,,新,
49,2021,id04_14_18,神奈川県１８区,当,1,120365,47.7,山際大志郎,男,1968/9/12 0:00,6,自,麻,志公会,前,公
49,2021,id04_14_18,神奈川県１８区,-,3,90390,35.8,三村和也,男,1975/9/9 0:00,,立,旧希,,元,
49,2021,id04_14_18,神奈川県１８区,-,3,41562,16.5,横田光弘,男,1957/11/24 0:00,,維,,,新,
49,2021,id04_19_01,山梨県１区,当,1,125325,50.5,中谷真一,男,1976/9/30 0:00,4,自,竹,平成研,前,公
49,2021,id04_19_01,山梨県１区,比当,2,118223,47.6,中島克仁,男,1967/9/27 0:00,,立,無,,前,
49,2021,id04_19_01,山梨県１区,-,3,4826,1.9,辺見信介,男,1964/3/24 0:00,,Ｎ,,,新,
49,2021,id04_19_02,山梨県２区,当,1,109036,67.9,堀内詔子,女,1965/10/28 0:00,4,自,岸,宏池会,前,公
49,2021,id04_19_02,山梨県２区,-,3,44441,27.7,市来伴子,女,1977/8/2 0:00,,立,,,新,
49,2021,id04_19_02,山梨県２区,-,3,7027,4.4,大久保令子,女,1950/3/13 0:00,,共,,,新,
49,2021,id05_13_01,東京１区,当,1,99133,39,山田美樹,女,1974/3/15 0:00,4,自,細,清和会,前,公
49,2021,id05_13_01,東京１区,比当,2,90043,35.4,海江田万里,男,1949/2/26 0:00,,立,,,前,
49,2021,id05_13_01,東京１区,比当,2,60230,23.7,小野泰輔,男,1974/4/20 0:00,,維,,,新,
49,2021,id05_13_01,東京１区,-,3,4715,1.9,内藤久遠,男,1957/2/1 0:00,,無,,,新,
49,2021,id05_13_02,東京２区,当,1,119281,43.4,辻清人,男,1979/9/7 0:00,4,自,岸,宏池会,前,公
49,2021,id05_13_02,東京２区,-,3,90422,32.9,松尾明弘,男,1975/1/25 0:00,,立,,,前,
49,2021,id05_13_02,東京２区,-,3,45754,16.7,木内孝胤,男,1966/8/30 0:00,,維,旧希,,元,
49,2021,id05_13_02,東京２区,-,3,14487,5.3,北村造,男,1983/8/21 0:00,,れ,,,新,
49,2021,id05_13_02,東京２区,-,3,4659,1.7,出口紳一郎,男,1972/12/27 0:00,,無,,,新,
49,2021,id05_13_03,東京３区,当,1,124961,45.9,松原仁,男,1956/7/31 0:00,8,立,旧希,,前,
49,2021,id05_13_03,東京３区,比当,2,116753,42.9,石原宏高,男,1964/6/19 0:00,,自,石原,近未来,前,公
49,2021,id05_13_03,東京３区,-,3,30648,11.3,香西克介,男,1976/3/25 0:00,,共,,,新,
49,2021,id05_13_04,東京４区,当,1,128708,51.5,平将明,男,1967/2/21 0:00,6,自,石破,水月会,前,公
49,2021,id05_13_04,東京４区,-,3,62286,24.9,谷川智行,男,1971/2/20 0:00,,共,,,新,
49,2021,id05_13_04,東京４区,-,3,58891,23.6,林智興,男,1976/3/24 0:00,,維,,,新,
49,2021,id05_13_05,東京５区,当,1,111246,41,手塚仁雄,男,1966/9/14 0:00,5,立,,,前,れ
49,2021,id05_13_05,東京５区,比当,2,105842,39,若宮健嗣,男,1961/9/2 0:00,,自,竹,平成研,前,公
49,2021,id05_13_05,東京５区,-,3,54363,20,田淵正文,男,1958/6/25 0:00,,維,,,新,
49,2021,id05_13_06,東京６区,当,1,110169,40.1,落合貴之,男,1979/8/17 0:00,3,立,,,前,れ
49,2021,id05_13_06,東京６区,比当,2,105186,38.3,越智隆雄,男,1964/2/27 0:00,,自,細,清和会,前,公
49,2021,id05_13_06,東京６区,-,3,59490,21.6,碓井梨恵,女,1985/7/17 0:00,,維,,,新,
49,2021,id05_13_07,東京７区,当,1,124541,49.2,長妻昭,男,1960/6/14 0:00,8,立,,,前,
49,2021,id05_13_07,東京７区,-,3,81087,32.1,松本文明,男,1949/3/25 0:00,,自,細,清和会,前,公
49,2021,id05_13_07,東京７区,-,3,37781,14.9,辻健太郎,男,1986/5/4 0:00,,維,,,新,
49,2021,id05_13_07,東京７区,-,3,5665,2.2,込山洋,男,1973/12/18 0:00,,無,,,新,
49,2021,id05_13_07,東京７区,-,3,3822,1.5,猪野恵司,男,1983/10/19 0:00,,Ｎ,,,新,
49,2021,id05_13_08,東京８区,当,1,137341,48.4,吉田晴美,女,1972/1/1 0:00,1,立,,,新,れ
49,2021,id05_13_08,東京８区,-,3,105381,37.2,石原伸晃,男,1957/4/19 0:00,,自,石原,近未来,前,
49,2021,id05_13_08,東京８区,-,3,40763,14.4,笠谷圭司,男,1979/11/10 0:00,,維,,,新,
49,2021,id05_13_09,東京９区,当,1,109489,40.9,山岸一生,男,1981/8/28 0:00,1,立,,,新,
49,2021,id05_13_09,東京９区,-,3,95284,35.6,安藤高夫,男,1959/4/1 0:00,,自,細,清和会,前,公
49,2021,id05_13_09,東京９区,-,3,47842,17.9,南純,男,1983/1/25 0:00,,維,,,新,
49,2021,id05_13_09,東京９区,-,3,15091,5.6,小林興起,男,1944/1/1 0:00,,諸,,,元,
49,2021,id05_13_10,東京１０区,当,1,115122,43.8,鈴木隼人,男,1977/8/8 0:00,3,自,竹,平成研,前,公
49,2021,id05_13_10,東京１０区,比当,2,107920,41.1,鈴木庸介,男,1975/11/21 0:00,,立,,,新,れ
49,2021,id05_13_10,東京１０区,-,3,30574,11.6,藤川隆史,男,1956/9/3 0:00,,維,,,新,
49,2021,id05_13_10,東京１０区,-,3,4684,1.8,小山徹,男,1975/5/4 0:00,,無,,,新,
49,2021,id05_13_10,東京１０区,-,3,4552,1.7,沢口祐司,男,1954/8/16 0:00,,諸,,,新,
49,2021,id05_13_11,東京１１区,当,1,122465,50,下村博文,男,1954/5/23 0:00,9,自,細,清和会,前,公
49,2021,id05_13_11,東京１１区,-,3,87635,35.8,阿久津幸彦,男,1956/6/26 0:00,,立,,,前,
49,2021,id05_13_11,東京１１区,-,3,29304,12,西之原修斗,男,1994/4/16 0:00,,共,,,新,
49,2021,id05_13_11,東京１１区,-,3,5639,2.3,桑島康文,男,1961/7/12 0:00,,無,,,新,
49,2021,id05_13_12,東京１２区,当,1,101020,39.9,岡本三成,男,1965/5/5 0:00,4,公,,,前,自・れ
49,2021,id05_13_12,東京１２区,比当,2,80323,31.7,阿部司,男,1982/6/18 0:00,,維,,,新,
49,2021,id05_13_12,東京１２区,-,3,71948,28.4,池内沙織,女,1982/9/15 0:00,,共,,,元,れ
49,2021,id05_13_13,東京１３区,当,1,115669,49.3,土田慎,男,1990/10/30 0:00,1,自,,,新,公
49,2021,id05_13_13,東京１３区,-,3,78665,33.5,北條智彦,男,1982/11/24 0:00,,立,,,新,
49,2021,id05_13_13,東京１３区,-,3,30204,12.9,沢田真吾,男,1985/10/26 0:00,,共,,,新,
49,2021,id05_13_13,東京１３区,-,3,5985,2.6,渡辺秀高,男,1970/11/10 0:00,,無,,,新,
49,2021,id05_13_13,東京１３区,-,3,4039,1.7,橋本孫美,男,1977/4/25 0:00,,無,,,新,
49,2021,id05_13_14,東京１４区,当,1,108681,43.3,松島みどり,女,1956/7/15 0:00,7,自,細,清和会,前,公
49,2021,id05_13_14,東京１４区,-,3,80932,32.2,木村剛司,男,1971/7/9 0:00,,立,維,,元,
49,2021,id05_13_14,東京１４区,-,3,49517,19.7,西村恵美,女,1963/1/28 0:00,,維,,,新,
49,2021,id05_13_14,東京１４区,-,3,5845,2.3,梁本和則,男,1963/8/16 0:00,,無,,,新,
49,2021,id05_13_14,東京１４区,-,3,3364,1.3,竹本秀之,男,1956/2/25 0:00,,無,,,新,
49,2021,id05_13_14,東京１４区,-,3,2772,1.1,大塚紀久雄,男,1940/11/2 0:00,,無,,,新,
49,2021,id05_13_15,東京１５区,当,1,76261,32,柿沢未途,男,1971/1/21 0:00,5,自,（旧希,,前,
49,2021,id05_13_15,東京１５区,-,3,58978,24.7,井戸正枝,女,1965/12/13 0:00,,立,,,元,
49,2021,id05_13_15,東京１５区,-,3,44882,18.8,金沢結衣,女,1990/10/23 0:00,,維,,,新,
49,2021,id05_13_15,東京１５区,-,3,26628,11.2,今村洋史,男,1962/1/28 0:00,,無,（自,,元,自
49,2021,id05_13_15,東京１５区,-,3,17514,7.3,猪野隆,男,1965/1/14 0:00,,無,,,新,
49,2021,id05_13_15,東京１５区,-,3,9449,4,桜井誠,男,1972/2/15 0:00,,諸,,,新,
49,2021,id05_13_15,東京１５区,-,3,4608,1.9,吉田浩司,男,1960/10/17 0:00,,無,,,新,
49,2021,id05_13_16,東京１６区,当,1,88758,38.7,大西英男,男,1946/8/28 0:00,4,自,細,清和会,前,公
49,2021,id05_13_16,東京１６区,-,3,68397,29.8,水野素子,女,1970/4/9 0:00,,立,,,新,
49,2021,id05_13_16,東京１６区,-,3,39290,17.1,中津川博郷,男,1949/4/12 0:00,,維,,,元,
49,2021,id05_13_16,東京１６区,-,3,26819,11.7,太田彩花,女,1995/2/28 0:00,,共,,,新,
49,2021,id05_13_16,東京１６区,-,3,6264,2.7,田中健,男,1977/7/18 0:00,,Ｎ,,,新,
49,2021,id05_13_17,東京１７区,当,1,119384,50.1,平沢勝栄,男,1945/9/4 0:00,9,自,二,志帥会,前,
49,2021,id05_13_17,東京１７区,-,3,52260,22,猪口幸子,女,1956/7/14 0:00,,維,,,新,
49,2021,id05_13_17,東京１７区,-,3,36309,15.3,新井杉生,男,1959/2/10 0:00,,共,,,新,
49,2021,id05_13_17,東京１７区,-,3,30103,12.6,円より子,女,1947/2/10 0:00,,国,（無,,新,
49,2021,id05_13_18,東京１８区,当,1,122091,47.1,菅直人,男,1946/10/10 0:00,14,立,,,前,
49,2021,id05_13_18,東京１８区,比当,2,115881,44.7,長島昭久,男,1962/2/17 0:00,,自,二,志帥会,前,公
49,2021,id05_13_18,東京１８区,-,3,21151,8.2,子安正美,男,1950/9/18 0:00,,無,,,新,
49,2021,id05_13_19,東京１９区,当,1,111267,43,末松義規,男,1956/12/5 0:00,7,立,,,前,
49,2021,id05_13_19,東京１９区,比当,2,109131,42.2,松本洋平,男,1973/8/31 0:00,,自,二,志帥会,前,公
49,2021,id05_13_19,東京１９区,-,3,38182,14.8,山崎英昭,男,1973/1/12 0:00,,維,,,新,
49,2021,id05_13_20,東京２０区,当,1,121621,52.6,木原誠二,男,1970/6/8 0:00,5,自,岸,宏池会,前,公
49,2021,id05_13_20,東京２０区,比当,2,66516,28.8,宮本徹,男,1972/1/22 0:00,,共,,,前,
49,2021,id05_13_20,東京２０区,-,3,43089,18.6,前田順一郎,男,1975/3/2 0:00,,維,,,新,
49,2021,id05_13_21,東京２１区,当,1,112433,45.5,小田原潔,男,1964/5/23 0:00,4,自,細,清和会,前,公
49,2021,id05_13_21,東京２１区,比当,2,99090,40.1,大河原雅子,女,1953/4/8 0:00,,立,,,前,
49,2021,id05_13_21,東京２１区,-,3,35527,14.4,竹田光明,男,1955/8/13 0:00,,維,旧希,,元,
49,2021,id05_13_22,東京２２区,当,1,131351,46.9,伊藤達也,男,1961/7/6 0:00,9,自,,,前,公
49,2021,id05_13_22,東京２２区,-,3,112393,40.1,山花郁夫,男,1967/1/18 0:00,,立,,,前,
49,2021,id05_13_22,東京２２区,-,3,31981,11.4,櫛渕万里,女,1967/10/15 0:00,,れ,（旧希,,元,
49,2021,id05_13_22,東京２２区,-,3,4535,1.6,長谷川洋平,男,1977/1/31 0:00,,Ｎ,,,新,
49,2021,id05_13_23,東京２３区,当,1,133206,51.2,小倉将信,男,1981/5/30 0:00,4,自,二,志帥会,前,公
49,2021,id05_13_23,東京２３区,比当,2,126732,48.8,伊藤俊輔,男,1979/8/5 0:00,,立,旧希,,前,れ
49,2021,id05_13_24,東京２４区,当,1,149152,58.5,萩生田光一,男,1963/8/31 0:00,6,自,細,清和会,前,公
49,2021,id05_13_24,東京２４区,-,3,44546,17.5,佐藤由美,女,1972/1/14 0:00,,国,,,新,
49,2021,id05_13_24,東京２４区,-,3,44474,17.5,吉川穂香,女,1994/11/12 0:00,,共,,,新,
49,2021,id05_13_24,東京２４区,-,3,16590,6.5,朝倉玲子,女,1959/4/15 0:00,,社,,,新,
49,2021,id05_13_25,東京２５区,当,1,131430,59.4,井上信治,男,1969/10/7 0:00,7,自,麻,志公会,前,公
49,2021,id05_13_25,東京２５区,-,3,89991,40.6,島田幸成,男,1968/3/29 0:00,,立,,,新,
49,2021,id06_15_01,新潟県１区,当,1,127365,52.6,西村智奈美,女,1967/1/13 0:00,6,立,,,前,
49,2021,id06_15_01,新潟県１区,比当,2,96591,39.9,塚田一郎,男,1963/12/27 0:00,,自,麻,志公会,新,公
49,2021,id06_15_01,新潟県１区,-,3,18333,7.6,石崎徹,男,1984/1/25 0:00,,維,（自,,元,
49,2021,id06_15_02,新潟県２区,当,1,105426,59.9,細田健一,男,1964/7/11 0:00,4,自,細,清和会,前,公
49,2021,id06_15_02,新潟県２区,-,3,37157,21.1,高倉栄,男,1971/7/3 0:00,,国,,,新,
49,2021,id06_15_02,新潟県２区,-,3,33399,19,平あや子,女,1979/12/14 0:00,,共,,,新,
49,2021,id06_15_03,新潟県３区,当,1,102564,53.6,斎藤洋明,男,1976/12/8 0:00,4,自,麻,志公会,前,公
49,2021,id06_15_03,新潟県３区,-,3,88744,46.4,黒岩宇洋,男,1966/10/13 0:00,,立,無,,前,
49,2021,id06_15_04,新潟県４区,当,1,97494,50.1,菊田真紀子,女,1969/10/24 0:00,7,立,無,,前,
49,2021,id06_15_04,新潟県４区,比当,2,97256,49.9,国定勇人,男,1972/8/30 0:00,,自,,,新,公
49,2021,id06_15_05,新潟県５区,当,1,79447,45,米山隆一,男,1967/9/8 0:00,1,無,,,新,社
49,2021,id06_15_05,新潟県５区,比当,2,60837,34.4,泉田裕彦,男,1962/9/15 0:00,,自,二,志帥会,前,公
49,2021,id06_15_05,新潟県５区,-,3,36422,20.6,森民夫,男,1949/4/9 0:00,,無,,,新,
49,2021,id06_15_06,新潟県６区,当,1,90679,49.6,梅谷守,男,1973/12/9 0:00,1,立,,,新,
49,2021,id06_15_06,新潟県６区,比当,2,90549,49.5,高鳥修一,男,1960/9/29 0:00,,自,細,清和会,前,公
49,2021,id06_15_06,新潟県６区,-,3,1711,0.9,神鳥古賛,男,1968/6/5 0:00,,無,,,新,
49,2021,id06_16_01,富山県１区,当,1,71696,51.8,田畑裕明,男,1973/1/2 0:00,4,自,細,清和会,前,公
49,2021,id06_16_01,富山県１区,比当,2,45411,32.8,吉田豊史,男,1970/4/10 0:00,,維,,,元,
49,2021,id06_16_01,富山県１区,-,3,14563,10.5,西尾政英,男,1961/6/5 0:00,,立,,,新,
49,2021,id06_16_01,富山県１区,-,3,6800,4.9,青山了介,男,1975/3/26 0:00,,共,,,新,
49,2021,id06_16_02,富山県２区,当,1,89341,68.4,上田英俊,男,1965/1/22 0:00,1,自,,,新,公
49,2021,id06_16_02,富山県２区,-,3,41252,31.6,越川康晴,男,1964/3/30 0:00,,立,,,新,
49,2021,id06_16_03,富山県３区,当,1,161818,78.5,橘慶一郎,男,1961/1/23 0:00,5,自,,,前,公
49,2021,id06_16_03,富山県３区,-,3,44214,21.5,坂本洋史,男,1970/7/24 0:00,,共,,,新,
49,2021,id06_17_01,石川県１区,当,1,88321,46.1,小森卓郎,男,1970/5/21 0:00,1,自,,,新,公
49,2021,id06_17_01,石川県１区,-,3,48491,25.3,荒井淳志,男,1994/4/30 0:00,,立,,,新,
49,2021,id06_17_01,石川県１区,-,3,45663,23.9,小林誠,男,1978/4/13 0:00,,維,,,新,
49,2021,id06_17_01,石川県１区,-,3,8930,4.7,亀田良典,男,1948/11/29 0:00,,共,,,新,
49,2021,id06_17_02,石川県２区,当,1,137032,78.4,佐々木紀,男,1974/10/18 0:00,4,自,細,清和会,前,公
49,2021,id06_17_02,石川県２区,-,3,27049,15.5,坂本浩,男,1963/12/25 0:00,,共,,,新,
49,2021,id06_17_02,石川県２区,-,3,10632,6.1,山本保彦,男,1953/8/12 0:00,,無,,,新,
49,2021,id06_17_03,石川県３区,当,1,80692,50.7,西田昭二,男,1969/5/1 0:00,2,自,岸,宏池会,前,公
49,2021,id06_17_03,石川県３区,比当,2,76747,48.3,近藤和也,男,1973/12/12 0:00,,立,旧希,,前,
49,2021,id06_17_03,石川県３区,-,3,1588,1,倉知昭一,男,1936/3/19 0:00,,無,,,新,
49,2021,id06_18_01,福井県１区,当,1,136171,65.5,稲田朋美,女,1959/2/20 0:00,6,自,細,清和会,前,公
49,2021,id06_18_01,福井県１区,-,3,71845,34.5,野田富久,男,1947/9/9 0:00,,立,,,新,
49,2021,id06_18_02,福井県２区,当,1,81705,53.9,高木毅,男,1956/1/16 0:00,8,自,細,清和会,前,公
49,2021,id06_18_02,福井県２区,-,3,69984,46.1,斉木武志,男,1974/5/13 0:00,,立,旧希,,前,
49,2021,id06_20_01,長野県１区,当,1,128423,51.3,若林健太,男,1964/1/11 0:00,1,自,細,清和会,新,公
49,2021,id06_20_01,長野県１区,比当,2,121962,48.7,篠原孝,男,1948/7/17 0:00,,立,無,,前,
49,2021,id06_20_02,長野県２区,当,1,101391,47.5,下条みつ,男,1955/12/29 0:00,5,立,旧希,,前,
49,2021,id06_20_02,長野県２区,比当,2,68958,32.3,務台俊介,男,1956/7/3 0:00,,自,麻,志公会,前,公
49,2021,id06_20_02,長野県２区,-,3,43026,20.2,手塚大輔,男,1982/12/22 0:00,,維,,,新,
49,2021,id06_20_03,長野県３区,当,1,120023,51.5,井出庸生,男,1977/11/21 0:00,4,自,麻,志公会,前,公
49,2021,id06_20_03,長野県３区,比当,2,109179,46.9,神津健,男,1977/1/21 0:00,,立,,,新,
49,2021,id06_20_03,長野県３区,-,3,3722,1.6,池高生,男,1968/9/11 0:00,,Ｎ,,,新,
49,2021,id06_20_04,長野県４区,当,1,86962,62.6,後藤茂之,男,1955/12/9 0:00,7,自,,,前,公
49,2021,id06_20_04,長野県４区,-,3,51922,37.4,長瀬由希子,女,1968/8/6 0:00,,共,,,新,
49,2021,id06_20_05,長野県５区,当,1,97730,54.9,宮下一郎,男,1958/8/1 0:00,6,自,細,清和会,前,公
49,2021,id06_20_05,長野県５区,-,3,80408,45.1,曽我逸郎,男,1955/11/12 0:00,,立,,,新,れ
49,2021,id07_21_01,岐阜県１区,当,1,103805,62.5,野田聖子,女,1960/9/3 0:00,10,自,,,前,公
49,2021,id07_21_01,岐阜県１区,-,3,48629,29.3,川本慧佑,男,1991/10/11 0:00,,立,,,新,
49,2021,id07_21_01,岐阜県１区,-,3,9846,5.9,山越徹,男,1970/5/3 0:00,,共,,,新,
49,2021,id07_21_01,岐阜県１区,-,3,3698,2.2,土田正光,男,1944/8/1 0:00,,諸,,,新,
49,2021,id07_21_02,岐阜県２区,当,1,108755,65.8,棚橋泰文,男,1963/2/11 0:00,9,自,麻,志公会,前,公
49,2021,id07_21_02,岐阜県２区,-,3,40179,24.3,大谷由里子,女,1963/2/21 0:00,,国,,,新,
49,2021,id07_21_02,岐阜県２区,-,3,16374,9.9,三尾圭司,男,1976/7/12 0:00,,共,,,新,
49,2021,id07_21_03,岐阜県３区,当,1,132357,58.6,武藤容治,男,1955/10/18 0:00,5,自,麻,志公会,前,公
49,2021,id07_21_03,岐阜県３区,-,3,93616,41.4,阪口直人,男,1963/6/12 0:00,,立,旧希,,元,
49,2021,id07_21_04,岐阜県４区,当,1,110844,51.2,金子俊平,男,1978/5/28 0:00,2,自,岸,宏池会,前,公
49,2021,id07_21_04,岐阜県４区,-,3,91354,42.2,今井雅人,男,1962/2/21 0:00,,立,旧希,,前,
49,2021,id07_21_04,岐阜県４区,-,3,14171,6.5,佐伯哲也,男,1970/8/30 0:00,,維,,,新,
49,2021,id07_21_05,岐阜県５区,当,1,82140,48.5,古屋圭司,男,1952/11/1 0:00,11,自,,,前,公
49,2021,id07_21_05,岐阜県５区,-,3,68615,40.5,今井瑠々,女,1996/4/4 0:00,,立,,,新,
49,2021,id07_21_05,岐阜県５区,-,3,9921,5.9,山田良司,男,1960/10/5 0:00,,維,,,元,
49,2021,id07_21_05,岐阜県５区,-,3,8736,5.2,小関祥子,女,1953/2/11 0:00,,共,,,新,
49,2021,id07_22_01,静岡県１区,当,1,101868,52.4,上川陽子,女,1953/3/1 0:00,7,自,岸,宏池会,前,公
49,2021,id07_22_01,静岡県１区,-,3,53974,27.7,遠藤行洋,男,1962/1/23 0:00,,立,,,新,
49,2021,id07_22_01,静岡県１区,-,3,21074,10.8,高橋美穂,女,1965/4/18 0:00,,国,旧希,,元,
49,2021,id07_22_01,静岡県１区,-,3,17667,9.1,青山雅幸,男,1962/3/2 0:00,,維,（立,,前,
49,2021,id07_22_02,静岡県２区,当,1,131082,61.1,井林辰憲,男,1976/7/18 0:00,4,自,麻,志公会,前,公
49,2021,id07_22_02,静岡県２区,-,3,71032,33.1,福村隆,男,1963/9/11 0:00,,立,,,新,
49,2021,id07_22_02,静岡県２区,-,3,12396,5.8,山口祐樹,男,1990/7/18 0:00,,共,,,新,
49,2021,id07_22_03,静岡県３区,当,1,112464,52.7,小山展弘,男,1975/12/26 0:00,3,立,無,,元,
49,2021,id07_22_03,静岡県３区,比当,2,100775,47.3,宮沢博行,男,1975/1/10 0:00,,自,細,清和会,前,公
49,2021,id07_22_04,静岡県４区,当,1,84154,53.3,深沢陽一,男,1976/6/21 0:00,2,自,岸,宏池会,前,公
49,2021,id07_22_04,静岡県４区,比当,2,49305,31.2,田中健,男,1977/7/18 0:00,,国,,,新,
49,2021,id07_22_04,静岡県４区,-,3,24441,15.5,中村憲一,男,1974/5/28 0:00,,維,,,新,
49,2021,id07_22_05,静岡県５区,当,1,127580,51.8,細野豪志,男,1971/8/21 0:00,8,無,旧希,,前,
49,2021,id07_22_05,静岡県５区,比当,2,61337,24.9,吉川赳,男,1982/4/7 0:00,,自,岸,宏池会,前,
49,2021,id07_22_05,静岡県５区,-,3,51965,21.1,小野範和,男,1972/12/24 0:00,,立,,,新,
49,2021,id07_22_05,静岡県５区,-,3,5350,2.2,千田光,男,1978/8/16 0:00,,諸,,,新,
49,2021,id07_22_06,静岡県６区,当,1,104178,46.1,勝俣孝明,男,1976/4/7 0:00,4,自,二,志帥会,前,公
49,2021,id07_22_06,静岡県６区,比当,2,99758,44.1,渡辺周,男,1961/12/11 0:00,,立,旧希,,前,
49,2021,id07_22_06,静岡県６区,-,3,22086,9.8,山下洸棋,男,1991/3/15 0:00,,維,,,新,
49,2021,id07_22_07,静岡県７区,当,1,130024,68.2,城内実,男,1965/4/19 0:00,6,自,,,前,公
49,2021,id07_22_07,静岡県７区,-,3,60726,31.8,日吉雄太,男,1968/8/7 0:00,,立,,,前,
49,2021,id07_22_08,静岡県８区,当,1,114210,55.8,源馬謙太郎,男,1972/12/21 0:00,2,立,旧希,,前,
49,2021,id07_22_08,静岡県８区,比当,2,90408,44.2,塩谷立,男,1950/2/18 0:00,,自,細,清和会,前,公
49,2021,id07_23_01,愛知県１区,当,1,94107,48.8,熊田裕通,男,1964/8/28 0:00,4,自,,,前,公
49,2021,id07_23_01,愛知県１区,比当,2,91707,47.6,吉田統彦,男,1974/11/14 0:00,,立,,,前,
49,2021,id07_23_01,愛知県１区,-,3,6988,3.6,門田節代,女,1967/9/3 0:00,,Ｎ,,,新,
49,2021,id07_23_02,愛知県２区,当,1,131397,62.3,古川元久,男,1965/12/6 0:00,9,国,旧希,,前,
49,2021,id07_23_02,愛知県２区,比当,2,79418,37.7,中川貴元,男,1967/2/25 0:00,,自,,,新,公
49,2021,id07_23_03,愛知県３区,当,1,121400,55,近藤昭一,男,1958/5/26 0:00,9,立,,,前,
49,2021,id07_23_03,愛知県３区,比当,2,99489,45,池田佳隆,男,1966/6/20 0:00,,自,細,清和会,前,公
49,2021,id07_23_04,愛知県４区,当,1,78004,43.7,工藤彰三,男,1964/12/8 0:00,4,自,麻,志公会,前,公
49,2021,id07_23_04,愛知県４区,比当,2,72786,40.8,牧義夫,男,1958/1/14 0:00,,立,旧希,,前,
49,2021,id07_23_04,愛知県４区,-,3,27640,15.5,中田千代,女,1967/6/5 0:00,,維,,,新,
49,2021,id07_23_05,愛知県５区,当,1,84320,41.2,神田憲次,男,1963/2/19 0:00,4,自,細,清和会,前,公
49,2021,id07_23_05,愛知県５区,-,3,74995,36.6,西川厚志,男,1969/5/20 0:00,,立,,,新,
49,2021,id07_23_05,愛知県５区,比当,2,45540,22.2,岬麻紀,女,1968/12/26 0:00,,維,,,新,
49,2021,id07_23_06,愛知県６区,当,1,136168,58.3,丹羽秀樹,男,1972/12/20 0:00,6,自,麻,志公会,前,公
49,2021,id07_23_06,愛知県６区,-,3,76912,33,松田功,男,1968/1/24 0:00,,立,,,前,
49,2021,id07_23_06,愛知県６区,-,3,20299,8.7,内田謙,男,1950/8/9 0:00,,共,,,新,
49,2021,id07_23_07,愛知県７区,当,1,144725,54.7,鈴木淳司,男,1958/4/7 0:00,6,自,細,清和会,前,公
49,2021,id07_23_07,愛知県７区,-,3,88914,33.6,森本和義,男,1966/6/16 0:00,,立,旧希,,元,
49,2021,id07_23_07,愛知県７区,-,3,30956,11.7,須山初美,女,1978/10/31 0:00,,共,,,新,
49,2021,id07_23_08,愛知県８区,当,1,121714,50.2,伊藤忠彦,男,1964/7/11 0:00,5,自,二,志帥会,前,公
49,2021,id07_23_08,愛知県８区,比当,2,120649,49.8,伴野豊,男,1961/1/1 0:00,,立,無,,元,
49,2021,id07_23_09,愛知県９区,当,1,120213,52.7,長坂康正,男,1957/4/10 0:00,4,自,麻,志公会,前,公
49,2021,id07_23_09,愛知県９区,-,3,107722,47.3,岡本充功,男,1971/6/18 0:00,,立,旧希,,前,
49,2021,id07_23_10,愛知県１０区,当,1,81107,35,江崎鉄磨,男,1943/9/17 0:00,8,自,二,志帥会,前,公
49,2021,id07_23_10,愛知県１０区,比当,2,62601,27,杉本和巳,男,1960/9/17 0:00,,維,,,前,
49,2021,id07_23_10,愛知県１０区,-,3,53375,23,藤原規真,男,1978/4/3 0:00,,立,,,新,
49,2021,id07_23_10,愛知県１０区,-,3,20989,9.1,安井美沙子,女,1965/9/11 0:00,,れ,（旧希,,新,
49,2021,id07_23_10,愛知県１０区,-,3,13605,5.9,板倉正文,男,1958/4/10 0:00,,共,,,新,
49,2021,id07_23_11,愛知県１１区,当,1,158018,69.1,八木哲也,男,1947/8/10 0:00,4,自,石破,水月会,前,
49,2021,id07_23_11,愛知県１１区,-,3,36788,16.1,本多信弘,男,1975/11/13 0:00,,共,,,新,
49,2021,id07_23_11,愛知県１１区,-,3,33990,14.9,梅村忠司,男,1956/8/2 0:00,,無,,,新,
49,2021,id07_23_12,愛知県１２区,当,1,142536,52.7,重徳和彦,男,1970/12/21 0:00,4,立,無,,前,
49,2021,id07_23_12,愛知県１２区,比当,2,128083,47.3,青山周平,男,1977/4/28 0:00,,自,細,清和会,前,公
49,2021,id07_23_13,愛知県１３区,当,1,134033,52.7,大西健介,男,1971/4/13 0:00,5,立,旧希,,前,
49,2021,id07_23_13,愛知県１３区,比当,2,120203,47.3,石井拓,男,1965/4/11 0:00,,自,,,新,公
49,2021,id07_23_14,愛知県１４区,当,1,114160,63,今枝宗一郎,男,1984/2/18 0:00,4,自,麻,志公会,前,公
49,2021,id07_23_14,愛知県１４区,-,3,59462,32.8,田中克典,男,1974/8/31 0:00,,立,,,新,
49,2021,id07_23_14,愛知県１４区,-,3,7689,4.2,野沢康幸,男,1987/12/23 0:00,,共,,,新,
49,2021,id07_23_15,愛知県１５区,当,1,104204,52.4,根本幸典,男,1965/2/21 0:00,4,自,細,清和会,前,公
49,2021,id07_23_15,愛知県１５区,-,3,80776,40.6,関健一郎,男,1978/8/8 0:00,,立,旧希,,前,
49,2021,id07_23_15,愛知県１５区,-,3,13832,7,菅谷竜,男,1981/3/19 0:00,,れ,,,新,
49,2021,id07_24_01,三重県１区,当,1,122772,63.1,田村憲久,男,1964/12/15 0:00,9,自,石破,水月会,前,公
49,2021,id07_24_01,三重県１区,-,3,64507,33.1,松田直久,男,1954/5/8 0:00,,立,無,,元,
49,2021,id07_24_01,三重県１区,-,3,7329,3.8,山田いずみ,女,1986/9/27 0:00,,Ｎ,,,新,
49,2021,id07_24_02,三重県２区,当,1,110155,50.2,川崎秀人,男,1981/11/4 0:00,1,自,,,新,公
49,2021,id07_24_02,三重県２区,比当,2,109165,49.8,中川正春,男,1950/6/10 0:00,,立,無,,前,
49,2021,id07_24_03,三重県３区,当,1,144688,64.1,岡田克也,男,1953/7/14 0:00,11,立,無,,前,
49,2021,id07_24_03,三重県３区,比当,2,81209,35.9,石原正敬,男,1971/11/29 0:00,,自,,,新,公
49,2021,id07_24_04,三重県４区,当,1,128753,72.4,鈴木英敬,男,1974/8/15 0:00,1,自,,,新,公
49,2021,id07_24_04,三重県４区,-,3,41311,23.2,坊農秀治,男,1972/1/24 0:00,,立,,,新,
49,2021,id07_24_04,三重県４区,-,3,7882,4.4,中川民英,男,1967/9/16 0:00,,共,,,新,
49,2021,id08_25_01,滋賀県１区,当,1,97482,52.2,大岡敏孝,男,1972/4/16 0:00,4,自,二,志帥会,前,公
49,2021,id08_25_01,滋賀県１区,比当,2,84106,45.1,斎藤アレックス,男,1985/6/30 0:00,,国,,,新,
49,2021,id08_25_01,滋賀県１区,-,3,5092,2.7,日高千穂,女,1979/5/8 0:00,,Ｎ,,,新,
49,2021,id08_25_02,滋賀県２区,当,1,83502,56.6,上野賢一郎,男,1965/8/3 0:00,5,自,石原,近未来,前,公
49,2021,id08_25_02,滋賀県２区,-,3,64119,43.4,田島一成,男,1962/6/15 0:00,,立,旧希,,元,
49,2021,id08_25_03,滋賀県３区,当,1,81888,52.8,武村展英,男,1972/1/21 0:00,4,自,,,前,公
49,2021,id08_25_03,滋賀県３区,-,3,41593,26.8,直山仁,男,1972/5/11 0:00,,維,,,新,
49,2021,id08_25_03,滋賀県３区,-,3,20423,13.2,佐藤耕平,男,1982/6/17 0:00,,共,,,新,
49,2021,id08_25_03,滋賀県３区,-,3,11227,7.2,高井崇志,男,1969/9/26 0:00,,れ,（立,,前,
49,2021,id08_25_04,滋賀県４区,当,1,86762,54.6,小寺裕雄,男,1960/9/18 0:00,2,自,二,志帥会,前,公
49,2021,id08_25_04,滋賀県４区,比当,2,72116,45.4,徳永久志,男,1963/6/27 0:00,,立,旧希,,新,
49,2021,id08_26_01,京都府１区,当,1,86238,40.4,勝目康,男,1974/5/17 0:00,1,自,,,新,公
49,2021,id08_26_01,京都府１区,比当,2,65201,30.5,穀田恵二,男,1947/1/11 0:00,,共,,,前,
49,2021,id08_26_01,京都府１区,比当,2,62007,29.1,堀場幸子,女,1979/3/24 0:00,,維,,,新,
49,2021,id08_26_02,京都府２区,当,1,72516,48.9,前原誠司,男,1962/4/30 0:00,10,国,（無,,前,
49,2021,id08_26_02,京都府２区,-,3,43291,29.2,繁本護,男,1972/12/26 0:00,,自,二,志帥会,前,公
49,2021,id08_26_02,京都府２区,-,3,25260,17,地坂拓晃,男,1973/1/26 0:00,,共,,,新,
49,2021,id08_26_02,京都府２区,-,3,7263,4.9,中辰哉,男,1976/6/17 0:00,,れ,,,新,
49,2021,id08_26_03,京都府３区,当,1,89259,48.2,泉健太,男,1974/7/29 0:00,8,立,旧希,,前,
49,2021,id08_26_03,京都府３区,-,3,61674,33.3,木村弥生,女,1965/8/11 0:00,,自,,,前,公
49,2021,id08_26_03,京都府３区,-,3,34288,18.5,井上博明,男,1957/2/1 0:00,,維,,,新,
49,2021,id08_26_04,京都府４区,当,1,96172,44.2,北神圭朗,男,1967/2/1 0:00,4,無,旧希,,元,
49,2021,id08_26_04,京都府４区,比当,2,80775,37.1,田中英之,男,1970/7/11 0:00,,自,,,前,公
49,2021,id08_26_04,京都府４区,-,3,40603,18.7,吉田幸一,男,1974/4/1 0:00,,共,,,新,
49,2021,id08_26_05,京都府５区,当,1,68693,49.4,本田太郎,男,1973/12/1 0:00,2,自,,,前,公
49,2021,id08_26_05,京都府５区,-,3,32108,23.1,山本和嘉子,女,1968/7/18 0:00,,立,,,前,
49,2021,id08_26_05,京都府５区,-,3,21904,15.7,井上一徳,男,1962/7/31 0:00,,無,旧希,,前,
49,2021,id08_26_05,京都府５区,-,3,16375,11.8,山内健,男,1968/2/5 0:00,,共,,,新,
49,2021,id08_26_06,京都府６区,当,1,116111,45.2,山井和則,男,1962/1/6 0:00,8,立,旧希,,前,
49,2021,id08_26_06,京都府６区,-,3,82004,32,清水鴻一郎,男,1946/3/5 0:00,,自,,,元,公
49,2021,id08_26_06,京都府６区,-,3,58487,22.8,中嶋秀樹,男,1971/5/20 0:00,,維,,,新,
49,2021,id08_27_01,大阪府１区,当,1,110120,49.4,井上英孝,男,1971/10/25 0:00,4,維,,,前,
49,2021,id08_27_01,大阪府１区,-,3,67145,30.1,大西宏幸,男,1967/7/15 0:00,,自,岸,宏池会,前,公
49,2021,id08_27_01,大阪府１区,-,3,28477,12.8,村上賀厚,男,1959/7/16 0:00,,立,,,新,
49,2021,id08_27_01,大阪府１区,-,3,17194,7.7,竹内祥倫,男,1981/12/28 0:00,,共,,,新,
49,2021,id08_27_02,大阪府２区,当,1,120913,48.5,守島正,男,1981/7/15 0:00,1,維,,,新,
49,2021,id08_27_02,大阪府２区,-,3,80937,32.5,左藤章,男,1951/7/12 0:00,,自,岸,宏池会,前,公
49,2021,id08_27_02,大阪府２区,-,3,47487,19,尾辻かな子,女,1974/12/16 0:00,,立,,,前,
49,2021,id08_27_03,大阪府３区,当,1,79507,44.7,佐藤茂樹,男,1959/6/8 0:00,10,公,,,前,自
49,2021,id08_27_03,大阪府３区,-,3,41737,23.4,萩原仁,男,1967/9/12 0:00,,立,,,元,
49,2021,id08_27_03,大阪府３区,-,3,38170,21.4,渡部結,女,1981/2/26 0:00,,共,,,新,
49,2021,id08_27_03,大阪府３区,-,3,18637,10.5,中条栄太郎,男,1969/5/12 0:00,,無,,,新,
49,2021,id08_27_04,大阪府４区,当,1,107585,46.1,美延映夫,男,1961/5/23 0:00,2,維,,,前,
49,2021,id08_27_04,大阪府４区,-,3,72835,31.2,中山泰秀,男,1970/10/14 0:00,,自,細,清和会,前,公
49,2021,id08_27_04,大阪府４区,-,3,28254,12.1,吉田治,男,1962/3/16 0:00,,立,旧希,,元,
49,2021,id08_27_04,大阪府４区,-,3,24469,10.5,清水忠史,男,1968/5/5 0:00,,共,,,前,
49,2021,id08_27_05,大阪府５区,当,1,106508,53.1,国重徹,男,1974/11/23 0:00,4,公,,,前,自
49,2021,id08_27_05,大阪府５区,比当,2,48248,24.1,宮本岳志,男,1959/12/25 0:00,,共,（無,,元,
49,2021,id08_27_05,大阪府５区,比当,2,34202,17.1,大石晃子,女,1977/5/27 0:00,,れ,,,新,
49,2021,id08_27_05,大阪府５区,-,3,11458,5.7,籠池諄子,女,1956/11/23 0:00,,無,,,新,
49,2021,id08_27_06,大阪府６区,当,1,106878,54.8,伊佐進一,男,1974/12/10 0:00,4,公,,,前,自
49,2021,id08_27_06,大阪府６区,-,3,59191,30.4,村上史好,男,1952/6/10 0:00,,立,,,前,れ
49,2021,id08_27_06,大阪府６区,-,3,28895,14.8,星健太郎,男,1979/12/19 0:00,,無,,,新,
49,2021,id08_27_07,大阪府７区,当,1,102486,45.3,奥下剛光,男,1975/10/4 0:00,1,維,,,新,
49,2021,id08_27_07,大阪府７区,-,3,71592,31.7,渡嘉敷奈緒美,女,1962/7/16 0:00,,自,竹,平成研,前,公
49,2021,id08_27_07,大阪府７区,-,3,24952,11,乃木涼介,男,1964/8/23 0:00,,立,,,新,
49,2021,id08_27_07,大阪府７区,-,3,20083,8.9,川添健真,男,1982/6/25 0:00,,共,,,新,
49,2021,id08_27_07,大阪府７区,-,3,6927,3.1,西川弘城,男,1964/11/13 0:00,,れ,,,新,
49,2021,id08_27_08,大阪府８区,当,1,105073,53.2,漆間譲司,男,1974/9/14 0:00,1,維,,,新,
49,2021,id08_27_08,大阪府８区,-,3,53877,27.3,高麗啓一郎,男,1980/7/9 0:00,,自,,,新,公
49,2021,id08_27_08,大阪府８区,-,3,38458,19.5,松井博史,男,1968/7/4 0:00,,立,,,新,
49,2021,id08_27_09,大阪府９区,当,1,133146,50.3,足立康史,男,1965/10/14 0:00,4,維,,,前,
49,2021,id08_27_09,大阪府９区,-,3,83776,31.7,原田憲治,男,1948/6/9 0:00,,自,竹,平成研,前,公
49,2021,id08_27_09,大阪府９区,-,3,42165,15.9,大椿裕子,女,1973/8/14 0:00,,社,,,新,れ
49,2021,id08_27_09,大阪府９区,-,3,5369,2,磯部和哉,男,1972/6/4 0:00,,無,,,新,
49,2021,id08_27_10,大阪府１０区,当,1,80932,40.3,池下卓,男,1975/4/10 0:00,1,維,,,新,
49,2021,id08_27_10,大阪府１０区,-,3,66943,33.4,辻元清美,女,1960/4/28 0:00,,立,,,前,
49,2021,id08_27_10,大阪府１０区,-,3,52843,26.3,大隈和英,男,1969/8/23 0:00,,自,麻,志公会,前,公
49,2021,id08_27_11,大阪府１１区,当,1,105746,44.7,中司宏,男,1956/3/11 0:00,1,維,,,新,
49,2021,id08_27_11,大阪府１１区,-,3,70568,29.8,佐藤ゆかり,女,1961/8/19 0:00,,自,二,志帥会,前,公
49,2021,id08_27_11,大阪府１１区,-,3,60281,25.5,平野博文,男,1949/3/19 0:00,,立,無,,前,
49,2021,id08_27_12,大阪府１２区,当,1,94003,51.2,藤田文武,男,1980/12/27 0:00,2,維,,,前,
49,2021,id08_27_12,大阪府１２区,-,3,59304,32.3,北川晋平,男,1987/4/16 0:00,,自,,,新,公
49,2021,id08_27_12,大阪府１２区,-,3,17730,9.7,宇都宮優子,女,1976/10/14 0:00,,立,,,,新
49,2021,id08_27_12,大阪府１２区,-,3,12614,6.9,松尾正利,男,1959/6/22 0:00,,共,,,新,
49,2021,id08_27_13,大阪府１３区,当,1,101857,48.5,岩谷良平,男,1980/6/7 0:00,1,維,,,新,
49,2021,id08_27_13,大阪府１３区,比当,2,85321,40.6,宗清皇一,男,1970/8/9 0:00,,自,細,清和会,前,公
49,2021,id08_27_13,大阪府１３区,-,3,22982,10.9,神野淳一,男,1976/8/18 0:00,,共,,,新,
49,2021,id08_27_14,大阪府１４区,当,1,126307,55.7,青柳仁士,男,1978/11/7 0:00,1,維,,,新,
49,2021,id08_27_14,大阪府１４区,-,3,70029,30.9,長尾敬,男,1962/11/29 0:00,,自,細,清和会,前,
49,2021,id08_27_14,大阪府１４区,-,3,30547,13.5,小松久,男,1957/8/13 0:00,,共,,,新,
49,2021,id08_27_15,大阪府１５区,当,1,114861,54.1,浦野靖人,男,1973/4/4 0:00,4,維,,,前,
49,2021,id08_27_15,大阪府１５区,-,3,67887,32,加納陽之助,男,1980/7/19 0:00,,自,,,新,公
49,2021,id08_27_15,大阪府１５区,-,3,29570,13.9,為仁史,男,1948/12/16 0:00,,共,,,新,
49,2021,id08_27_16,大阪府１６区,当,1,84563,50.8,北側一雄,男,1953/3/2 0:00,10,公,,,前,自
49,2021,id08_27_16,大阪府１６区,比当,2,72571,43.6,森山浩行,男,1971/4/8 0:00,,立,,,前,
49,2021,id08_27_16,大阪府１６区,-,3,9288,5.6,西脇京子,女,1972/8/4 0:00,,Ｎ,,,新,
49,2021,id08_27_17,大阪府１７区,当,1,94398,53.6,馬場伸幸,男,1965/1/27 0:00,4,維,,,前,
49,2021,id08_27_17,大阪府１７区,-,3,56061,31.8,岡下昌平,男,1975/3/8 0:00,,自,二,志帥会,前,公
49,2021,id08_27_17,大阪府１７区,-,3,25660,14.6,森流星,男,1983/7/31 0:00,,共,,,新,
49,2021,id08_27_18,大阪府１８区,当,1,118421,53,遠藤敬,男,1968/6/6 0:00,4,維,,,前,
49,2021,id08_27_18,大阪府１８区,-,3,61597,27.5,神谷昇,男,1949/4/12 0:00,,自,二,志帥会,前,公
49,2021,id08_27_18,大阪府１８区,-,3,24490,11,川戸康嗣,男,1975/7/26 0:00,,立,,,新,
49,2021,id08_27_18,大阪府１８区,-,3,19075,8.5,望月亮佑,男,1991/12/26 0:00,,共,,,新,
49,2021,id08_27_19,大阪府１９区,当,1,68209,42.2,伊東信久,男,1964/1/4 0:00,3,維,,,元,
49,2021,id08_27_19,大阪府１９区,比当,2,52052,32.2,谷川とむ,男,1976/4/27 0:00,,自,細,清和会,前,公
49,2021,id08_27_19,大阪府１９区,-,3,32193,19.9,長安豊,男,1968/9/5 0:00,,立,旧希,,元,
49,2021,id08_27_19,大阪府１９区,-,3,9258,5.7,北村みき,女,1966/6/20 0:00,,共,,,新,
49,2021,id08_28_01,兵庫県１区,当,1,78657,36.9,井坂信彦,男,1974/3/27 0:00,3,立,旧希,,元,
49,2021,id08_28_01,兵庫県１区,比当,2,64202,30.1,盛山正仁,男,1953/12/14 0:00,,自,岸,宏池会,前,公
49,2021,id08_28_01,兵庫県１区,比当,2,53211,25,一谷勇一郎,男,1975/1/22 0:00,,維,,,新,
49,2021,id08_28_01,兵庫県１区,-,3,9922,4.7,高橋進吾,男,1968/2/25 0:00,,無,,,新,
49,2021,id08_28_01,兵庫県１区,-,3,7174,3.4,木原功仁哉,男,1984/3/16 0:00,,無,,,新,
49,2021,id08_28_02,兵庫県２区,当,1,99455,54.2,赤羽一嘉,男,1958/5/7 0:00,9,公,,,前,自
49,2021,id08_28_02,兵庫県２区,-,3,61884,33.7,船川治郎,男,1967/7/4 0:00,,立,,,新,
49,2021,id08_28_02,兵庫県２区,-,3,22124,12.1,宮野鶴生,男,1957/4/3 0:00,,共,,,新,
49,2021,id08_28_03,兵庫県３区,当,1,68957,40.9,関芳弘,男,1965/6/7 0:00,5,自,細,清和会,前,公
49,2021,id08_28_03,兵庫県３区,比当,2,59537,35.4,和田有一朗,男,1964/10/23 0:00,,維,,,新,
49,2021,id08_28_03,兵庫県３区,-,3,22765,13.5,佐藤泰樹,男,1971/4/14 0:00,,国,,,新,
49,2021,id08_28_03,兵庫県３区,-,3,17155,10.2,赤田勝紀,男,1967/8/2 0:00,,共,,,新,
49,2021,id08_28_04,兵庫県４区,当,1,112810,50,藤井比早之,男,1971/9/11 0:00,4,自,,,前,公
49,2021,id08_28_04,兵庫県４区,比当,2,59143,26.2,赤木正幸,男,1975/2/22 0:00,,維,,,新,
49,2021,id08_28_04,兵庫県４区,-,3,53476,23.7,今泉真緒,女,1978/11/25 0:00,,立,,,新,
49,2021,id08_28_05,兵庫県５区,当,1,94656,42.5,谷公一,男,1952/1/28 0:00,7,自,二,志帥会,前,公
49,2021,id08_28_05,兵庫県５区,比当,2,65714,29.5,遠藤良太,男,1984/12/19 0:00,,維,,,新,
49,2021,id08_28_05,兵庫県５区,-,3,62414,28,梶原康弘,男,1956/10/14 0:00,,立,旧希,,元,
49,2021,id08_28_06,兵庫県６区,当,1,89571,35.2,市村浩一郎,男,1964/7/16 0:00,4,維,,,元,
49,2021,id08_28_06,兵庫県６区,比当,2,87502,34.4,大串正樹,男,1966/1/20 0:00,,自,,,前,公
49,2021,id08_28_06,兵庫県６区,比当,2,77347,30.4,桜井周,男,1970/8/16 0:00,,立,,,前,
49,2021,id08_28_07,兵庫県７区,当,1,95140,37.5,山田賢司,男,1966/4/20 0:00,4,自,麻,志公会,前,
49,2021,id08_28_07,兵庫県７区,比当,2,93610,36.9,三木圭恵,女,1966/7/7 0:00,,維,,,元,
49,2021,id08_28_07,兵庫県７区,-,3,64817,25.6,安田真理,女,1978/7/19 0:00,,立,,,新,
49,2021,id08_28_08,兵庫県８区,当,1,100313,58.8,中野洋昌,男,1978/1/4 0:00,4,公,,,前,自
49,2021,id08_28_08,兵庫県８区,-,3,45403,26.6,小村潤,女,1975/8/15 0:00,,共,,,新,
49,2021,id08_28_08,兵庫県８区,-,3,24880,14.6,辻恵,男,1948/6/12 0:00,,れ,,,元,
49,2021,id08_28_09,兵庫県９区,当,1,141973,76.3,西村康稔,男,1962/10/15 0:00,7,自,細,清和会,前,公
49,2021,id08_28_09,兵庫県９区,-,3,44172,23.7,福原由加利,女,1987/6/5 0:00,,共,,,新,
49,2021,id08_28_10,兵庫県１０区,当,1,79061,45,渡海紀三朗,男,1948/2/11 0:00,10,自,,,前,公
49,2021,id08_28_10,兵庫県１０区,比当,2,57874,32.9,掘井健智,男,1967/1/10 0:00,,維,,,新,
49,2021,id08_28_10,兵庫県１０区,-,3,38786,22.1,隠樹圭子,女,1971/4/27 0:00,,立,,,新,
49,2021,id08_28_11,兵庫県１１区,当,1,92761,49,松本剛明,男,1959/4/25 0:00,8,自,麻,志公会,前,公
49,2021,id08_28_11,兵庫県１１区,比当,2,78082,41.3,住吉寛紀,男,1985/1/24 0:00,,維,,,新,
49,2021,id08_28_11,兵庫県１１区,-,3,18363,9.7,太田清幸,男,1955/6/10 0:00,,共,,,新,
49,2021,id08_28_12,兵庫県１２区,当,1,91099,55.6,山口壮,男,1954/10/3 0:00,7,自,二,志帥会,前,公
49,2021,id08_28_12,兵庫県１２区,比当,2,49736,30.3,池畑浩太朗,男,1974/9/26 0:00,,維,,,新,
49,2021,id08_28_12,兵庫県１２区,-,3,23137,14.1,酒井孝典,男,1960/8/23 0:00,,立,,,新,
49,2021,id08_29_01,奈良県１区,当,1,93050,39,馬淵澄夫,男,1960/8/23 0:00,7,立,旧希,,前,
49,2021,id08_29_01,奈良県１区,比当,2,83718,35.1,小林茂樹,男,1964/10/9 0:00,,自,二,志帥会,前,公
49,2021,id08_29_01,奈良県１区,比当,2,62000,26,前川清成,男,1962/12/22 0:00,,維,旧希,,新,
49,2021,id08_29_02,奈良県２区,当,1,141858,64.6,高市早苗,女,1961/3/7 0:00,9,自,,,前,公
49,2021,id08_29_02,奈良県２区,-,3,54326,24.8,猪奥美里,女,1980/3/10 0:00,,立,,,新,
49,2021,id08_29_02,奈良県２区,-,3,23285,10.6,宮本次郎,男,1975/2/5 0:00,,共,,,新,
49,2021,id08_29_03,奈良県３区,当,1,114553,60.8,田野瀬太道,男,1974/7/4 0:00,4,自,石原,近未来,前,
49,2021,id08_29_03,奈良県３区,-,3,34334,18.2,西川正克,男,1958/1/1 0:00,,共,,,新,
49,2021,id08_29_03,奈良県３区,-,3,32669,17.3,高見省次,男,1960/4/28 0:00,,無,,,新,
49,2021,id08_29_03,奈良県３区,-,3,6824,3.6,加藤孝,男,1978/3/1 0:00,,Ｎ,,,新,
49,2021,id08_30_01,和歌山県１区,当,1,103676,62.7,岸本周平,男,1956/7/12 0:00,5,国,旧希,,前,
49,2021,id08_30_01,和歌山県１区,-,3,61608,37.3,門博文,男,1965/8/18 0:00,,自,二,志帥会,前,公
49,2021,id08_30_02,和歌山県２区,当,1,79365,57.7,石田真敏,男,1952/4/11 0:00,8,自,,,前,公
49,2021,id08_30_02,和歌山県２区,-,3,35654,25.9,藤井幹雄,男,1960/11/4 0:00,,立,,,新,
49,2021,id08_30_02,和歌山県２区,-,3,19735,14.4,所順子,女,1949/9/15 0:00,,維,,,新,
49,2021,id08_30_02,和歌山県２区,-,3,2700,2,遠西愛美,女,1984/7/18 0:00,,Ｎ,,,新,
49,2021,id08_30_03,和歌山県３区,当,1,102834,69.3,二階俊博,男,1939/2/17 0:00,13,自,二,志帥会,前,公
49,2021,id08_30_03,和歌山県３区,-,3,20692,14,畑野良弘,男,1960/6/15 0:00,,共,,,新,
49,2021,id08_30_03,和歌山県３区,-,3,19034,12.8,本間奈々,女,1969/5/4 0:00,,諸,,,新,
49,2021,id08_30_03,和歌山県３区,-,3,5745,3.9,根来英樹,男,1970/1/21 0:00,,無,,,新,
49,2021,id09_31_01,鳥取県１区,当,1,105441,84.1,石破茂,男,1957/2/4 0:00,12,自,石破,水月会,前,公
49,2021,id09_31_01,鳥取県１区,-,3,19985,15.9,岡田正和,男,1982/1/3 0:00,,共,,,新,
49,2021,id09_31_02,鳥取県２区,当,1,75005,54,赤沢亮正,男,1960/12/18 0:00,6,自,石破,水月会,前,公
49,2021,id09_31_02,鳥取県２区,比当,2,63947,46,湯原俊二,男,1962/11/20 0:00,,立,旧希,,元,
49,2021,id09_32_01,島根県１区,当,1,90638,56,細田博之,男,1944/4/5 0:00,11,自,細,清和会,前,公
49,2021,id09_32_01,島根県１区,-,3,66847,41.3,亀井亜紀子,女,1965/5/14 0:00,,立,,,前,
49,2021,id09_32_01,島根県１区,-,3,4318,2.7,亀井彰子,女,1957/3/30 0:00,,無,,,新,
49,2021,id09_32_02,島根県２区,当,1,110327,62.4,高見康裕,男,1980/10/16 0:00,1,自,,,新,公
49,2021,id09_32_02,島根県２区,-,3,52016,29.4,山本誉,男,1957/8/1 0:00,,立,,,新,
49,2021,id09_32_02,島根県２区,-,3,14361,8.1,向瀬慎一,男,1971/1/12 0:00,,共,,,新,
49,2021,id09_33_01,岡山県１区,当,1,90939,55,逢沢一郎,男,1954/6/10 0:00,12,自,,,前,公
49,2021,id09_33_01,岡山県１区,-,3,65499,39.6,原田謙介,男,1986/5/10 0:00,,立,,,新,
49,2021,id09_33_01,岡山県１区,-,3,8990,5.4,余江雪央,男,1977/10/18 0:00,,共,,,新,
49,2021,id09_33_02,岡山県２区,当,1,80903,56.4,山下貴司,男,1965/9/8 0:00,4,自,石破,水月会,前,公
49,2021,id09_33_02,岡山県２区,-,3,62555,43.6,津村啓介,男,1971/10/27 0:00,,立,旧希,,前,
49,2021,id09_33_03,岡山県３区,当,1,68631,44.4,平沼正二郎,男,1979/11/11 0:00,1,無,,,新,
49,2021,id09_33_03,岡山県３区,比当,2,54930,35.5,阿部俊子,女,1959/5/19 0:00,,自,麻,志公会,前,公
49,2021,id09_33_03,岡山県３区,-,3,23316,15.1,森本栄,男,1948/10/14 0:00,,立,,,新,
49,2021,id09_33_03,岡山県３区,-,3,7760,5,尾崎宏子,女,1956/9/16 0:00,,共,,,新,
49,2021,id09_33_04,岡山県４区,当,1,89052,49.7,橋本岳,男,1974/2/5 0:00,5,自,竹,平成研,前,公
49,2021,id09_33_04,岡山県４区,比当,2,83859,46.8,柚木道義,男,1972/5/28 0:00,,立,旧希,,前,
49,2021,id09_33_04,岡山県４区,-,3,6146,3.4,中川智晴,男,1958/3/10 0:00,,無,,,新,
49,2021,id09_33_05,岡山県５区,当,1,102139,72.6,加藤勝信,男,1955/11/22 0:00,7,自,竹,平成研,前,公
49,2021,id09_33_05,岡山県５区,-,3,31467,22.4,はたともこ,女,1966/8/26 0:00,,立,,,新,
49,2021,id09_33_05,岡山県５区,-,3,7067,5,美見芳明,男,1957/4/3 0:00,,共,,,新,
49,2021,id09_34_01,広島県１区,当,1,133704,80.7,岸田文雄,男,1957/7/29 0:00,10,自,岸,宏池会,前,公
49,2021,id09_34_01,広島県１区,-,3,15904,9.6,有田優子,女,1970/9/22 0:00,,社,,,新,
49,2021,id09_34_01,広島県１区,-,3,14508,8.8,大西理,男,1966/2/8 0:00,,共,,,新,
49,2021,id09_34_01,広島県１区,-,3,1630,1,上出圭一,男,1956/3/4 0:00,,諸,,,新,
49,2021,id09_34_02,広島県２区,当,1,133126,65.2,平口洋,男,1948/8/1 0:00,5,自,竹,平成研,前,公
49,2021,id09_34_02,広島県２区,-,3,70939,34.8,大井赤亥,男,1980/11/27 0:00,,立,,,新,
49,2021,id09_34_03,広島県３区,当,1,97844,55.1,斉藤鉄夫,男,1952/2/5 0:00,10,公,,,前,自
49,2021,id09_34_03,広島県３区,-,3,53143,29.9,ライアン真由美,女,1963/10/17 0:00,,立,,,新,
49,2021,id09_34_03,広島県３区,-,3,18088,10.2,瀬木寛親,男,1964/10/28 0:00,,維,,,新,
49,2021,id09_34_03,広島県３区,-,3,3559,2,大山宏,男,1948/6/16 0:00,,無,,,新,
49,2021,id09_34_03,広島県３区,-,3,2789,1.6,矢島秀平,男,1992/5/28 0:00,,Ｎ,,,新,
49,2021,id09_34_03,広島県３区,-,3,2251,1.3,玉田憲勲,男,1957/10/1 0:00,,無,,,新,
49,2021,id09_34_04,広島県４区,当,1,78253,48.3,新谷正義,男,1975/3/8 0:00,4,自,竹,平成研,前,公
49,2021,id09_34_04,広島県４区,-,3,33681,20.8,上野寛治,男,1982/9/24 0:00,,立,,,新,
49,2021,id09_34_04,広島県４区,比当,2,28966,17.9,空本誠喜,男,1964/3/11 0:00,,維,,,元,
49,2021,id09_34_04,広島県４区,-,3,21112,13,中川俊直,男,1970/4/25 0:00,,無,,,元,
49,2021,id09_34_05,広島県５区,当,1,87434,67.7,寺田稔,男,1958/1/24 0:00,6,自,岸,宏池会,前,公
49,2021,id09_34_05,広島県５区,-,3,41788,32.3,野村功次郎,男,1970/4/18 0:00,,立,,,新,
49,2021,id09_34_06,広島県６区,当,1,83796,51.4,佐藤公治,男,1959/7/28 0:00,4,立,旧希,,前,
49,2021,id09_34_06,広島県６区,比当,2,79158,48.6,小島敏文,男,1950/9/7 0:00,,自,岸,宏池会,前,公
49,2021,id09_34_07,広島県７区,当,1,123396,66.4,小林史明,男,1983/4/8 0:00,4,自,岸,宏池会,前,公
49,2021,id09_34_07,広島県７区,-,3,45520,24.5,佐藤広典,男,1976/6/26 0:00,,立,,,新,
49,2021,id09_34_07,広島県７区,-,3,11580,6.2,村井明美,女,1948/2/16 0:00,,共,,,新,
49,2021,id09_34_07,広島県７区,-,3,5207,2.8,橋本加代,女,1973/8/4 0:00,,無,,,新,
49,2021,id09_35_01,山口県１区,当,1,118882,70.1,高村正大,男,1970/11/14 0:00,2,自,麻,志公会,前,公
49,2021,id09_35_01,山口県１区,-,3,50684,29.9,大内一也,男,1973/10/10 0:00,,立,,,新,
49,2021,id09_35_02,山口県２区,当,1,109914,76.9,岸信夫,男,1959/4/1 0:00,4,自,細,清和会,前,公
49,2021,id09_35_02,山口県２区,-,3,32936,23.1,松田一志,男,1957/9/9 0:00,,共,,,新,
49,2021,id09_35_03,山口県３区,当,1,96983,76.9,林芳正,男,1961/1/19 0:00,1,自,岸,宏池会,新,公
49,2021,id09_35_03,山口県３区,-,3,29073,23.1,坂本史子,女,1955/5/18 0:00,,立,,,新,
49,2021,id09_35_04,山口県４区,当,1,80448,69.7,安倍晋三,男,1954/9/21 0:00,10,自,,,前,公
49,2021,id09_35_04,山口県４区,-,3,19096,16.6,竹村克司,男,1972/8/21 0:00,,れ,,,新,
49,2021,id09_35_04,山口県４区,-,3,15836,13.7,大野頼子,女,1973/12/24 0:00,,無,,,新,
49,2021,id10_36_01,徳島県１区,当,1,99474,50.1,仁木博文,男,1966/5/23 0:00,2,無,旧希,,元,
49,2021,id10_36_01,徳島県１区,比当,2,77398,38.9,後藤田正純,男,1969/8/5 0:00,,自,石破,水月会,前,
49,2021,id10_36_01,徳島県１区,比当,2,20065,10.1,吉田知代,女,1975/2/23 0:00,,維,,,新,
49,2021,id10_36_01,徳島県１区,-,3,1808,0.9,佐藤行俊,男,1948/1/6 0:00,,無,,,新,
49,2021,id10_36_02,徳島県２区,当,1,76879,59.5,山口俊一,男,1950/2/28 0:00,11,自,麻,志公会,前,公
49,2021,id10_36_02,徳島県２区,-,3,43473,33.6,中野真由美,女,1971/4/21 0:00,,立,,,新,
49,2021,id10_36_02,徳島県２区,-,3,8851,6.9,久保孝之,男,1963/10/9 0:00,,共,,,新,
49,2021,id10_37_01,香川県１区,当,1,90267,51,小川淳也,男,1971/4/18 0:00,6,立,旧希,,前,
49,2021,id10_37_01,香川県１区,比当,2,70827,40,平井卓也,男,1958/1/25 0:00,,自,岸,宏池会,前,公
49,2021,id10_37_01,香川県１区,-,3,15888,9,町川順子,女,1959/4/10 0:00,,維,,,新,
49,2021,id10_37_02,香川県２区,当,1,94530,63.5,玉木雄一郎,男,1969/5/1 0:00,5,国,旧希,,前,
49,2021,id10_37_02,香川県２区,-,3,54334,36.5,瀬戸隆一,男,1965/8/2 0:00,,自,麻,志公会,元,公
49,2021,id10_37_03,香川県３区,当,1,94437,79.8,大野敬太郎,男,1968/11/1 0:00,4,自,,,前,公
49,2021,id10_37_03,香川県３区,-,3,23937,20.2,尾崎淳一郎,男,1951/10/4 0:00,,共,,,新,
49,2021,id10_38_01,愛媛県１区,当,1,119633,60.8,塩崎彰久,男,1976/9/9 0:00,1,自,,,新,公
49,2021,id10_38_01,愛媛県１区,-,3,77091,39.2,友近聡朗,男,1975/4/24 0:00,,立,,,新,
49,2021,id10_38_02,愛媛県２区,当,1,72861,57.5,村上誠一郎,男,1952/5/11 0:00,12,自,,,前,公
49,2021,id10_38_02,愛媛県２区,-,3,42520,33.5,石井智恵,女,1967/11/16 0:00,,国,,,新,
49,2021,id10_38_02,愛媛県２区,-,3,11358,9,片岡朗,男,1959/9/16 0:00,,共,,,新,
49,2021,id10_38_03,愛媛県３区,当,1,76263,51.6,井原巧,男,1963/11/13 0:00,1,自,細,清和会,新,公
49,2021,id10_38_03,愛媛県３区,比当,2,71600,48.4,白石洋一,男,1963/6/25 0:00,,立,旧希,,前,
49,2021,id10_38_04,愛媛県４区,当,1,81015,56.6,長谷川淳二,男,1968/8/5 0:00,1,自,,,新,公
49,2021,id10_38_04,愛媛県４区,-,3,47717,33.3,桜内文城,男,1965/10/21 0:00,,無,旧希,,元,
49,2021,id10_38_04,愛媛県４区,-,3,11555,8.1,西井直人,男,1957/8/10 0:00,,共,,,新,
49,2021,id10_38_04,愛媛県４区,-,3,1547,1.1,藤島利久,男,1962/5/4 0:00,,無,,,新,
49,2021,id10_38_04,愛媛県４区,-,3,1319,0.9,前田龍夫,男,1954/1/14 0:00,,無,,,新,
49,2021,id10_39_01,高知県１区,当,1,104837,64.3,中谷元,男,1957/10/14 0:00,11,自,,,前,公
49,2021,id10_39_01,高知県１区,-,3,50033,30.7,武内則男,男,1958/9/8 0:00,,立,,,前,
49,2021,id10_39_01,高知県１区,-,3,4081,2.5,中島康治,男,1978/11/5 0:00,,Ｎ,,,新,
49,2021,id10_39_01,高知県１区,-,3,4036,2.5,川田永二,男,1935/8/26 0:00,,無,,,新,
49,2021,id10_39_02,高知県２区,当,1,117810,67.2,尾崎正直,男,1967/9/14 0:00,1,自,,,新,公
49,2021,id10_39_02,高知県２区,-,3,55214,31.5,広田一,男,1968/10/10 0:00,,立,無,,前,
49,2021,id10_39_02,高知県２区,-,3,2171,1.2,広田晋一郎,男,1968/11/27 0:00,,Ｎ,,,新,
49,2021,id11_40_01,福岡県１区,当,1,99430,47.5,井上貴博,男,1962/4/2 0:00,4,自,麻,志公会,前,公
49,2021,id11_40_01,福岡県１区,-,3,53755,25.7,坪田晋,男,1983/12/22 0:00,,立,,,新,
49,2021,id11_40_01,福岡県１区,比当,2,37604,18,山本剛正,男,1972/1/1 0:00,,維,（立,,元,
49,2021,id11_40_01,福岡県１区,-,3,18487,8.8,木村拓史,男,1986/4/26 0:00,,共,,,新,
49,2021,id11_40_02,福岡県２区,当,1,109382,46,鬼木誠,男,1972/10/16 0:00,4,自,石原,近未来,前,公
49,2021,id11_40_02,福岡県２区,比当,2,101258,42.6,稲富修二,男,1970/8/26 0:00,,立,旧希,,前,
49,2021,id11_40_02,福岡県２区,-,3,27302,11.5,新開崇司,男,1971/4/10 0:00,,維,,,新,
49,2021,id11_40_03,福岡県３区,当,1,135031,57.9,古賀篤,男,1972/7/14 0:00,4,自,岸,宏池会,前,
49,2021,id11_40_03,福岡県３区,-,3,98304,42.1,山内康一,男,1973/8/25 0:00,,立,,,前,
49,2021,id11_40_04,福岡県４区,当,1,96023,49.4,宮内秀樹,男,1962/10/19 0:00,4,自,二,志帥会,前,公
49,2021,id11_40_04,福岡県４区,-,3,49935,25.7,森本慎太郎,男,1978/6/25 0:00,,立,,,新,
49,2021,id11_40_04,福岡県４区,比当,2,36998,19,阿部弘樹,男,1961/12/15 0:00,,維,,,新,
49,2021,id11_40_04,福岡県４区,-,3,11338,5.8,竹内信昭,男,1952/11/22 0:00,,社,,,新,
49,2021,id11_40_05,福岡県５区,当,1,125315,53.1,堤かなめ,女,1960/10/27 0:00,1,立,,,新,
49,2021,id11_40_05,福岡県５区,-,3,110706,46.9,原田義昭,男,1944/10/1 0:00,,自,麻,志公会,前,
49,2021,id11_40_06,福岡県６区,当,1,125366,67.4,鳩山二郎,男,1979/1/1 0:00,3,自,二,志帥会,前,公
49,2021,id11_40_06,福岡県６区,-,3,38578,20.8,田辺徹,男,1961/1/6 0:00,,立,,,新,
49,2021,id11_40_06,福岡県６区,-,3,12565,6.8,河野一弘,男,1972/7/14 0:00,,共,,,新,
49,2021,id11_40_06,福岡県６区,-,3,5612,3,組坂善昭,男,1946/12/15 0:00,,無,,,新,
49,2021,id11_40_06,福岡県６区,-,3,3753,2,熊丸英治,男,1969/9/24 0:00,,Ｎ,,,新,
49,2021,id11_40_07,福岡県７区,当,1,92233,62.3,藤丸敏,男,1960/1/19 0:00,4,自,岸,宏池会,前,公
49,2021,id11_40_07,福岡県７区,-,3,55820,37.7,青木剛志,男,1970/12/30 0:00,,立,,,新,
49,2021,id11_40_08,福岡県８区,当,1,104924,59.6,麻生太郎,男,1940/9/20 0:00,14,自,麻,志公会,前,
49,2021,id11_40_08,福岡県８区,-,3,38083,21.6,河野祥子,女,1980/7/5 0:00,,共,,,新,
49,2021,id11_40_08,福岡県８区,-,3,32964,18.7,大島九州男,男,1961/6/11 0:00,,れ,（民,,新,
49,2021,id11_40_09,福岡県９区,当,1,91591,48.1,緒方林太郎,男,1973/1/8 0:00,3,無,旧希,,元,
49,2021,id11_40_09,福岡県９区,-,3,76481,40.2,三原朝彦,男,1947/5/23 0:00,,自,竹,平成研,前,公
49,2021,id11_40_09,福岡県９区,-,3,22273,11.7,真島省三,男,1963/1/12 0:00,,共,,,元,
49,2021,id11_40_10,福岡県１０区,当,1,85361,44.5,城井崇,男,1973/6/23 0:00,4,立,旧希,,前,
49,2021,id11_40_10,福岡県１０区,-,3,81882,42.7,山本幸三,男,1948/8/8 0:00,,自,岸,宏池会,前,公
49,2021,id11_40_10,福岡県１０区,-,3,21829,11.4,西田主税,男,1962/4/25 0:00,,維,,,新,
49,2021,id11_40_10,福岡県１０区,-,3,2840,1.5,大西啓雅,男,1970/1/12 0:00,,無,,,新,
49,2021,id11_40_11,福岡県１１区,当,1,75997,55.8,武田良太,男,1968/4/1 0:00,7,自,二,志帥会,前,公
49,2021,id11_40_11,福岡県１１区,-,3,40996,30.1,村上智信,男,1969/10/9 0:00,,無,,,新,
49,2021,id11_40_11,福岡県１１区,-,3,19310,14.2,志岐玲子,女,1953/9/10 0:00,,社,,,新,
49,2021,id11_41_01,佐賀県１区,当,1,92452,50,原口一博,男,1959/7/2 0:00,9,立,無,,前,
49,2021,id11_41_01,佐賀県１区,比当,2,92319,50,岩田和親,男,1973/9/20 0:00,,自,岸,宏池会,前,公
49,2021,id11_41_02,佐賀県２区,当,1,106608,52,大串博志,男,1965/8/31 0:00,6,立,旧希,,前,
49,2021,id11_41_02,佐賀県２区,比当,2,98224,48,古川康,男,1958/7/15 0:00,,自,竹,平成研,前,公
49,2021,id11_42_01,長崎県１区,当,1,101877,56.1,西岡秀子,女,1964/3/15 0:00,2,国,旧希,,前,
49,2021,id11_42_01,長崎県１区,-,3,69053,38,初村滝一郎,男,1979/7/24 0:00,,自,,,新,公
49,2021,id11_42_01,長崎県１区,-,3,10754,5.9,安江綾子,女,1976/11/15 0:00,,共,,,新,
49,2021,id11_42_02,長崎県２区,当,1,95271,58.2,加藤竜祥,男,1980/2/10 0:00,1,自,,,新,公
49,2021,id11_42_02,長崎県２区,-,3,68405,41.8,松平浩一,男,1974/9/16 0:00,,立,,,前,
49,2021,id11_42_03,長崎県３区,当,1,57223,40.7,谷川弥一,男,1941/8/12 0:00,7,自,細,清和会,前,公
49,2021,id11_42_03,長崎県３区,比当,2,55189,39.2,山田勝彦,男,1979/7/19 0:00,,立,,,新,
49,2021,id11_42_03,長崎県３区,-,3,25566,18.2,山田博司,男,1970/6/1 0:00,,無,,,新,
49,2021,id11_42_03,長崎県３区,-,3,2750,2,石本啓之,男,1969/2/5 0:00,,諸,,,新,
49,2021,id11_42_04,長崎県４区,当,1,55968,42.1,北村誠吾,男,1947/1/29 0:00,8,自,岸,宏池会,前,公
49,2021,id11_42_04,長崎県４区,比当,2,55577,41.8,末次精一,男,1962/12/2 0:00,,立,,,新,
49,2021,id11_42_04,長崎県４区,-,3,16860,12.7,萩原活,男,1959/11/9 0:00,,無,,,新,
49,2021,id11_42_04,長崎県４区,-,3,4675,3.5,田中隆治,男,1943/9/14 0:00,,無,,,新,
49,2021,id11_43_01,熊本県１区,当,1,131371,61,木原稔,男,1969/8/12 0:00,5,自,竹,平成研,前,
49,2021,id11_43_01,熊本県１区,-,3,83842,39,濱田大造,男,1970/7/19 0:00,,立,,,新,
49,2021,id11_43_02,熊本県２区,当,1,110310,60.6,西野太亮,男,1978/9/22 0:00,1,無,,,新,
49,2021,id11_43_02,熊本県２区,-,3,60091,33,野田毅,男,1941/10/3 0:00,,自,石原,近未来,前,公
49,2021,id11_43_02,熊本県２区,-,3,11521,6.3,橋田芳昭,男,1955/10/20 0:00,,共,,,新,
49,2021,id11_43_03,熊本県３区,当,1,125158,71.2,坂本哲志,男,1950/11/6 0:00,7,自,石原,近未来,前,公
49,2021,id11_43_03,熊本県３区,-,3,37832,21.5,馬場功世,男,1951/10/10 0:00,,社,,,新,
49,2021,id11_43_03,熊本県３区,-,3,12909,7.3,本間明子,女,1981/9/6 0:00,,Ｎ,,,新,
49,2021,id11_43_04,熊本県４区,当,1,155572,68.1,金子恭之,男,1961/2/27 0:00,8,自,岸,宏池会,前,公
49,2021,id11_43_04,熊本県４区,-,3,72966,31.9,矢上雅義,男,1960/8/8 0:00,,立,,,前,
49,2021,id11_44_01,大分県１区,当,1,97117,48.8,吉良州司,男,1958/3/16 0:00,6,無,旧希,,前,
49,2021,id11_44_01,大分県１区,-,3,75932,38.1,高橋舞子,女,1988/4/23 0:00,,自,,,新,
49,2021,id11_44_01,大分県１区,-,3,15889,8,山下魁,男,1976/12/27 0:00,,共,,,新,
49,2021,id11_44_01,大分県１区,-,3,6216,3.1,西宮重貴,男,1978/6/30 0:00,,無,,,新,
49,2021,id11_44_01,大分県１区,-,3,4001,2,野中美咲,女,1996/3/7 0:00,,Ｎ,,,新,
49,2021,id11_44_02,大分県２区,当,1,79433,50.2,衛藤征士郎,男,1941/4/29 0:00,13,自,細,清和会,前,公
49,2021,id11_44_02,大分県２区,比当,2,78779,49.8,吉川元,男,1966/9/28 0:00,,立,社,,前,
49,2021,id11_44_03,大分県３区,当,1,102807,58.4,岩屋毅,男,1957/8/24 0:00,9,自,麻,志公会,前,公
49,2021,id11_44_03,大分県３区,-,3,73159,41.6,横光克彦,男,1943/11/4 0:00,,立,,,前,
49,2021,id11_45_01,宮崎県１区,当,1,60719,32.6,渡辺創,男,1977/10/3 0:00,1,立,,,新,
49,2021,id11_45_01,宮崎県１区,比当,2,59649,32,武井俊輔,男,1975/3/29 0:00,,自,岸,宏池会,前,公
49,2021,id11_45_01,宮崎県１区,-,3,43555,23.4,脇谷のりこ,女,1957/9/22 0:00,,無,,,新,
49,2021,id11_45_01,宮崎県１区,-,3,22350,12,外山斎,男,1976/4/23 0:00,,維,旧希,,新,
49,2021,id11_45_02,宮崎県２区,当,1,94156,62.2,江藤拓,男,1960/7/1 0:00,7,自,,,前,公
49,2021,id11_45_02,宮崎県２区,比当,2,57210,37.8,長友慎治,男,1977/6/22 0:00,,国,,,新,
49,2021,id11_45_03,宮崎県３区,当,1,111845,80.7,古川禎久,男,1965/8/3 0:00,7,自,竹,平成研,前,公
49,2021,id11_45_03,宮崎県３区,-,3,20342,14.7,松本隆,男,1961/8/6 0:00,,共,,,新,
49,2021,id11_45_03,宮崎県３区,-,3,6347,4.6,重黒木優平,男,1987/3/9 0:00,,Ｎ,,,新,
49,2021,id11_46_01,鹿児島１区,当,1,101251,53.2,宮路拓馬,男,1979/12/6 0:00,3,自,石原,近未来,前,公
49,2021,id11_46_01,鹿児島１区,-,3,89232,46.8,川内博史,男,1961/11/2 0:00,,立,,,前,れ
49,2021,id11_46_02,鹿児島２区,当,1,92614,47.7,三反園訓,男,1958/2/13 0:00,1,無,,,新,
49,2021,id11_46_02,鹿児島２区,-,3,80469,41.4,金子万寿夫,男,1947/1/11 0:00,,自,石原,近未来,前,公
49,2021,id11_46_02,鹿児島２区,-,3,21084,10.9,松崎真琴,女,1958/4/16 0:00,,共,,,新,
49,2021,id11_46_03,鹿児島３区,当,1,104053,53.9,野間健,男,1958/10/8 0:00,3,立,旧希,,元,
49,2021,id11_46_03,鹿児島３区,比当,2,89110,46.1,小里泰弘,男,1958/9/29 0:00,,自,,,前,公
49,2021,id11_46_04,鹿児島４区,当,1,127131,69.5,森山裕,男,1945/4/8 0:00,7,自,石原,近未来,前,公
49,2021,id11_46_04,鹿児島４区,-,3,49077,26.8,米永淳子,女,1963/1/2 0:00,,社,,,新,
49,2021,id11_46_04,鹿児島４区,-,3,6618,3.6,宮川直輝,男,1973/6/18 0:00,,Ｎ,,,新,
49,2021,id11_47_01,沖縄県１区,当,1,61596,42.2,赤嶺政賢,男,1947/12/18 0:00,8,共,,,前,れ
49,2021,id11_47_01,沖縄県１区,比当,2,54455,37.3,国場幸之助,男,1973/1/10 0:00,,自,岸,宏池会,前,公
49,2021,id11_47_01,沖縄県１区,-,3,29827,20.4,下地幹郎,男,1961/8/14 0:00,,無,維,,前,
49,2021,id11_47_02,沖縄県２区,当,1,74665,47.4,新垣邦男,男,1956/6/19 0:00,1,社,,,新,
49,2021,id11_47_02,沖縄県２区,比当,2,64542,41,宮崎政久,男,1965/8/8 0:00,,自,竹,平成研,前,公
49,2021,id11_47_02,沖縄県２区,-,3,15296,9.7,山川泰博,男,1970/6/8 0:00,,維,,,新,
49,2021,id11_47_02,沖縄県２区,-,3,3053,1.9,中村幸也,男,1980/3/22 0:00,,Ｎ,,,新,
49,2021,id11_47_03,沖縄県３区,当,1,87710,52.1,島尻安伊子,女,1965/3/4 0:00,1,自,竹,平成研,新,公
49,2021,id11_47_03,沖縄県３区,-,3,80496,47.9,屋良朝博,男,1962/8/22 0:00,,立,無,,前,
49,2021,id11_47_04,沖縄県４区,当,1,87671,54.9,西銘恒三郎,男,1954/8/7 0:00,6,自,竹,平成研,前,公
49,2021,id11_47_04,沖縄県４区,-,3,72031,45.1,金城徹,男,1953/9/19 0:00,,立,,,新,
50,2024,id01_01_01,北海道１区,当,1,108394,43.3,道下大樹,,,,立,,,,前
50,2024,id01_01_01,北海道１区,-,3,80133,32,加藤貴弘,,,,自,,新,,公
50,2024,id01_01_01,北海道１区,-,3,21451,8.6,千葉尚子,,,,共,,,,新
50,2024,id01_01_01,北海道１区,-,3,20097,8,田中義人,,,,参,,,,新
50,2024,id01_01_01,北海道１区,-,3,20000,8,小林悟,,,,維,,,,新
50,2024,id01_01_02,北海道２区,当,1,94002,40,松木謙公,,,,立,,,,前
50,2024,id01_01_02,北海道２区,-,3,76835,32.7,高橋祐介,,,,自,,前,,公
50,2024,id01_01_02,北海道２区,-,3,32073,13.7,山崎泉,,,,維,,,,新
50,2024,id01_01_02,北海道２区,-,3,31855,13.6,宮内史織,,,,共,,,,新
50,2024,id01_01_03,北海道３区,当,1,100136,41.7,荒井優,,,,立,,,,前
50,2024,id01_01_03,北海道３区,-,3,83089,34.6,高木宏寿,,,,自,二,前,,公
50,2024,id01_01_03,北海道３区,-,3,22915,9.6,伊藤理智子,,,,共,,,,新
50,2024,id01_01_03,北海道３区,-,3,21802,9.1,鳥越良孝,,,,維,,,,新
50,2024,id01_01_03,北海道３区,-,3,11972,5,増田健治,,,,無,,,,新
50,2024,id01_01_04,北海道４区,当,1,101484,45.1,大築紅葉,,,,立,,,,前
50,2024,id01_01_04,北海道４区,比当,2,94090,41.8,中村裕之,,,,自,麻,前,,公
50,2024,id01_01_04,北海道４区,-,3,19063,8.5,佐々木明美,,,,共,,,,新
50,2024,id01_01_04,北海道４区,-,3,10322,4.6,斎藤佳代,,,,無,,,,新
50,2024,id01_01_05,北海道５区,当,1,125444,51.7,池田真紀,,,,立,,,,元
50,2024,id01_01_05,北海道５区,-,3,100893,41.6,和田義明,,,,自,安,前,,公
50,2024,id01_01_05,北海道５区,-,3,16399,6.8,鈴木龍次,,,,共,,,,新
50,2024,id01_01_06,北海道６区,当,1,100694,46.9,東国幹,,,,自,茂,前,,公
50,2024,id01_01_06,北海道６区,比当,2,94193,43.9,西川将人,,,,立,,,,新
50,2024,id01_01_06,北海道６区,-,3,19909,9.3,荻生和敏,,,,共,,,,新
50,2024,id01_01_07,北海道７区,当,1,77189,58.4,鈴木貴子,,,,自,茂,前,,公
50,2024,id01_01_07,北海道７区,比当,2,54888,41.6,篠田奈保子,,,,立,,,,新
50,2024,id01_01_08,北海道８区,当,1,97758,50.8,逢坂誠二,,,,立,,,,前
50,2024,id01_01_08,北海道８区,比当,2,83006,43.1,向山淳,,,,自,,新,,公
50,2024,id01_01_08,北海道８区,-,3,11708,6.1,本間勝美,,,,共,,,,新
50,2024,id01_01_09,北海道９区,当,1,106007,56.1,山岡達丸,,,,立,,,,前
50,2024,id01_01_09,北海道９区,-,3,62328,33,松下英樹,,,,自,,新,,公
50,2024,id01_01_09,北海道９区,-,3,20557,10.9,立野広志,,,,共,,,,新
50,2024,id01_01_10,北海道１０区,当,1,78362,50.8,神谷裕《,,,,立,,,,前
50,2024,id01_01_10,北海道１０区,-,3,75990,49.2,稲津久,,,,公,,前,,自
50,2024,id01_01_11,北海道１１区,当,1,84522,52.2,石川香織,,,,立,,,,前
50,2024,id01_01_11,北海道１１区,-,3,66877,41.3,中川郁子,,,,自,麻,前,,公
50,2024,id01_01_11,北海道１１区,-,3,10367,6.4,佐藤耕平,,,,共,,,,新
50,2024,id01_01_12,北海道１２区,当,1,78645,52.3,武部新,,,,自,二,前,,公
50,2024,id01_01_12,北海道１２区,比当,2,71608,47.7,川原田英世,,,,立,,,,新
50,2024,id02_02_01,青森１区,当,1,76265,46,津島淳,,,,自,茂,前,,公
50,2024,id02_02_01,青森１区,比当,2,71211,43,升田世喜男,,,,立,,,,元
50,2024,id02_02_01,青森１区,-,3,18212,11,斎藤美緒,,,,共,,,,新
50,2024,id02_02_02,青森２区,当,1,82784,45.4,神田潤一,,,,自,岸,前,,公
50,2024,id02_02_02,青森２区,-,3,56674,31.1,松尾和彦,,,,無,,,,新
50,2024,id02_02_02,青森２区,-,3,33569,18.4,金濱亨,,,,国,,,,新
50,2024,id02_02_02,青森２区,-,3,9397,5.2,久保将,,,,共,,,,新
50,2024,id02_02_03,青森３区,当,1,86593,49.6,岡田華子,,,,立,,,,新
50,2024,id02_02_03,青森３区,-,3,73848,42.3,木村次郎,,,,自,安,前,,公
50,2024,id02_02_03,青森３区,-,3,7747,4.4,長坂淳也,,,,維,,,,新
50,2024,id02_02_03,青森３区,-,3,6531,3.7,其田寿一,,,,無,,,,新
50,2024,id02_02_01,青森１区,当,1,94409,61.5,階猛,,,,立,,,,前
50,2024,id02_02_01,青森１区,-,3,43623,28.4,米内紘正,,,,自,,新,,公
50,2024,id02_02_01,青森１区,-,3,15367,10,吉田恭子,,,,共,,,,新
50,2024,id02_03_02,岩手２区,当,1,115774,62.1,鈴木俊一,,,,自,麻,前,,公
50,2024,id02_03_02,岩手２区,-,3,70716,37.9,中村起子,,,,立,,,,新
50,2024,id02_03_03,岩手３区,当,1,115364,57.8,小沢一郎,,,,立,,,,前
50,2024,id02_03_03,岩手３区,-,3,84347,42.2,藤原崇,,,,自,安,前,,公
50,2024,id02_04_01,宮城１区,当,1,115142,51.7,岡本章子,,,,立,,,,前
50,2024,id02_04_01,宮城１区,-,3,81924,36.8,土井亨,,,,自,,前,,公
50,2024,id02_04_01,宮城１区,-,3,25852,11.6,高橋浩司,,,,維,,,,新
50,2024,id02_04_02,宮城２区,当,1,116390,53.1,鎌田さゆり,,,,立,,,,前
50,2024,id02_04_02,宮城２区,-,3,71633,32.7,秋葉賢也,,,,自,茂,前,,公
50,2024,id02_04_02,宮城２区,-,3,30967,14.1,早坂敦,,,,維,,,,前
50,2024,id02_04_03,宮城３区,当,1,82566,55.2,柳沢剛,,,,立,,,,新
50,2024,id02_04_03,宮城３区,-,3,66906,44.8,西村明宏,,,,自,安,前,,公
50,2024,id02_04_04,宮城４区,当,1,102229,52.1,安住淳,,,,立,,,,前
50,2024,id02_04_04,宮城４区,-,3,65616,33.4,伊藤信太郎,,,,自,麻,前,,公
50,2024,id02_04_04,宮城４区,-,3,15581,7.9,佐藤雄一,,,,維,,,,新
50,2024,id02_04_04,宮城４区,-,3,12913,6.6,大林正英,,,,れ,,,,新
50,2024,id02_04_05,宮城５区,当,1,132361,74.7,小野寺五典,,,,自,岸,前,,公
50,2024,id02_04_05,宮城５区,-,3,26502,14.9,境恒春,,,,維,,,,新
50,2024,id02_04_05,宮城５区,-,3,18413,10.4,中嶋廉,,,,共,,,,新
50,2024,id02_05_01,秋田１区,当,1,60387,41.7,冨樫博之,,,,自,,前,,公
50,2024,id02_05_01,秋田１区,比当,2,59515,41.1,寺田学,,,,立,,,,前
50,2024,id02_05_01,秋田１区,-,3,17865,12.4,松浦大悟,,,,維,,,,新
50,2024,id02_05_01,秋田１区,-,3,6875,4.8,鈴木知,,,,共,,,,新
50,2024,id02_05_02,秋田２区,当,1,70895,50.4,緑川貴士,,,,立,,,,前
50,2024,id02_05_02,秋田２区,比当,2,65200,46.4,福原淳嗣,,,,自,,新,,公
50,2024,id02_05_02,秋田２区,-,3,4505,3.2,山内梅良,,,,共,,,,新
50,2024,id02_05_03,秋田３区,当,1,83001,45,村岡敏英,,,,国,無,,,元
50,2024,id02_05_03,秋田３区,比当,2,74722,40.5,御法川信英,,,,自,,前,,公
50,2024,id02_05_03,秋田３区,-,3,22043,12,小川幾代,,,,立,,,,新
50,2024,id02_05_03,秋田３区,-,3,4562,2.5,藤田和久,,,,共,,,,新
50,2024,id02_06_01,山形１区,当,1,92238,55.5,遠藤利明,,,,自,,前,,公
50,2024,id02_06_01,山形１区,-,3,64717,38.9,原田和広,,,,立,,,,新
50,2024,id02_06_01,山形１区,-,3,9293,5.6,三井寺修,,,,共,,,,新
50,2024,id02_06_02,山形２区,当,1,105416,56.7,鈴木憲和,,,,自,茂,前,,公
50,2024,id02_06_02,山形２区,比当,2,56359,30.3,菊池大二郎,,,,国,,,,新
50,2024,id02_06_02,山形２区,-,3,15811,8.5,二藤部冬馬,,,,れ,,,,新
50,2024,id02_06_02,山形２区,-,3,8496,4.6,岩本康嗣,,,,共,,,,新
50,2024,id02_06_03,山形３区,当,1,93909,56.1,加藤鮎子,,,,自,,前,,公
50,2024,id02_06_03,山形３区,-,3,63102,37.7,石黒覚,,,,立,,,,新
50,2024,id02_06_03,山形３区,-,3,10372,6.2,山田守,,,,共,,,,新
50,2024,id02_07_01,福島１区,当,1,124441,59.6,金子恵美,,,,立,,,,前
50,2024,id02_07_01,福島１区,-,3,84351,40.4,亀岡偉民,,,,自,安,前,,公
50,2024,id02_07_02,福島２区,当,1,123256,53.9,玄葉光一郎,,,,立,,,,前
50,2024,id02_07_02,福島２区,比当,2,92616,40.5,根本拓,,,,自,,新,,公
50,2024,id02_07_02,福島２区,-,3,12594,5.5,丸本由美子,,,,共,,,,新
50,2024,id02_07_03,福島３区,当,1,96814,54.8,小熊慎司,,,,立,,,,前
50,2024,id02_07_03,福島３区,-,3,68133,38.6,上杉謙太郎,,,,無,安,,,前
50,2024,id02_07_03,福島３区,-,3,11715,6.6,唐橋則男,,,,共,,,,新
50,2024,id02_07_04,福島４区,当,1,85751,46.5,坂本竜太郎,,,,自,,新,,公
50,2024,id02_07_04,福島４区,比当,2,78708,42.7,斎藤裕喜,,,,立,,,,新
50,2024,id02_07_04,福島４区,-,3,19879,10.8,熊谷智,,,,共,,,,新
50,2024,id03_08_01,茨城１区,当,1,94243,45,福島伸享,,,,無,,,,前
50,2024,id03_08_01,茨城１区,比当,2,76960,36.8,田所嘉徳,,,,自,,前,,公
50,2024,id03_08_01,茨城１区,-,3,23619,11.3,武藤優子,,,,維,,,,新
50,2024,id03_08_01,茨城１区,-,3,14565,7,高橋誠一郎,,,,共,,,,新
50,2024,id03_08_02,茨城２区,当,1,80875,59,額賀福志郎,,,,自,,前,,公
50,2024,id03_08_02,茨城２区,-,3,24577,17.9,今村敏昭,,,,維,,,,新
50,2024,id03_08_02,茨城２区,-,3,17613,12.9,川井宏子,,,,共,,,,新
50,2024,id03_08_02,茨城２区,-,3,13902,10.1,大高伸一,,,,無,,,,新
50,2024,id03_08_03,茨城３区,当,1,83667,42.1,葉梨康弘,,,,自,岸,前,,公
50,2024,id03_08_03,茨城３区,-,3,63273,31.8,梶岡博樹,,,,立,,,,新
50,2024,id03_08_03,茨城３区,-,3,23741,11.9,橋口奈保,,,,維,,,,新
50,2024,id03_08_03,茨城３区,-,3,14783,7.4,加川裕美,,,,れ,,,,新
50,2024,id03_08_03,茨城３区,-,3,13235,6.7,大内久美子,,,,共,,,,新
50,2024,id03_08_04,茨城４区,当,1,91019,68.3,梶山弘志,,,,自,,前,,公
50,2024,id03_08_04,茨城４区,-,3,25263,19,武藤博光,,,,維,,,,新
50,2024,id03_08_04,茨城４区,-,3,16927,12.7,吉田翔,,,,共,,,,新
50,2024,id03_08_05,茨城５区,当,1,64351,53.7,浅野哲,,,,国,,,,前
50,2024,id03_08_05,茨城５区,-,3,46717,39,石川昭政,,,,自,,,,前
50,2024,id03_08_05,茨城５区,-,3,8781,7.3,千葉達夫,,,,共,,,,新
50,2024,id03_08_06,茨城６区,当,1,120434,49.3,青山大人,,,,立,,,,前
50,2024,id03_08_06,茨城６区,比当,2,107305,43.9,国光文乃,,,,自,岸,前,,公
50,2024,id03_08_06,茨城６区,-,3,16586,6.8,間宮美知子,,,,共,,,,新
50,2024,id03_08_07,茨城７区,当,1,87187,53,中村勇太,,,,無,,,,新
50,2024,id03_08_07,茨城７区,比当,2,77224,47,永岡桂子,,,,自,麻,前,,公
50,2024,id03_09_01,栃木１区,当,1,78333,39.9,船田元,,,,自,茂,前,,公
50,2024,id03_09_01,栃木１区,-,3,62914,32.1,板津由華,,,,立,,,,新
50,2024,id03_09_01,栃木１区,-,3,45491,23.2,柏倉祐司,,,,維,,,,元
50,2024,id03_09_01,栃木１区,-,3,9490,4.8,青木弘,,,,共,,,,新
50,2024,id03_09_02,栃木２区,当,1,68377,56.8,福田昭夫,,,,立,,,,前
50,2024,id03_09_02,栃木２区,比当,2,51955,43.2,五十嵐清,,,,自,茂,前,,公
50,2024,id03_09_03,栃木３区,当,1,45546,37.4,簗和生,,,,自,安,前,,公
50,2024,id03_09_03,栃木３区,-,3,45368,37.2,渡辺真太朗,,,,無,,,,新
50,2024,id03_09_03,栃木３区,-,3,30913,25.4,伊賀央,,,,立,,,,新
50,2024,id03_09_04,栃木４区,当,1,96573,53.4,藤岡隆雄,,,,立,,,,前
50,2024,id03_09_04,栃木４区,比当,2,75260,41.6,佐藤勉,,,,自,,前,,公
50,2024,id03_09_04,栃木４区,-,3,8985,5,川上均,,,,共,,,,新
50,2024,id03_09_05,栃木５区,当,1,99897,63,茂木敏充,,,,自,茂,前,,公
50,2024,id03_09_05,栃木５区,-,3,25203,15.9,岡村恵子,,,,共,,,,新
50,2024,id03_09_05,栃木５区,-,3,20098,12.7,谷古宇勘司,,,,維,,,,新
50,2024,id03_09_05,栃木５区,-,3,13447,8.5,亀山陽三,,,,無,,,,新
50,2024,id03_10_01,群馬１区,当,1,82455,51.9,中曽根康隆,,,,自,二,前,,公
50,2024,id03_10_01,群馬１区,-,3,56031,35.3,白井桂子,,,,立,,,,新
50,2024,id03_10_01,群馬１区,-,3,20330,12.8,店橋世津子,,,,共,,,,新
50,2024,id03_10_02,群馬２区,当,1,78416,53.2,井野俊郎,,,,自,茂,前,,公
50,2024,id03_10_02,群馬２区,-,3,48251,32.8,石関貴史,,,,無,,,,元
50,2024,id03_10_02,群馬２区,-,3,20626,14,高橋保,,,,共,,,,新
50,2024,id03_10_03,群馬３区,当,1,74930,50.1,笹川博義,,,,自,茂,前,,公
50,2024,id03_10_03,群馬３区,比当,2,74716,49.9,長谷川嘉一,,,,立,,,,元
50,2024,id03_10_04,群馬４区,当,1,80130,56,福田達夫,,,,自,安,前,,公
50,2024,id03_10_04,群馬４区,-,3,46740,32.7,山田博規,,,,立,,,,新
50,2024,id03_10_04,群馬４区,-,3,16128,11.3,萩原貞夫,,,,共,,,,新
50,2024,id03_10_05,群馬５区,当,1,96580,61.8,小渕優子,,,,自,茂,前,,公
50,2024,id03_10_05,群馬５区,-,3,36928,23.6,中島由美子,,,,維,,,,新
50,2024,id03_10_05,群馬５区,-,3,22655,14.5,伊藤達也,,,,共,,,,新
50,2024,id03_11_01,埼玉１区,当,1,85347,41.5,村井英樹,,,,自,岸,前,,公
50,2024,id03_11_01,埼玉１区,比当,2,82134,39.9,武正公一,,,,立,,,,元
50,2024,id03_11_01,埼玉１区,-,3,19039,9.2,浅野目義英,,,,維,,,,新
50,2024,id03_11_01,埼玉１区,-,3,15106,7.3,矢野由紀子,,,,共,,,,新
50,2024,id03_11_01,埼玉１区,-,3,4234,2.1,三上恭平,,,,諸,,,,新
50,2024,id03_11_02,埼玉２区,当,1,72467,39.7,新藤義孝,,,,自,茂,前,,公
50,2024,id03_11_02,埼玉２区,比当,2,43164,23.6,高橋英明,,,,維,,,,前
50,2024,id03_11_02,埼玉２区,-,3,34327,18.8,松浦玄嗣,,,,立,,,,新
50,2024,id03_11_02,埼玉２区,-,3,23317,12.8,奥田智子,,,,共,,,,新
50,2024,id03_11_02,埼玉２区,-,3,9348,5.1,津村大作,,,,諸,,,,新
50,2024,id03_11_03,埼玉３区,当,1,76239,42,黄川田仁志,,,,自,,前,,公
50,2024,id03_11_03,埼玉３区,比当,2,66103,36.4,竹内千春,,,,立,,,,新
50,2024,id03_11_03,埼玉３区,-,3,24442,13.5,石川隆美,,,,維,,,,新
50,2024,id03_11_03,埼玉３区,-,3,14731,8.1,馬場浩,,,,共,,,,新
50,2024,id03_11_04,埼玉４区,当,1,82125,41.8,穂坂泰,,,,自,,前,,公
50,2024,id03_11_04,埼玉４区,比当,2,52728,26.8,岸田光広,,,,国,,,,新
50,2024,id03_11_04,埼玉４区,-,3,34048,17.3,渡辺泰之,,,,維,,,,新
50,2024,id03_11_04,埼玉４区,-,3,27763,14.1,工藤薫,,,,共,,,,新
50,2024,id03_11_05,埼玉５区,当,1,107778,51,枝野幸男,,,,立,,,,前
50,2024,id03_11_05,埼玉５区,-,3,78250,37,牧原秀樹,,,,自,,前,,公
50,2024,id03_11_05,埼玉５区,-,3,15295,7.2,辻村千尋,,,,れ,,,,新
50,2024,id03_11_05,埼玉５区,-,3,10098,4.8,山本悠子,,,,共,,,,新
50,2024,id03_11_06,埼玉６区,当,1,104836,51.3,大島敦,,,,立,,,,前
50,2024,id03_11_06,埼玉６区,-,3,50425,24.7,中根一幸,,,,無,安,,,前
50,2024,id03_11_06,埼玉６区,-,3,24735,12.1,秋山もえ,,,,共,,,,新
50,2024,id03_11_06,埼玉６区,-,3,24341,11.9,細谷美恵子,,,,維,,,,新
50,2024,id03_11_07,埼玉７区,当,1,73293,39.7,小宮山泰子,,,,立,,,,前
50,2024,id03_11_07,埼玉７区,比当,2,66498,36,中野英幸,,,,自,二,前,,公
50,2024,id03_11_07,埼玉７区,-,3,27266,14.8,伊勢田享子,,,,維,,,,新
50,2024,id03_11_07,埼玉７区,-,3,17541,9.5,佐藤一馬,,,,共,,,,新
50,2024,id03_11_08,埼玉８区,当,1,93223,43.4,柴山昌彦,,,,自,安,前,,公
50,2024,id03_11_08,埼玉８区,比当,2,77580,36.1,市来伴子,,,,立,,,,新
50,2024,id03_11_08,埼玉８区,-,3,23810,11.1,市野一馬,,,,維,,,,新
50,2024,id03_11_08,埼玉８区,-,3,20305,9.4,平井明美,,,,共,,,,新
50,2024,id03_11_09,埼玉９区,当,1,83107,41.6,杉村慎治,,,,立,,,,新
50,2024,id03_11_09,埼玉９区,-,3,78811,39.4,大塚拓,,,,自,安,前,,公
50,2024,id03_11_09,埼玉９区,-,3,21680,10.8,近藤秀将,,,,維,,,,新
50,2024,id03_11_09,埼玉９区,-,3,16293,8.2,猪股嘉直,,,,共,,,,新
50,2024,id03_11_10,埼玉１０区,当,1,97591,59,坂本祐之輔,,,,立,,,,前
50,2024,id03_11_10,埼玉１０区,-,3,67764,41,山口晋,,,,自,茂,前,,公
50,2024,id03_11_11,埼玉１１区,当,1,91681,58.1,小泉龍司,,,,自,二,前,,公
50,2024,id03_11_11,埼玉１１区,-,3,49557,31.4,島田誠,,,,立,,,,新
50,2024,id03_11_11,埼玉１１区,-,3,16636,10.5,柿沼遥輝,,,,共,,,,新
50,2024,id03_11_12,埼玉１２区,当,1,103324,57.5,森田俊和,,,,立,,,,前
50,2024,id03_11_12,埼玉１２区,比当,2,76395,42.5,野中厚,,,,自,茂,前,,公
50,2024,id03_11_13,埼玉１３区,当,1,61436,34.1,橋本幹彦,,,,国,,,,新
50,2024,id03_11_13,埼玉１３区,-,3,53382,29.6,三ツ林裕巳,,,,無,安,前,,公
50,2024,id03_11_13,埼玉１３区,比当,2,22237,12.3,高井崇志,,,,れ,,,,元
50,2024,id03_11_13,埼玉１３区,-,3,21561,12,中原由棟,,,,維,,,,新
50,2024,id03_11_13,埼玉１３区,-,3,17099,9.5,沢口千枝子,,,,共,,,,新
50,2024,id03_11_13,埼玉１３区,-,3,4424,2.5,橋本勉,,,,諸,諸,,,元
50,2024,id03_11_14,埼玉１４区,当,1,70608,37,鈴木義弘,,,,国,,,,前
50,2024,id03_11_14,埼玉１４区,-,3,60249,31.6,石井啓一,,,,公,,前,,自
50,2024,id03_11_14,埼玉１４区,-,3,28792,15.1,加来武宜,,,,維,,,,新
50,2024,id03_11_14,埼玉１４区,-,3,17981,9.4,苗村京子,,,,共,,,,新
50,2024,id03_11_14,埼玉１４区,-,3,7486,3.9,関根和也,,,,無,,,,新
50,2024,id03_11_14,埼玉１４区,-,3,5514,2.9,高橋易資,,,,諸,,,,新
50,2024,id03_11_15,埼玉１５区,当,1,73973,35.6,田中良生,,,,自,,前,,公
50,2024,id03_11_15,埼玉１５区,-,3,60356,29,高木錬太郎,,,,立,,,,元
50,2024,id03_11_15,埼玉１５区,-,3,39858,19.2,沢田良,,,,維,,,,前
50,2024,id03_11_15,埼玉１５区,-,3,17683,8.5,守谷千津子,,,,共,,,,新
50,2024,id03_11_15,埼玉１５区,-,3,16157,7.8,河合悠祐,,,,諸,,,,新
50,2024,id03_11_16,埼玉１６区,当,1,66909,38.5,土屋品子,,,,自,,前,,公
50,2024,id03_11_16,埼玉１６区,比当,2,64244,36.9,三角創太,,,,立,,,,新
50,2024,id03_11_16,埼玉１６区,-,3,30027,17.3,中村梨香,,,,維,,,,新
50,2024,id03_11_16,埼玉１６区,-,3,12691,7.3,永堀健,,,,共,,,,新
50,2024,id04_12_01,千葉１区,当,1,107439,47.3,田嶋要,,,,立,,,,前
50,2024,id04_12_01,千葉１区,-,3,67432,29.7,門山宏哲,,,,自,,前,,公
50,2024,id04_12_01,千葉１区,-,3,23770,10.5,依田和孝,,,,維,,,,新
50,2024,id04_12_01,千葉１区,-,3,15703,6.9,上田敦広,,,,参,,,,新
50,2024,id04_12_01,千葉１区,-,3,12662,5.6,渡部雅士,,,,共,,,,新
50,2024,id04_12_02,千葉２区,当,1,103690,68.1,小林鷹之,,,,自,二,前,,公
50,2024,id04_12_02,千葉２区,-,3,48500,31.9,白石ちよ,,,,共,,,,新
50,2024,id04_12_03,千葉３区,当,1,67308,41.2,松野博一,,,,自,安,前,,公
50,2024,id04_12_03,千葉３区,比当,2,64169,39.2,岡島一正,,,,立,,,,元
50,2024,id04_12_03,千葉３区,-,3,22717,13.9,大薄裕也,,,,無,,,,新
50,2024,id04_12_03,千葉３区,-,3,9297,5.7,加藤和夫,,,,共,,,,新
50,2024,id04_12_04,千葉４区,当,1,90011,43.3,水沼秀幸,,,,立,,,,新
50,2024,id04_12_04,千葉４区,-,3,66629,32.1,木村哲也,,,,自,,元,,公
50,2024,id04_12_04,千葉４区,-,3,26222,12.6,雨宮京子,,,,維,,,,新
50,2024,id04_12_04,千葉４区,-,3,13736,6.6,工藤聖子,,,,参,,,,新
50,2024,id04_12_04,千葉４区,-,3,11131,5.4,八鎌健太,,,,共,,,,新
50,2024,id04_12_05,千葉５区,当,1,66031,30.6,矢崎堅太郎,,,,立,,,,新
50,2024,id04_12_05,千葉５区,比当,2,59636,27.6,英利アルフィヤ,,,,自,麻,前,,公
50,2024,id04_12_05,千葉５区,比当,2,51033,23.6,岡野純子,,,,国,,,,新
50,2024,id04_12_05,千葉５区,-,3,17615,8.2,岸野智康,,,,維,,,,新
50,2024,id04_12_05,千葉５区,-,3,11015,5.1,桜井雅人,,,,共,,,,新
50,2024,id04_12_05,千葉５区,-,3,10490,4.9,宮路純一,,,,参,,,,新
50,2024,id04_12_06,千葉６区,当,1,71555,34.4,安藤淳子,,,,立,,,,新
50,2024,id04_12_06,千葉６区,-,3,70215,33.8,渡辺博道,,,,自,茂,前,,公
50,2024,id04_12_06,千葉６区,比当,2,30472,14.7,藤巻健太,,,,維,,,,前
50,2024,id04_12_06,千葉６区,-,3,16752,8.1,原田慎太郎,,,,参,,,,新
50,2024,id04_12_06,千葉６区,-,3,14136,6.8,浦野真,,,,共,,,,新
50,2024,id04_12_06,千葉６区,-,3,4705,2.3,原田義康,,,,社,,,,新
50,2024,id04_12_07,千葉７区,当,1,82606,54.2,斎藤健,,,,自,,前,,公
50,2024,id04_12_07,千葉７区,-,3,51749,33.9,平戸航太,,,,国,,,,新
50,2024,id04_12_07,千葉７区,-,3,18127,11.9,徳増記代子,,,,共,,,,新
50,2024,id04_12_08,千葉８区,当,1,78678,42.9,本庄知史,,,,立,,,,前
50,2024,id04_12_08,千葉８区,-,3,59070,32.2,松本泉,,,,自,,新,,公
50,2024,id04_12_08,千葉８区,-,3,20338,11.1,石塚貞通,,,,維,,,,新
50,2024,id04_12_08,千葉８区,-,3,13872,7.6,宮本寛之,,,,参,,,,新
50,2024,id04_12_08,千葉８区,-,3,11296,6.2,高橋敏,,,,共,,,,新
50,2024,id04_12_09,千葉９区,当,1,86335,43.9,奥野総一郎,,,,立,,,,前
50,2024,id04_12_09,千葉９区,-,3,65963,33.5,田宮寿人,,,,自,,新,,公
50,2024,id04_12_09,千葉９区,-,3,33034,16.8,田沼隆志,,,,維,次,,,元
50,2024,id04_12_09,千葉９区,-,3,11385,5.8,山崎温之,,,,共,,,,新
50,2024,id04_12_10,千葉１０区,当,1,69563,43.8,小池正昭,,,,自,,新,,公
50,2024,id04_12_10,千葉１０区,比当,2,67920,42.8,谷田川元,,,,立,,,,前
50,2024,id04_12_10,千葉１０区,-,3,11484,7.2,椎名亮太,,,,参,,,,新
50,2024,id04_12_10,千葉１０区,-,3,8018,5,仲幸子,,,,共,,,,新
50,2024,id04_12_10,千葉１０区,-,3,1852,1.2,今留尚人,,,,無,,,,新
50,2024,id04_12_11,千葉１１区,当,1,92187,57.4,森英介,,,,自,麻,前,,公
50,2024,id04_12_11,千葉１１区,比当,2,45616,28.4,多ケ谷亮,,,,れ,,,,前
50,2024,id04_12_11,千葉１１区,-,3,22720,14.2,椎名史明,,,,共,,,,新
50,2024,id04_12_12,千葉１２区,当,1,105510,56.5,浜田靖一,,,,自,,前,,公
50,2024,id04_12_12,千葉１２区,-,3,45098,24.2,樋高剛,,,,立,,,,元
50,2024,id04_12_12,千葉１２区,-,3,25882,13.9,地引直輝,,,,維,,,,新
50,2024,id04_12_12,千葉１２区,-,3,10243,5.5,葛原茂,,,,共,,,,新
50,2024,id04_12_13,千葉１３区,当,1,96024,43.8,松本尚,,,,自,安,前,,公
50,2024,id04_12_13,千葉１３区,比当,2,92501,42.2,宮川伸,,,,立,,,,元
50,2024,id04_12_13,千葉１３区,-,3,19582,8.9,中谷めぐみ,,,,参,,,,新
50,2024,id04_12_13,千葉１３区,-,3,11287,5.1,柏崎末人,,,,共,,,,新
50,2024,id04_12_14,千葉１４区,当,1,145821,66.4,野田佳彦,,,,立,,,,前
50,2024,id04_12_14,千葉１４区,-,3,51723,23.6,高橋恭介,,,,自,,新,,公
50,2024,id04_12_14,千葉１４区,-,3,11505,5.2,坂井洋介,,,,共,,,,新
50,2024,id04_12_14,千葉１４区,-,3,10547,4.8,ミサオ・レッドウルフ,,,,れ,,,,新
50,2024,id04_14_01,神奈川１区,当,1,91809,41.1,篠原豪,,,,立,,,,前
50,2024,id04_14_01,神奈川１区,-,3,68931,30.9,松本純,,,,自,麻,元,,公
50,2024,id04_14_01,神奈川１区,-,3,28841,12.9,浅川義治,,,,維,,,,前
50,2024,id04_14_01,神奈川１区,-,3,20110,9,伊東万美子,,,,参,,,,新
50,2024,id04_14_01,神奈川１区,-,3,13572,6.1,蓮池幸雄,,,,共,,,,新
50,2024,id04_14_02,神奈川２区,当,1,119548,52.2,菅義偉,,,,自,,前,,公
50,2024,id04_14_02,神奈川２区,-,3,47222,20.6,柳家東三楼,,,,立,,,,新
50,2024,id04_14_02,神奈川２区,-,3,27535,12,三好諒,,,,れ,,,,新
50,2024,id04_14_02,神奈川２区,-,3,19538,8.5,並木まり子,,,,共,,,,新
50,2024,id04_14_02,神奈川２区,-,3,15315,6.7,平本幸次郎,,,,参,,,,新
50,2024,id04_14_03,神奈川３区,当,1,92125,40.5,中西健治,,,,自,麻,前,,公
50,2024,id04_14_03,神奈川３区,-,3,71464,31.5,中村武人,,,,立,,,,新
50,2024,id04_14_03,神奈川３区,-,3,26622,11.7,佐藤香,,,,維,,,,新
50,2024,id04_14_03,神奈川３区,-,3,18866,8.3,内田恵美子,,,,参,,,,新
50,2024,id04_14_03,神奈川３区,-,3,18145,8,横山征吾,,,,共,,,,新
50,2024,id04_14_04,神奈川４区,当,1,96874,51.5,早稲田夕季,,,,立,,,,前
50,2024,id04_14_04,神奈川４区,-,3,44016,23.4,山本朋広,,,,自,,,,前
50,2024,id04_14_04,神奈川４区,-,3,34625,18.4,加藤千華,,,,維,,,,新
50,2024,id04_14_04,神奈川４区,-,3,12704,6.7,津野照久,,,,参,,,,新
50,2024,id04_14_05,神奈川５区,当,1,80495,40.7,坂井学,,,,自,,前,,公
50,2024,id04_14_05,神奈川５区,比当,2,67399,34.1,山崎誠,,,,立,,,,前
50,2024,id04_14_05,神奈川５区,-,3,33863,17.1,久坂くにえ,,,,維,,,,新
50,2024,id04_14_05,神奈川５区,-,3,15794,8,高宮美智子,,,,共,,,,新
50,2024,id04_14_06,神奈川６区,当,1,80207,40.3,青柳陽一郎,,,,立,,,,前
50,2024,id04_14_06,神奈川６区,比当,2,79281,39.8,古川直季,,,,自,,前,,公
50,2024,id04_14_06,神奈川６区,-,3,22994,11.6,塩坂源一郎,,,,維,,,,新
50,2024,id04_14_06,神奈川６区,-,3,16520,8.3,植木眞理子,,,,共,,,,新
50,2024,id04_14_07,神奈川７区,当,1,71913,43.4,中谷一馬,,,,立,,,,前
50,2024,id04_14_07,神奈川７区,比当,2,61337,37,鈴木馨祐,,,,自,麻,前,,公
50,2024,id04_14_07,神奈川７区,-,3,16697,10.1,宗像富次郎,,,,維,,,,新
50,2024,id04_14_07,神奈川７区,-,3,15678,9.5,大野拓夫,,,,無,,,,新
50,2024,id04_14_08,神奈川８区,当,1,119971,51.4,江田憲司,,,,立,,,,前
50,2024,id04_14_08,神奈川８区,比当,2,95832,41.1,三谷英弘,,,,自,,前,,公
50,2024,id04_14_08,神奈川８区,-,3,17558,7.5,飯田能生,,,,共,,,,新
50,2024,id04_14_09,神奈川９区,当,1,93878,49.6,笠浩史,,,,立,,,,前
50,2024,id04_14_09,神奈川９区,-,3,52358,27.7,中山展宏,,,,自,麻,前,,公
50,2024,id04_14_09,神奈川９区,-,3,24283,12.8,吉田大成,,,,維,,,,新
50,2024,id04_14_09,神奈川９区,-,3,18835,9.9,赤石博子,,,,共,,,,新
50,2024,id04_14_10,神奈川１０区,当,1,57380,34.6,田中和徳,,,,自,麻,前,,公
50,2024,id04_14_10,神奈川１０区,比当,2,51121,30.9,金村龍那,,,,維,,,,前
50,2024,id04_14_10,神奈川１０区,-,3,39409,23.8,鈴木光貴,,,,立,,,,新
50,2024,id04_14_10,神奈川１０区,-,3,17700,10.7,片柳進,,,,共,,,,新
50,2024,id04_14_11,神奈川１１区,当,1,129779,72.4,小泉進次郎,,,,自,,,,前
50,2024,id04_14_11,神奈川１１区,-,3,24850,13.9,為壮稔,,,,共,,,,新
50,2024,id04_14_11,神奈川１１区,-,3,24718,13.8,初鹿野裕樹,,,,参,,,,新
50,2024,id04_14_12,神奈川１２区,当,1,84310,39.7,阿部知子,,,,立,,,,前
50,2024,id04_14_12,神奈川１２区,比当,2,65684,30.9,星野剛士,,,,自,,前,,公
50,2024,id04_14_12,神奈川１２区,-,3,29458,13.9,水戸将史,,,,維,,,,元
50,2024,id04_14_12,神奈川１２区,-,3,19518,9.2,江岡貴宏,,,,参,,,,新
50,2024,id04_14_12,神奈川１２区,-,3,13326,6.3,加藤なを子,,,,共,,,,新
50,2024,id04_14_13,神奈川１３区,当,1,88833,47.1,太栄志,,,,立,,,,前
50,2024,id04_14_13,神奈川１３区,-,3,60237,32,丸田康一郎,,,,自,,新,,公
50,2024,id04_14_13,神奈川１３区,-,3,16531,8.8,京利英,,,,維,,,,新
50,2024,id04_14_13,神奈川１３区,-,3,12177,6.5,石井匡,,,,参,,,,新
50,2024,id04_14_13,神奈川１３区,-,3,10703,5.7,早川宇多子,,,,共,,,,新
50,2024,id04_14_14,神奈川１４区,当,1,81428,39.6,赤間二郎,,,,自,麻,前,,公
50,2024,id04_14_14,神奈川１４区,比当,2,74238,36.1,長友克洋,,,,立,,,,新
50,2024,id04_14_14,神奈川１４区,-,3,19764,9.6,熊坂崇徳,,,,維,,,,新
50,2024,id04_14_14,神奈川１４区,-,3,15090,7.3,先沖仁志,,,,参,,,,新
50,2024,id04_14_14,神奈川１４区,-,3,14930,7.3,中村圭,,,,共,,,,新
50,2024,id04_14_15,神奈川１５区,当,1,128881,55.6,河野太郎,,,,自,麻,前,,公
50,2024,id04_14_15,神奈川１５区,-,3,39980,17.2,佐々木克己,,,,社,,,,新
50,2024,id04_14_15,神奈川１５区,-,3,39183,16.9,内海聡,,,,無,,,,新
50,2024,id04_14_15,神奈川１５区,-,3,23793,10.3,藤田修一,,,,参,,,,新
50,2024,id04_14_16,神奈川１６区,当,1,100677,50.4,後藤祐一,,,,立,,,,前
50,2024,id04_14_16,神奈川１６区,-,3,66952,33.5,義家弘介,,,,自,安,前,,公
50,2024,id04_14_16,神奈川１６区,-,3,16325,8.2,伊左次美江,,,,維,,,,新
50,2024,id04_14_16,神奈川１６区,-,3,11437,5.7,山本瑞恵,,,,共,,,,新
50,2024,id04_14_16,神奈川１６区,-,3,4364,2.2,吉村勝男,,,,無,,,,新
50,2024,id04_14_17,神奈川１７区,当,1,115235,50.9,牧島かれん,,,,自,麻,前,,公
50,2024,id04_14_17,神奈川１７区,比当,2,111061,49.1,佐々木奈保美,,,,立,,,,新
50,2024,id04_14_18,神奈川１８区,当,1,68632,30.7,宗野創,,,,立,,,,新
50,2024,id04_14_18,神奈川１８区,比当,2,52596,23.5,西岡義高,,,,国,,,,新
50,2024,id04_14_18,神奈川１８区,比当,2,52593,23.5,山際大志郎,,,,自,麻,,,前
50,2024,id04_14_18,神奈川１８区,-,3,27727,12.4,横田光弘,,,,維,,,,新
50,2024,id04_14_18,神奈川１８区,-,3,21898,9.8,君嶋千佳子,,,,共,,,,新
50,2024,id04_14_19,神奈川１９区,当,1,64315,31.3,草間剛,,,,自,,新,,公
50,2024,id04_14_19,神奈川１９区,-,3,50857,24.8,佐藤喬,,,,立,,,,新
50,2024,id04_14_19,神奈川１９区,比当,2,50578,24.6,深作ヘスス,,,,国,,,,新
50,2024,id04_14_19,神奈川１９区,-,3,25630,12.5,添田勝,,,,維,,,,新
50,2024,id04_14_19,神奈川１９区,-,3,9008,4.4,横関克弘,,,,共,,,,新
50,2024,id04_14_19,神奈川１９区,-,3,4859,2.4,木吉小百合,,,,無,,,,新
50,2024,id04_14_20,神奈川２０区,当,1,83282,46.8,大塚小百合,,,,立,,,,新
50,2024,id04_14_20,神奈川２０区,-,3,63217,35.5,甘利明,,,,自,麻,前,,公
50,2024,id04_14_20,神奈川２０区,-,3,31550,17.7,金子洋一,,,,維,民,,,新
50,2024,id04_19_01,山梨１区,当,1,107050,45.9,中島克仁,,,,立,,,,前
50,2024,id04_19_01,山梨１区,比当,2,99129,42.5,中谷真一,,,,自,茂,前,,公
50,2024,id04_19_01,山梨１区,-,3,14597,6.3,高田晃宏,,,,参,,,,新
50,2024,id04_19_01,山梨１区,-,3,12601,5.4,早田記史,,,,共,,,,新
50,2024,id04_19_02,山梨２区,当,1,99080,73.6,堀内詔子,,,,自,岸,前,,公
50,2024,id04_19_02,山梨２区,-,3,35569,26.4,大久保令子,,,,共,,,,新
50,2024,id05_13_01,東京１区,当,1,56979,32,海江田万里,,,,立,,,,前
50,2024,id05_13_01,東京１区,-,3,55040,30.9,山田美樹,,,,自,安,前,,公
50,2024,id05_13_01,東京１区,-,3,29002,16.3,音喜多駿,,,,維,,,,新
50,2024,id05_13_01,東京１区,-,3,12255,6.9,佐藤沙織里,,,,無,,,,新
50,2024,id05_13_01,東京１区,-,3,11889,6.7,中野顕,,,,共,,,,新
50,2024,id05_13_01,東京１区,-,3,10636,6,桜井祥子,,,,参,,,,新
50,2024,id05_13_01,東京１区,-,3,951,0.5,高木寛史,,,,諸,,,,新
50,2024,id05_13_01,東京１区,-,3,716,0.4,新垣宏,,,,無,,,,新
50,2024,id05_13_01,東京１区,-,3,530,0.3,新藤伸夫,,,,諸,,,,新
50,2024,id05_13_02,東京２区,当,1,66050,37.1,辻清人,,,,自,岸,前,,公
50,2024,id05_13_02,東京２区,比当,2,48527,27.3,鳩山紀一郎,,,,国,,,,新
50,2024,id05_13_02,東京２区,-,3,29860,16.8,今村充,,,,維,,,,新
50,2024,id05_13_02,東京２区,-,3,22316,12.5,細野真理,,,,共,,,,新
50,2024,id05_13_02,東京２区,-,3,11322,6.4,最上佳則,,,,参,,,,新
50,2024,id05_13_03,東京３区,当,1,61660,30.6,石原宏高,,,,自,岸,前,,公
50,2024,id05_13_03,東京３区,比当,2,54178,26.9,阿部祐美子,,,,立,,,,新
50,2024,id05_13_03,東京３区,-,3,30351,15.1,奥本有里,,,,国,,,,新
50,2024,id05_13_03,東京３区,-,3,25745,12.8,吉平敏孝,,,,維,,,,新
50,2024,id05_13_03,東京３区,-,3,12056,6,香西克介,,,,共,,,,新
50,2024,id05_13_03,東京３区,-,3,8822,4.4,川口めぐみ,,,,無,,,,新
50,2024,id05_13_03,東京３区,-,3,8731,4.3,植木洋貴,,,,参,,,,新
50,2024,id05_13_04,東京４区,当,1,86773,40.2,平将明,,,,自,,前,,公
50,2024,id05_13_04,東京４区,-,3,51810,24,井戸正枝,,,,国,立,,,元
50,2024,id05_13_04,東京４区,-,3,32909,15.3,谷川智行,,,,共,,,,新
50,2024,id05_13_04,東京４区,-,3,32063,14.9,石川雅俊,,,,維,,,,新
50,2024,id05_13_04,東京４区,-,3,12176,5.6,塩寺勇太,,,,参,,,,新
50,2024,id05_13_05,東京５区,当,1,83016,39.4,手塚仁雄,,,,立,,,,前
50,2024,id05_13_05,東京５区,-,3,69024,32.7,若宮健嗣,,,,自,茂,前,,公
50,2024,id05_13_05,東京５区,-,3,36493,17.3,稲葉太郎,,,,維,,,,新
50,2024,id05_13_05,東京５区,-,3,13910,6.6,塗木洋平,,,,参,,,,新
50,2024,id05_13_05,東京５区,-,3,5364,2.5,林理麻,,,,無,,,,新
50,2024,id05_13_05,東京５区,-,3,1889,0.9,松本健太,,,,無,,,,新
50,2024,id05_13_05,東京５区,-,3,1136,0.5,福井健太,,,,無,,,,新
50,2024,id05_13_06,東京６区,当,1,107222,47.4,落合貴之,,,,立,,,,前
50,2024,id05_13_06,東京６区,-,3,63899,28.3,土屋美和,,,,自,,新,,公
50,2024,id05_13_06,東京６区,-,3,32887,14.5,河村建一,,,,維,,,,新
50,2024,id05_13_06,東京６区,-,3,22179,9.8,望月正謹,,,,参,,,,新
50,2024,id05_13_07,東京７区,当,1,86252,41.9,松尾明弘,,,,立,,,,元
50,2024,id05_13_07,東京７区,-,3,55848,27.1,丸川珠代,,,,自,安,,,新
50,2024,id05_13_07,東京７区,-,3,47196,22.9,小野泰輔,,,,維,,,,前
50,2024,id05_13_07,東京７区,-,3,16588,8.1,石川友梨香,,,,参,,,,新
50,2024,id05_13_08,東京８区,当,1,116426,51.1,吉田晴美,,,,立,,,,前
50,2024,id05_13_08,東京８区,-,3,74963,32.9,門寛子,,,,自,,新,,公
50,2024,id05_13_08,東京８区,-,3,20342,8.9,南北ちとせ,,,,維,,,,新
50,2024,id05_13_08,東京８区,-,3,16310,7.2,大森紀明,,,,参,,,,新
50,2024,id05_13_09,東京９区,当,1,75474,44.1,山岸一生,,,,立,,,,前
50,2024,id05_13_09,東京９区,-,3,64798,37.9,菅原一秀,,,,無,自,元,,自公
50,2024,id05_13_09,東京９区,-,3,23488,13.7,大河内茂太,,,,維,,,,新
50,2024,id05_13_09,東京９区,-,3,7245,4.2,大津綾香,,,,諸,,,,新
50,2024,id05_13_10,東京１０区,当,1,93490,38.6,鈴木隼人,,,,自,茂,前,,公
50,2024,id05_13_10,東京１０区,比当,2,92899,38.4,鈴木庸介,,,,立,,,,前
50,2024,id05_13_10,東京１０区,-,3,39555,16.4,永野裕子,,,,維,,,,新
50,2024,id05_13_10,東京１０区,-,3,15970,6.6,安田伸,,,,参,,,,新
50,2024,id05_13_11,東京１１区,当,1,80947,41,阿久津幸彦,,,,立,,,,元
50,2024,id05_13_11,東京１１区,-,3,57275,29,下村博文,,,,無,安,,,前
50,2024,id05_13_11,東京１１区,-,3,33103,16.8,大豆生田実,,,,維,,,,新
50,2024,id05_13_11,東京１１区,-,3,17607,8.9,伊波政昇,,,,共,,,,新
50,2024,id05_13_11,東京１１区,-,3,8316,4.2,斎藤孝幸,,,,無,,,,新
50,2024,id05_13_12,東京１２区,当,1,68878,33.3,高木啓,,,,自,安,前,,公
50,2024,id05_13_12,東京１２区,比当,2,52233,25.2,阿部司,,,,維,,,,前
50,2024,id05_13_12,東京１２区,-,3,44524,21.5,大熊利昭,,,,国,旧希,,,元
50,2024,id05_13_12,東京１２区,-,3,41504,20,田原聖子,,,,共,,,,新
50,2024,id05_13_13,東京１３区,当,1,75050,39.6,土田慎,,,,自,麻,前,,公
50,2024,id05_13_13,東京１３区,比当,2,58385,30.8,森洋介,,,,国,,,,新
50,2024,id05_13_13,東京１３区,-,3,29004,15.3,沢田真吾,,,,共,,,,新
50,2024,id05_13_13,東京１３区,-,3,26989,14.2,重田惇平,,,,維,,,,新
50,2024,id05_13_14,東京１４区,当,1,75862,36.3,松島みどり,,,,自,安,前,,公
50,2024,id05_13_14,東京１４区,-,3,53211,25.5,伊藤菜々,,,,国,,,,新
50,2024,id05_13_14,東京１４区,比当,2,25328,12.1,櫛渕万里,,,,れ,,,,前
50,2024,id05_13_14,東京１４区,-,3,21628,10.4,斉藤佳代,,,,維,,,,新
50,2024,id05_13_14,東京１４区,-,3,20987,10.1,原努,,,,共,,,,新
50,2024,id05_13_14,東京１４区,-,3,10210,4.9,大賀靖郎,,,,参,,,,新
50,2024,id05_13_14,東京１４区,-,3,1481,0.7,大塚紀久雄,,,,無,,,,新
50,2024,id05_13_15,東京１５区,当,1,66791,27.5,酒井菜摘,,,,立,,,,前
50,2024,id05_13_15,東京１５区,-,3,65666,27.1,須藤元気,,,,無,,,,新
50,2024,id05_13_15,東京１５区,比当,2,62771,25.9,大空幸星,,,,自,,新,,公
50,2024,id05_13_15,東京１５区,-,3,32442,13.4,金沢結衣,,,,無,,,,新
50,2024,id05_13_15,東京１５区,-,3,15049,6.2,小堤東,,,,共,,,,新
50,2024,id05_13_16,東京１６区,当,1,71728,37.3,大西洋平,,,,自,,新,,公
50,2024,id05_13_16,東京１６区,比当,2,60714,31.6,柴田勝之,,,,立,,,,新
50,2024,id05_13_16,東京１６区,-,3,28538,14.9,中津川博郷,,,,維,,,,元
50,2024,id05_13_16,東京１６区,-,3,16636,8.7,有田正寿,,,,参,,,,新
50,2024,id05_13_16,東京１６区,-,3,14464,7.5,宮本栄,,,,共,,,,新
50,2024,id05_13_17,東京１７区,当,1,64495,34.8,平沢勝栄,,,,無,二,,,前
50,2024,id05_13_17,東京１７区,比当,2,51975,28,円より子,,,,国,,,,新
50,2024,id05_13_17,東京１７区,比当,2,42420,22.9,猪口幸子,,,,維,,,,新
50,2024,id05_13_17,東京１７区,-,3,26564,14.3,新井杉生,,,,共,,,,新
50,2024,id05_13_18,東京１８区,当,1,99002,42.3,福田かおる,,,,自,,新,,公
50,2024,id05_13_18,東京１８区,比当,2,96820,41.4,松下玲子,,,,立,,,,新
50,2024,id05_13_18,東京１８区,-,3,19496,8.3,徳永由紀子,,,,参,,,,新
50,2024,id05_13_18,東京１８区,-,3,18512,7.9,樋口亮,,,,共,,,,新
50,2024,id05_13_19,東京１９区,当,1,76899,39.4,末松義規,,,,立,,,,前
50,2024,id05_13_19,東京１９区,比当,2,74435,38.2,松本洋平,,,,自,二,前,,公
50,2024,id05_13_19,東京１９区,-,3,23289,11.9,吉田圭一郎,,,,維,,,,新
50,2024,id05_13_19,東京１９区,-,3,20417,10.5,井手重美津子,,,,共,,,,新
50,2024,id05_13_20,東京２０区,当,1,93390,43,木原誠二,,,,自,岸,前,,公
50,2024,id05_13_20,東京２０区,-,3,65435,30.1,大西健太郎,,,,国,,,,新
50,2024,id05_13_20,東京２０区,-,3,58215,26.8,宮本徹,,,,共,,,,前
50,2024,id05_13_21,東京２１区,当,1,90724,42.1,大河原雅子,,,,立,,,,前
50,2024,id05_13_21,東京２１区,-,3,69421,32.2,小田原潔,,,,無,安,,,前
50,2024,id05_13_21,東京２１区,-,3,36642,17,山下容子,,,,維,,,,新
50,2024,id05_13_21,東京２１区,-,3,18511,8.6,森裕一,,,,参,,,,新
50,2024,id05_13_22,東京２２区,当,1,99790,40.2,山花郁夫,,,,立,,,,元
50,2024,id05_13_22,東京２２区,比当,2,96748,39,伊藤達也,,,,自,茂,前,,公
50,2024,id05_13_22,東京２２区,-,3,26005,10.5,鈴木美香,,,,参,,,,新
50,2024,id05_13_22,東京２２区,-,3,25453,10.3,平野義尚,,,,共,,,,新
50,2024,id05_13_23,東京２３区,当,1,111851,59,伊藤俊輔,,,,立,,,,前
50,2024,id05_13_23,東京２３区,-,3,71154,37.6,吉原修,,,,自,,新,,公
50,2024,id05_13_23,東京２３区,-,3,6475,3.4,ＡＩメイヤー,,,,諸,,,,新
50,2024,id05_13_24,東京２４区,当,1,79216,38.6,萩生田光一,,,,無,安,,,前
50,2024,id05_13_24,東京２４区,比当,2,71683,35,有田芳生,,,,立,,,,新
50,2024,id05_13_24,東京２４区,-,3,24653,12,浦川祐輔,,,,国,,,,新
50,2024,id05_13_24,東京２４区,-,3,18501,9,佐藤由美,,,,維,,,,新
50,2024,id05_13_24,東京２４区,-,3,8678,4.2,與倉さゆり,,,,参,,,,新
50,2024,id05_13_24,東京２４区,-,3,2251,1.1,畑尻文夫,,,,無,,,,新
50,2024,id05_13_25,東京２５区,当,1,110488,53.1,井上信治,,,,自,麻,前,,公
50,2024,id05_13_25,東京２５区,-,3,41080,19.7,宮崎太朗,,,,維,,,,新
50,2024,id05_13_25,東京２５区,-,3,29179,14,依田花蓮,,,,れ,,,,新
50,2024,id05_13_25,東京２５区,-,3,27323,13.1,池田公三,,,,共,,,,新
50,2024,id05_13_26,東京２６区,当,1,108174,45.6,松原仁,,,,無,立,,,前
50,2024,id05_13_26,東京２６区,-,3,68568,28.9,今岡植,,,,自,,新,,公
50,2024,id05_13_26,東京２６区,-,3,28819,12.1,和田正子,,,,共,,,,新
50,2024,id05_13_26,東京２６区,-,3,17250,7.3,藤田久美,,,,参,,,,新
50,2024,id05_13_26,東京２６区,-,3,14602,6.2,田淵正文,,,,無,,,,新
50,2024,id05_13_27,東京２７区,当,1,112388,54.6,長妻昭,,,,立,,,,前
50,2024,id05_13_27,東京２７区,-,3,59952,29.1,黒崎祐一,,,,自,,新,,公
50,2024,id05_13_27,東京２７区,-,3,22947,11.1,石川芽生子,,,,参,,,,新
50,2024,id05_13_27,東京２７区,-,3,10542,5.1,石倉弘次郎,,,,無,,,,新
50,2024,id05_13_28,東京２８区,当,1,50626,29.1,高松智之,,,,立,,,,新
50,2024,id05_13_28,東京２８区,比当,2,50290,28.9,安藤高夫,,,,自,安,元,,公
50,2024,id05_13_28,東京２８区,-,3,34930,20.1,奥村祥大,,,,国,,,,新
50,2024,id05_13_28,東京２８区,-,3,14530,8.4,高野直美,,,,共,,,,新
50,2024,id05_13_28,東京２８区,-,3,12344,7.1,藤川隆史,,,,維,,,,新
50,2024,id05_13_28,東京２８区,-,3,11109,6.4,江崎早苗,,,,参,,,,新
50,2024,id05_13_29,東京２９区,当,1,60100,33.2,岡本三成,,,,公,,前,,自
50,2024,id05_13_29,東京２９区,-,3,47996,26.5,木村剛司,,,,立,,,,元
50,2024,id05_13_29,東京２９区,-,3,31367,17.3,樽井良和,,,,国,,,,元
50,2024,id05_13_29,東京２９区,-,3,24107,13.3,海老沢由紀,,,,維,,,,新
50,2024,id05_13_29,東京２９区,-,3,17325,9.6,鈴木賢一,,,,共,,,,新
50,2024,id05_13_30,東京３０区,当,1,98146,42,五十嵐衣里,,,,立,,,,新
50,2024,id05_13_30,東京３０区,比当,2,91798,39.3,長島昭久,,,,自,二,前,,公
50,2024,id05_13_30,東京３０区,-,3,19061,8.2,早川寛,,,,共,,,,新
50,2024,id05_13_30,東京３０区,-,3,17013,7.3,武田祐一郎,,,,参,,,,新
50,2024,id05_13_30,東京３０区,-,3,7815,3.3,三井健,,,,諸,,,,新
50,2024,id06_15_01,新潟１区,当,1,99487,52.7,西村智奈美,,,,立,,,,前
50,2024,id06_15_01,新潟１区,-,3,61025,32.3,塚田一郎,,,,自,麻,前,,公
50,2024,id06_15_01,新潟１区,-,3,17299,9.2,石崎徹,,,,維,,,,元
50,2024,id06_15_01,新潟１区,-,3,10845,5.7,中村岳夫,,,,共,,,,新
50,2024,id06_15_02,新潟２区,当,1,123334,56.2,菊田真紀子,,,,立,,,,前
50,2024,id06_15_02,新潟２区,-,3,67124,30.6,細田健一,,,,無,安,,,前
50,2024,id06_15_02,新潟２区,-,3,29023,13.2,井上基之,,,,維,,,,新
50,2024,id06_15_03,新潟３区,当,1,105275,49.3,黒岩宇洋,,,,立,,,,元
50,2024,id06_15_03,新潟３区,比当,2,94984,44.5,斎藤洋明,,,,自,麻,前,,公
50,2024,id06_15_03,新潟３区,-,3,13370,6.3,吉村祐一郎,,,,維,,,,新
50,2024,id06_15_04,新潟４区,当,1,93764,44.9,米山隆一,,,,立,無,,,前
50,2024,id06_15_04,新潟４区,-,3,71672,34.3,鷲尾英一郎,,,,自,二,前,,公
50,2024,id06_15_04,新潟４区,-,3,43396,20.8,泉田裕彦,,,,無,自,,,前
50,2024,id06_15_05,新潟５区,当,1,114429,55.3,梅谷守,,,,立,,,,前
50,2024,id06_15_05,新潟５区,-,3,92589,44.7,高鳥修一,,,,自,安,前,,公
50,2024,id06_16_01,富山１区,当,1,45917,35.1,田畑裕明,,,,自,安,前,,公
50,2024,id06_16_01,富山１区,比当,2,45179,34.5,山登志浩,,,,立,,,,新
50,2024,id06_16_01,富山１区,-,3,19870,15.2,吉田豊史,,,,無,維,,,前
50,2024,id06_16_01,富山１区,-,3,12995,9.9,浅岡弘彦,,,,維,,,,新
50,2024,id06_16_01,富山１区,-,3,6903,5.3,青山了介,,,,共,,,,新
50,2024,id06_16_02,富山２区,当,1,73872,59.3,上田英俊,,,,自,茂,前,,公
50,2024,id06_16_02,富山２区,-,3,41456,33.3,越川康晴,,,,立,,,,新
50,2024,id06_16_02,富山２区,-,3,9197,7.4,泉野和之,,,,共,,,,新
50,2024,id06_16_03,富山３区,当,1,131549,66.6,橘慶一郎,,,,自,,前,,公
50,2024,id06_16_03,富山３区,-,3,46676,23.6,大久保光太,,,,国,,,,新
50,2024,id06_16_03,富山３区,-,3,19272,9.8,坂本洋史,,,,共,,,,新
50,2024,id06_17_01,石川１区,当,1,64997,36.3,小森卓郎,,,,自,安,前,,公
50,2024,id06_17_01,石川１区,-,3,51506,28.7,荒井淳志,,,,立,,,,新
50,2024,id06_17_01,石川１区,-,3,27257,15.2,小林誠,,,,維,,,,新
50,2024,id06_17_01,石川１区,比当,2,24324,13.6,小竹凱,,,,国,,,,新
50,2024,id06_17_01,石川１区,-,3,8913,5,村田茂,,,,共,,,,新
50,2024,id06_17_01,石川１区,-,3,2210,1.2,藤原徳英,,,,無,,,,新
50,2024,id06_17_02,石川２区,当,1,100617,57.8,佐々木紀,,,,自,安,前,,公
50,2024,id06_17_02,石川２区,-,3,62588,36,小山田経子,,,,立,,,,新
50,2024,id06_17_02,石川２区,-,3,10873,6.2,坂本浩,,,,共,,,,新
50,2024,id06_17_03,石川３区,当,1,77247,54.4,近藤和也,,,,立,,,,前
50,2024,id06_17_03,石川３区,比当,2,61308,43.2,西田昭二,,,,自,岸,前,,公
50,2024,id06_17_03,石川３区,-,3,3438,2.4,南章治,,,,共,,,,新
50,2024,id06_18_01,福井１区,当,1,86906,43.9,稲田朋美,,,,自,安,前,,公
50,2024,id06_18_01,福井１区,比当,2,70328,35.5,波多野翼,,,,立,,,,新
50,2024,id06_18_01,福井１区,-,3,19716,10,田中こはる,,,,参,,,,新
50,2024,id06_18_01,福井１区,-,3,11215,5.7,金元幸枝,,,,共,,,,新
50,2024,id06_18_01,福井１区,-,3,9845,5,西山理恵,,,,無,,,,新
50,2024,id06_18_02,福井２区,当,1,54100,36.3,辻英之,,,,立,,,,新
50,2024,id06_18_02,福井２区,比当,2,38749,26,斉木武志,,,,維,無,,,元
50,2024,id06_18_02,福井２区,-,3,33532,22.5,高木毅,,,,無,安,,,前
50,2024,id06_18_02,福井２区,-,3,18656,12.5,山本拓,,,,無,自,,,元
50,2024,id06_18_02,福井２区,-,3,3934,2.6,小柳茂臣,,,,共,,,,新
50,2024,id06_20_01,長野１区,当,1,105231,46.3,篠原孝,,,,立,,,,前
50,2024,id06_20_01,長野１区,-,3,88792,39,若林健太,,,,自,安,前,,公
50,2024,id06_20_01,長野１区,-,3,33470,14.7,若狹清史,,,,維,,,,新
50,2024,id06_20_02,長野２区,当,1,98664,48.4,下条みつ,,,,立,,,,前
50,2024,id06_20_02,長野２区,-,3,54265,26.6,務台俊介,,,,自,麻,前,,公
50,2024,id06_20_02,長野２区,-,3,50961,25,手塚大輔,,,,維,,,,新
50,2024,id06_20_03,長野３区,当,1,121594,55,神津健,,,,立,,,,前
50,2024,id06_20_03,長野３区,比当,2,99431,45,井出庸生,,,,自,麻,前,,公
50,2024,id06_20_04,長野４区,当,1,75713,60.2,後藤茂之,,,,自,,前,,公
50,2024,id06_20_04,長野４区,-,3,50005,39.8,武田良介,,,,共,,,,新
50,2024,id06_20_05,長野５区,当,1,78139,48.4,宮下一郎,,,,自,安,前,,公
50,2024,id06_20_05,長野５区,比当,2,68650,42.5,福田淳太,,,,立,,,,新
50,2024,id06_20_05,長野５区,-,3,14681,9.1,後藤荘一,,,,共,,,,新
50,2024,id07_21_01,岐阜１区,当,1,100226,67.5,野田聖子,,,,自,,前,,公
50,2024,id07_21_01,岐阜１区,-,3,48325,32.5,山越徹,,,,共,,,,新
50,2024,id07_21_02,岐阜２区,当,1,91183,61.9,棚橋泰文,,,,自,麻,前,,公
50,2024,id07_21_02,岐阜２区,-,3,33634,22.8,三尾圭司,,,,共,,,,新
50,2024,id07_21_02,岐阜２区,-,3,22456,15.2,伊藤あゆみ,,,,無,,,,新
50,2024,id07_21_03,岐阜３区,当,1,98370,46.8,武藤容治,,,,自,麻,前,,公
50,2024,id07_21_03,岐阜３区,比当,2,64039,30.4,仙田晃宏,,,,国,,,,新
50,2024,id07_21_03,岐阜３区,比当,2,48002,22.8,阪口直人,,,,れ,立,,,元
50,2024,id07_21_04,岐阜４区,当,1,114032,57.3,今井雅人,,,,立,,,,元
50,2024,id07_21_04,岐阜４区,-,3,85129,42.7,金子俊平,,,,自,岸,前,,公
50,2024,id07_21_05,岐阜５区,当,1,73679,48.3,古屋圭司,,,,自,,前,,公
50,2024,id07_21_05,岐阜５区,比当,2,58973,38.6,真野哲,,,,立,,,,新
50,2024,id07_21_05,岐阜５区,-,3,19973,13.1,山田良司,,,,維,,,,元
50,2024,id07_22_01,静岡１区,当,1,114278,56.8,上川陽子,,,,自,岸,前,,公
50,2024,id07_22_01,静岡１区,-,3,47375,23.6,高橋美穂,,,,立,国,,,元
50,2024,id07_22_01,静岡１区,-,3,22239,11.1,山下洸棋,,,,維,,,,新
50,2024,id07_22_01,静岡１区,-,3,13593,6.8,鈴木節子,,,,共,,,,新
50,2024,id07_22_01,静岡１区,-,3,3675,1.8,鈴木惇弘,,,,無,,,,新
50,2024,id07_22_02,静岡２区,当,1,113419,55,井林辰憲,,,,自,麻,前,,公
50,2024,id07_22_02,静岡２区,比当,2,70131,34,鈴木岳幸,,,,立,,,,新
50,2024,id07_22_02,静岡２区,-,3,22486,10.9,提坂大介,,,,参,,,,新
50,2024,id07_22_03,静岡３区,当,1,92072,43.2,小山展弘,,,,立,,,,前
50,2024,id07_22_03,静岡３区,-,3,61599,28.9,山本裕三,,,,自,,新,,公
50,2024,id07_22_03,静岡３区,-,3,37975,17.8,宮沢博行,,,,無,自,,,元
50,2024,id07_22_03,静岡３区,-,3,17573,8.2,釜下由佳子,,,,維,,,,新
50,2024,id07_22_03,静岡３区,-,3,3996,1.9,杉村義夫,,,,無,,,,新
50,2024,id07_22_04,静岡４区,当,1,82448,50.8,田中健,,,,国,,,,前
50,2024,id07_22_04,静岡４区,比当,2,79801,49.2,深沢陽一,,,,自,岸,前,,公
50,2024,id07_22_05,静岡５区,当,1,141021,63.2,細野豪志,,,,自,二,前,,公
50,2024,id07_22_05,静岡５区,-,3,66612,29.8,外山和之,,,,立,,,,新
50,2024,id07_22_05,静岡５区,-,3,15605,7,下山一美,,,,共,,,,新
50,2024,id07_22_06,静岡６区,当,1,104222,46.3,渡辺周,,,,立,,,,前
50,2024,id07_22_06,静岡６区,比当,2,100088,44.4,勝俣孝明,,,,自,二,前,,公
50,2024,id07_22_06,静岡６区,-,3,21003,9.3,冨谷皐介,,,,れ,,,,新
50,2024,id07_22_07,静岡７区,当,1,115175,63.3,城内実,,,,自,森,前,,公
50,2024,id07_22_07,静岡７区,-,3,54789,30.1,日吉雄太,,,,立,,,,元
50,2024,id07_22_07,静岡７区,-,3,12032,6.6,吉川奈緒子,,,,共,,,,新
50,2024,id07_22_08,静岡８区,当,1,108212,52.4,源馬謙太郎,,,,立,,,,前
50,2024,id07_22_08,静岡８区,-,3,62333,30.2,稲葉大輔,,,,自,,,,新
50,2024,id07_22_08,静岡８区,-,3,16251,7.9,寺嶋瑞仁,,,,維,,,,新
50,2024,id07_22_08,静岡８区,-,3,11059,5.4,平賀高成,,,,共,,,,元
50,2024,id07_22_08,静岡８区,-,3,8808,4.3,加藤順久,,,,無,,,,新
50,2024,id07_23_01,愛知１区,当,1,95613,46.6,河村たかし,,,,保,民主,,,元
50,2024,id07_23_01,愛知１区,-,3,48304,23.6,吉田統彦,,,,立,,,,前
50,2024,id07_23_01,愛知１区,-,3,43381,21.2,熊田裕通,,,,自,,前,,公
50,2024,id07_23_01,愛知１区,-,3,17810,8.7,山本耕一,,,,維,,,,新
50,2024,id07_23_02,愛知２区,当,1,121739,58.5,古川元久,,,,国,,,,前
50,2024,id07_23_02,愛知２区,-,3,50195,24.1,中川貴元,,,,自,麻,前,,公
50,2024,id07_23_02,愛知２区,-,3,18864,9.1,室園幸志,,,,維,,,,新
50,2024,id07_23_02,愛知２区,-,3,17422,8.4,酒井健太朗,,,,共,,,,新
50,2024,id07_23_03,愛知３区,当,1,103624,47,近藤昭一,,,,立,,,,前
50,2024,id07_23_03,愛知３区,-,3,54199,24.6,水野良彦,,,,自,,新,,公
50,2024,id07_23_03,愛知３区,-,3,27187,12.3,皆川雅一,,,,維,,,,新
50,2024,id07_23_03,愛知３区,-,3,18412,8.3,大橋享,,,,保,,,,新
50,2024,id07_23_03,愛知３区,-,3,17234,7.8,杉本純子,,,,参,,,,新
50,2024,id07_23_04,愛知４区,当,1,63668,36.4,牧義夫,,,,立,,,,前
50,2024,id07_23_04,愛知４区,比当,2,54385,31.1,工藤彰三,,,,自,麻,前,,公
50,2024,id07_23_04,愛知４区,-,3,22661,13,中田千代,,,,維,,,,新
50,2024,id07_23_04,愛知４区,-,3,19805,11.3,麻生知沙,,,,保,,,,新
50,2024,id07_23_04,愛知４区,-,3,14453,8.3,高橋祐介,,,,共,,,,新
50,2024,id07_23_05,愛知５区,当,1,54818,34.6,西川厚志,,,,立,,,,新
50,2024,id07_23_05,愛知５区,-,3,36662,23.1,神田憲次,,,,自,安,,,前
50,2024,id07_23_05,愛知５区,-,3,33568,21.2,岬麻紀,,,,維,,,,前
50,2024,id07_23_05,愛知５区,-,3,22007,13.9,田中克和,,,,保,,,,新
50,2024,id07_23_05,愛知５区,-,3,11601,7.3,江上博之,,,,共,,,,新
50,2024,id07_23_06,愛知６区,当,1,92083,51.7,丹羽秀樹,,,,自,,前,,公
50,2024,id07_23_06,愛知６区,-,3,32608,18.3,前田雄吉,,,,無,未,,,元
50,2024,id07_23_06,愛知６区,-,3,26854,15.1,大西雅人,,,,社,,,,新
50,2024,id07_23_06,愛知６区,-,3,26425,14.8,原田学,,,,共,,,,新
50,2024,id07_23_07,愛知７区,当,1,111406,55.9,日野紗里亜,,,,国,,,,新
50,2024,id07_23_07,愛知７区,-,3,71176,35.7,鈴木淳司,,,,自,安,前,,公
50,2024,id07_23_07,愛知７区,-,3,16780,8.4,鈴木弘一,,,,共,,,,新
50,2024,id07_23_08,愛知８区,当,1,115282,49.7,伴野豊,,,,立,,,,前
50,2024,id07_23_08,愛知８区,比当,2,95844,41.3,伊藤忠彦,,,,自,二,前,,公
50,2024,id07_23_08,愛知８区,-,3,20799,9,古川大暁,,,,共,,,,新
50,2024,id07_23_09,愛知９区,当,1,91152,48,岡本充功,,,,立,,,,元
50,2024,id07_23_09,愛知９区,比当,2,78726,41.5,長坂康正,,,,自,麻,前,,公
50,2024,id07_23_09,愛知９区,-,3,19899,10.5,伊藤恵子,,,,共,,,,新
50,2024,id07_23_10,愛知１０区,当,1,59691,34.7,藤原規真,,,,立,,,,新
50,2024,id07_23_10,愛知１０区,比当,2,59529,34.6,若山慎司,,,,自,,新,,公
50,2024,id07_23_10,愛知１０区,比当,2,52957,30.8,杉本和巳,,,,維,,,,前
50,2024,id07_23_11,愛知１１区,当,1,134528,56.9,丹野みどり,,,,国,,,,新
50,2024,id07_23_11,愛知１１区,-,3,90844,38.4,八木哲也,,,,自,,前,,公
50,2024,id07_23_11,愛知１１区,-,3,11105,4.7,植田和男,,,,共,,,,新
50,2024,id07_23_12,愛知１２区,当,1,126940,50.5,重徳和彦,,,,立,,,,前
50,2024,id07_23_12,愛知１２区,-,3,86025,34.2,青山周平,,,,自,安,前,,公
50,2024,id07_23_12,愛知１２区,-,3,28489,11.3,中川博登,,,,維,,,,新
50,2024,id07_23_12,愛知１２区,-,3,10118,4,関久一,,,,共,,,,新
50,2024,id07_23_13,愛知１３区,当,1,137944,56.3,大西健介,,,,立,,,,前
50,2024,id07_23_13,愛知１３区,-,3,90214,36.8,石井拓,,,,自,安,前,,公
50,2024,id07_23_13,愛知１３区,-,3,16818,6.9,牛田清博,,,,共,,,,新
50,2024,id07_23_14,愛知１４区,当,1,90334,54.7,今枝宗一郎,,,,自,麻,前,,公
50,2024,id07_23_14,愛知１４区,比当,2,64763,39.2,大嶽理恵,,,,立,,,,新
50,2024,id07_23_14,愛知１４区,-,3,9970,6,浅尾大輔,,,,共,,,,新
50,2024,id07_23_15,愛知１５区,当,1,71012,38.7,根本幸典,,,,自,安,前,,公
50,2024,id07_23_15,愛知１５区,-,3,44945,24.5,関健一郎,,,,維,立,,,元
50,2024,id07_23_15,愛知１５区,比当,2,42837,23.3,小山千帆,,,,立,,,,新
50,2024,id07_23_15,愛知１５区,-,3,17529,9.6,辻恵,,,,れ,,,,元
50,2024,id07_23_15,愛知１５区,-,3,7220,3.9,高木繁,,,,共,,,,新
50,2024,id07_23_16,愛知１６区,当,1,65923,32.7,福田徹,,,,国,,,,新
50,2024,id07_23_16,愛知１６区,-,3,63095,31.3,犬飼明佳,,,,公,,新,,自
50,2024,id07_23_16,愛知１６区,比当,2,61792,30.7,松田功,,,,立,,,,元
50,2024,id07_23_16,愛知１６区,-,3,10634,5.3,松崎省三,,,,共,,,,新
50,2024,id07_24_01,三重１区,当,1,107926,57.6,田村憲久,,,,自,岸,前,,公
50,2024,id07_24_01,三重１区,比当,2,63770,34,福森和歌子,,,,立,,,,新
50,2024,id07_24_01,三重１区,-,3,15776,8.4,出口洋介,,,,共,,,,新
50,2024,id07_24_02,三重２区,当,1,90930,42,下野幸助,,,,立,,,,新
50,2024,id07_24_02,三重２区,比当,2,85863,39.7,川崎秀人,,,,自,,前,,公
50,2024,id07_24_02,三重２区,-,3,23904,11,森口あゆみ,,,,維,,,,新
50,2024,id07_24_02,三重２区,-,3,15753,7.3,山本里香,,,,共,,,,新
50,2024,id07_24_03,三重３区,当,1,137953,60.9,岡田克也,,,,立,,,,前
50,2024,id07_24_03,三重３区,-,3,56630,25,石原正敬,,,,自,岸,前,,公
50,2024,id07_24_03,三重３区,-,3,31998,14.1,伊藤昌志,,,,維,,,,新
50,2024,id07_24_04,三重４区,当,1,96619,60.2,鈴木英敬,,,,自,安,前,,公
50,2024,id07_24_04,三重４区,-,3,53360,33.2,青沼陽一郎,,,,立,,,,新
50,2024,id07_24_04,三重４区,-,3,10548,6.6,中川民英,,,,共,,,,新
50,2024,id08_25_01,滋賀１区,当,1,74126,43,斎藤アレックス,,,,維,国,,,前
50,2024,id08_25_01,滋賀１区,比当,2,70033,40.6,大岡敏孝,,,,自,二,前,,公
50,2024,id08_25_01,滋賀１区,-,3,28359,16.4,黄野瀬明子,,,,共,,,,新
50,2024,id08_25_02,滋賀２区,当,1,99347,43.7,上野賢一郎,,,,自,森,前,,公
50,2024,id08_25_02,滋賀２区,-,3,65324,28.7,平尾道雄,,,,立,,,,新
50,2024,id08_25_02,滋賀２区,-,3,62646,27.6,徳永久志,,,,維,立,,,前
50,2024,id08_25_03,滋賀３区,当,1,95874,45.1,武村展英,,,,自,,前,,公
50,2024,id08_25_03,滋賀３区,-,3,64628,30.4,出路真吾,,,,維,,,,新
50,2024,id08_25_03,滋賀３区,比当,2,26862,12.6,北野裕子,,,,参,,,,新
50,2024,id08_25_03,滋賀３区,-,3,25446,12,佐藤耕平,,,,共,,,,新
50,2024,id08_26_01,京都１区,当,1,63057,31.9,勝目康,,,,自,,前,,公
50,2024,id08_26_01,京都１区,-,3,37876,19.1,堀場幸子,,,,維,,,,前
50,2024,id08_26_01,京都１区,-,3,36232,18.3,平竹耕三,,,,立,,,,新
50,2024,id08_26_01,京都１区,-,3,29988,15.2,井坂博文,,,,共,,,,新
50,2024,id08_26_01,京都１区,-,3,14531,7.3,安持成美,,,,れ,,,,新
50,2024,id08_26_01,京都１区,-,3,13825,7,安達悠司,,,,参,,,,新
50,2024,id08_26_01,京都１区,-,3,2385,1.2,山下博子,,,,無,,,,新
50,2024,id08_26_02,京都２区,当,1,60922,45.9,前原誠司,,,,維,国,,,前
50,2024,id08_26_02,京都２区,比当,2,30697,23.1,堀川朗子,,,,共,,,,新
50,2024,id08_26_02,京都２区,-,3,29638,22.3,佐野英志,,,,自,,新,,公
50,2024,id08_26_02,京都２区,-,3,8270,6.2,小松広明,,,,参,,,,新
50,2024,id08_26_02,京都２区,-,3,2450,1.8,本田裕典,,,,無,,,,新
50,2024,id08_26_02,京都２区,-,3,851,0.6,弘田哲雄,,,,無,,,,新
50,2024,id08_26_03,京都３区,当,1,82823,47.2,泉健太,,,,立,,,,前
50,2024,id08_26_03,京都３区,-,3,38632,22,森干晟,,,,自,,新,,公
50,2024,id08_26_03,京都３区,-,3,24948,14.2,木村元紀,,,,維,,,,新
50,2024,id08_26_03,京都３区,-,3,19002,10.8,西山頌秀,,,,共,,,,新
50,2024,id08_26_03,京都３区,-,3,9916,5.7,吉田真由美,,,,参,,,,新
50,2024,id08_26_04,京都４区,当,1,102063,51.3,北神圭朗,,,,無,,,,前
50,2024,id08_26_04,京都４区,-,3,59897,30.1,田中英之,,,,自,,前,,公
50,2024,id08_26_04,京都４区,-,3,37174,18.7,吉田幸一,,,,共,,,,新
50,2024,id08_26_05,京都５区,当,1,57455,46.3,本田太郎,,,,自,,前,,公
50,2024,id08_26_05,京都５区,-,3,32355,26.1,山本和嘉子,,,,立,,,,元
50,2024,id08_26_05,京都５区,-,3,20387,16.4,道本隆也,,,,維,,,,新
50,2024,id08_26_05,京都５区,-,3,13831,11.2,山内健,,,,共,,,,新
50,2024,id08_26_06,京都６区,当,1,97542,40.1,山井和則,,,,立,,,,前
50,2024,id08_26_06,京都６区,-,3,65152,26.8,園崎弘道,,,,自,,新,,公
50,2024,id08_26_06,京都６区,-,3,38590,15.9,中嶋秀樹,,,,維,,,,前
50,2024,id08_26_06,京都６区,-,3,21405,8.8,上條亮一,,,,共,,,,新
50,2024,id08_26_06,京都６区,-,3,20480,8.4,安藤裕,,,,参,諸,,,元
50,2024,id08_27_01,大阪１区,当,1,102113,48.2,井上英孝,,,,維,,,,前
50,2024,id08_27_01,大阪１区,-,3,56347,26.6,大西宏幸,,,,自,岸,元,,公
50,2024,id08_27_01,大阪１区,-,3,27312,12.9,竹内祥倫,,,,共,,,,新
50,2024,id08_27_01,大阪１区,-,3,25908,12.2,宮出千慧,,,,参,,,,新
50,2024,id08_27_02,大阪２区,当,1,99277,44.2,守島正,,,,維,,,,前
50,2024,id08_27_02,大阪２区,-,3,67833,30.2,左藤章,,,,自,岸,元,,公
50,2024,id08_27_02,大阪２区,-,3,27853,12.4,小川陽太,,,,共,,,,新
50,2024,id08_27_02,大阪２区,-,3,19893,8.9,藤田美季,,,,参,,,,新
50,2024,id08_27_02,大阪２区,-,3,9796,4.4,堀内孝雄,,,,無,,,,新
50,2024,id08_27_03,大阪３区,当,1,74546,41.3,東徹,,,,維,,,,新
50,2024,id08_27_03,大阪３区,-,3,52107,28.9,佐藤茂樹,,,,公,,前,,自
50,2024,id08_27_03,大阪３区,-,3,22878,12.7,萩原仁,,,,立,,,,元
50,2024,id08_27_03,大阪３区,-,3,22218,12.3,渡部結,,,,共,,,,新
50,2024,id08_27_03,大阪３区,-,3,8726,4.8,中条栄太郎,,,,無,,,,新
50,2024,id08_27_04,大阪４区,当,1,94129,43.1,美延映夫,,,,維,,,,前
50,2024,id08_27_04,大阪４区,-,3,64424,29.5,中山泰秀,,,,自,安,元,,公
50,2024,id08_27_04,大阪４区,-,3,33585,15.4,清水忠史,,,,共,,,,元
50,2024,id08_27_04,大阪４区,-,3,20038,9.2,黒川洋司,,,,参,,,,新
50,2024,id08_27_04,大阪４区,-,3,6008,2.8,寺川幸生栄,,,,無,,,,新
50,2024,id08_27_05,大阪５区,当,1,87100,39.9,梅村聡,,,,維,,,,新
50,2024,id08_27_05,大阪５区,-,3,65872,30.2,国重徹,,,,公,,前,,自
50,2024,id08_27_05,大阪５区,比当,2,26789,12.3,大石晃子,,,,れ,,,,前
50,2024,id08_27_05,大阪５区,-,3,24480,11.2,宮本岳志,,,,共,,,,前
50,2024,id08_27_05,大阪５区,-,3,14054,6.4,石橋篤史,,,,参,,,,新
50,2024,id08_27_06,大阪６区,当,1,77905,39.3,西田薫,,,,維,,,,新
50,2024,id08_27_06,大阪６区,-,3,69058,34.9,伊佐進一,,,,公,,前,,自
50,2024,id08_27_06,大阪６区,-,3,19877,10,福留陽子,,,,立,,,,新
50,2024,id08_27_06,大阪６区,-,3,16205,8.2,渡司考一,,,,共,,,,新
50,2024,id08_27_06,大阪６区,-,3,15016,7.6,月足舞子,,,,参,,,,新
50,2024,id08_27_07,大阪７区,当,1,95367,44.5,奥下剛光,,,,維,,,,前
50,2024,id08_27_07,大阪７区,-,3,66435,31,渡嘉敷奈緒美,,,,自,茂,元,,公
50,2024,id08_27_07,大阪７区,-,3,32368,15.1,川添健真,,,,共,,,,新
50,2024,id08_27_07,大阪７区,-,3,19941,9.3,池上和日子,,,,参,,,,新
50,2024,id08_27_08,大阪８区,当,1,84503,36.6,漆間譲司,,,,維,,,,前
50,2024,id08_27_08,大阪８区,-,3,66582,28.8,高麗啓一郎,,,,自,,新,,公
50,2024,id08_27_08,大阪８区,比当,2,40552,17.5,平岩征樹,,,,国,,,,新
50,2024,id08_27_08,大阪８区,-,3,24277,10.5,平川節代,,,,共,,,,新
50,2024,id08_27_08,大阪８区,-,3,15272,6.6,谷浩一郎,,,,参,,,,新
50,2024,id08_27_09,大阪９区,当,1,84068,42.6,萩原佳,,,,維,,,,新
50,2024,id08_27_09,大阪９区,-,3,62170,31.5,東田淳平,,,,自,,新,,公
50,2024,id08_27_09,大阪９区,-,3,27617,14,長崎由美子,,,,社,,,,新
50,2024,id08_27_09,大阪９区,-,3,19690,10,片岡真,,,,参,,,,新
50,2024,id08_27_09,大阪９区,-,3,3962,2,磯部和哉,,,,無,,,,新
50,2024,id08_27_10,大阪１０区,当,1,79621,44.1,池下卓,,,,維,,,,前
50,2024,id08_27_10,大阪１０区,比当,2,58971,32.7,尾辻かな子,,,,立,,,,元
50,2024,id08_27_10,大阪１０区,-,3,41838,23.2,加納陽之助,,,,自,,新,,公
50,2024,id08_27_11,大阪１１区,当,1,115411,55.6,中司宏,,,,維,,,,前
50,2024,id08_27_11,大阪１１区,-,3,59557,28.7,大辻沙耶,,,,自,,新,,公
50,2024,id08_27_11,大阪１１区,-,3,32733,15.8,北尾学,,,,共,,,,新
50,2024,id08_27_12,大阪１２区,当,1,86380,52.3,藤田文武,,,,維,,,,前
50,2024,id08_27_12,大阪１２区,-,3,55658,33.7,北川晋平,,,,自,,新,,公
50,2024,id08_27_12,大阪１２区,-,3,22970,13.9,太田徹,,,,共,,,,新
50,2024,id08_27_13,大阪１３区,当,1,79898,41.9,岩谷良平,,,,維,,,,前
50,2024,id08_27_13,大阪１３区,-,3,69600,36.5,宗清皇一,,,,自,安,前,,公
50,2024,id08_27_13,大阪１３区,比当,2,22482,11.8,八幡愛,,,,れ,,,,新
50,2024,id08_27_13,大阪１３区,-,3,18657,9.8,宝井晃美,,,,共,,,,新
50,2024,id08_27_14,大阪１４区,当,1,95362,45.2,青柳仁士,,,,維,,,,前
50,2024,id08_27_14,大阪１４区,-,3,71539,33.9,塩川憲史,,,,自,,新,,公
50,2024,id08_27_14,大阪１４区,-,3,26534,12.6,内藤耕一,,,,共,,,,新
50,2024,id08_27_14,大阪１４区,-,3,17708,8.4,栄井蘭菜,,,,参,,,,新
50,2024,id08_27_15,大阪１５区,当,1,77584,41.3,浦野靖人,,,,維,,,,前
50,2024,id08_27_15,大阪１５区,比当,2,62351,33.2,島田智明,,,,自,,新,,公
50,2024,id08_27_15,大阪１５区,-,3,28868,15.4,松浦武志,,,,立,,,,新
50,2024,id08_27_15,大阪１５区,-,3,19133,10.2,仲川学,,,,共,,,,新
50,2024,id08_27_16,大阪１６区,当,1,63288,37.3,黒田征樹,,,,維,,,,新
50,2024,id08_27_16,大阪１６区,-,3,55474,32.7,山本香苗,,,,公,,新,,自
50,2024,id08_27_16,大阪１６区,比当,2,50943,30,森山浩行,,,,立,,,,前
50,2024,id08_27_17,大阪１７区,当,1,82234,52.3,馬場伸幸,,,,維,,,,前
50,2024,id08_27_17,大阪１７区,-,3,45904,29.2,岡下昌平,,,,自,二,元,,公
50,2024,id08_27_17,大阪１７区,-,3,29130,18.5,沢田久美子,,,,共,,,,新
50,2024,id08_27_18,大阪１８区,当,1,99973,51.2,遠藤敬,,,,維,,,,前
50,2024,id08_27_18,大阪１８区,-,3,46366,23.8,内田隆嗣,,,,自,,,,新
50,2024,id08_27_18,大阪１８区,-,3,27675,14.2,馬場英樹,,,,共,,,,新
50,2024,id08_27_18,大阪１８区,-,3,21086,10.8,松岡能礼,,,,参,,,,新
50,2024,id08_27_19,大阪１９区,当,1,65726,45.2,伊東信久,,,,維,,,,前
50,2024,id08_27_19,大阪１９区,-,3,60879,41.8,谷川とむ,,,,自,安,前,,公
50,2024,id08_27_19,大阪１９区,-,3,18966,13,北村みき,,,,共,,,,新
50,2024,id08_28_01,兵庫１区,当,1,91797,43.9,井坂信彦,,,,立,,,,前
50,2024,id08_28_01,兵庫１区,-,3,45987,22,盛山正仁,,,,自,岸,前,,公
50,2024,id08_28_01,兵庫１区,-,3,33430,16,一谷勇一郎,,,,維,,,,前
50,2024,id08_28_01,兵庫１区,-,3,14247,6.8,藤末浩美,,,,共,,,,新
50,2024,id08_28_01,兵庫１区,-,3,12011,5.7,山岡智美,,,,参,,,,新
50,2024,id08_28_01,兵庫１区,-,3,9731,4.7,木原功仁哉,,,,無,,,,新
50,2024,id08_28_01,兵庫１区,-,3,1914,0.9,木島洋嗣,,,,無,,,,新
50,2024,id08_28_02,兵庫２区,当,1,70018,37.2,赤羽一嘉,,,,公,,前,,自
50,2024,id08_28_02,兵庫２区,比当,2,48289,25.6,阿部圭史,,,,維,,,,新
50,2024,id08_28_02,兵庫２区,-,3,39785,21.1,船川治郎,,,,立,,,,新
50,2024,id08_28_02,兵庫２区,-,3,16333,8.7,武内由美子,,,,共,,,,新
50,2024,id08_28_02,兵庫２区,-,3,13954,7.4,瀬尾英志,,,,参,,,,新
50,2024,id08_28_03,兵庫３区,当,1,58876,36.8,関芳弘,,,,自,安,前,,公
50,2024,id08_28_03,兵庫３区,比当,2,43802,27.4,向山好一,,,,国,民主,,,元
50,2024,id08_28_03,兵庫３区,比当,2,41050,25.7,和田有一朗,,,,維,,,,前
50,2024,id08_28_03,兵庫３区,-,3,16133,10.1,加藤健二,,,,共,,,,新
50,2024,id08_28_04,兵庫４区,当,1,95635,45.2,藤井比早之,,,,自,,前,,公
50,2024,id08_28_04,兵庫４区,-,3,61722,29.1,今泉真緒,,,,立,,,,新
50,2024,id08_28_04,兵庫４区,-,3,40313,19,赤木正幸,,,,維,,,,前
50,2024,id08_28_04,兵庫４区,-,3,14098,6.7,日比優子,,,,共,,,,新
50,2024,id08_28_05,兵庫５区,当,1,96659,46,谷公一,,,,自,二,前,,公
50,2024,id08_28_05,兵庫５区,-,3,59670,28.4,田村直也,,,,立,,,,新
50,2024,id08_28_05,兵庫５区,-,3,53793,25.6,遠藤良太,,,,維,,,,前
50,2024,id08_28_06,兵庫６区,当,1,79061,33.2,桜井周,,,,立,,,,前
50,2024,id08_28_06,兵庫６区,比当,2,69721,29.3,大串正樹,,,,自,,前,,公
50,2024,id08_28_06,兵庫６区,比当,2,59666,25.1,市村浩一郎,,,,維,,,,前
50,2024,id08_28_06,兵庫６区,-,3,16702,7,伊藤正哉,,,,参,,,,新
50,2024,id08_28_06,兵庫６区,-,3,12957,5.4,吉見秋彦,,,,共,,,,新
50,2024,id08_28_07,兵庫７区,当,1,80434,32.6,山田賢司,,,,自,麻,前,,公
50,2024,id08_28_07,兵庫７区,比当,2,72349,29.3,三木圭恵,,,,維,,,,前
50,2024,id08_28_07,兵庫７区,比当,2,61007,24.7,岡田悟,,,,立,,,,新
50,2024,id08_28_07,兵庫７区,-,3,18409,7.5,上田幸子,,,,共,,,,新
50,2024,id08_28_07,兵庫７区,-,3,14622,5.9,浜本幸博,,,,参,,,,新
50,2024,id08_28_08,兵庫８区,当,1,71784,38.3,中野洋昌,,,,公,,前,,自
50,2024,id08_28_08,兵庫８区,比当,2,60150,32.1,徳安淳子,,,,維,,,,新
50,2024,id08_28_08,兵庫８区,-,3,26873,14.3,小村潤,,,,共,,,,新
50,2024,id08_28_08,兵庫８区,-,3,13155,7,油谷聖一郎,,,,参,,,,新
50,2024,id08_28_08,兵庫８区,-,3,12920,6.9,やはたオカン,,,,れ,,,,新
50,2024,id08_28_08,兵庫８区,-,3,2555,1.4,林マリアゆき,,,,諸,,,,新
50,2024,id08_28_09,兵庫９区,当,1,88676,45.6,西村康稔,,,,無,安,前,,公
50,2024,id08_28_09,兵庫９区,比当,2,70738,36.4,橋本慧悟,,,,立,,,,新
50,2024,id08_28_09,兵庫９区,-,3,25515,13.1,加古貴一郎,,,,維,,,,新
50,2024,id08_28_09,兵庫９区,-,3,9653,5,高田良信,,,,共,,,,新
50,2024,id08_28_10,兵庫１０区,当,1,70673,41.7,渡海紀三朗,,,,自,,前,,公
50,2024,id08_28_10,兵庫１０区,-,3,41435,24.4,隠樹圭子,,,,立,,,,新
50,2024,id08_28_10,兵庫１０区,-,3,30718,18.1,掘井健智,,,,維,,,,前
50,2024,id08_28_10,兵庫１０区,-,3,16128,9.5,藤原誠也,,,,参,,,,新
50,2024,id08_28_10,兵庫１０区,-,3,10528,6.2,吉田久美子,,,,共,,,,新
50,2024,id08_28_11,兵庫１１区,当,1,89943,48.5,松本剛明,,,,自,麻,前,,公
50,2024,id08_28_11,兵庫１１区,-,3,59738,32.2,住吉寛紀,,,,維,,,,前
50,2024,id08_28_11,兵庫１１区,-,3,18261,9.9,山下聖,,,,参,,,,新
50,2024,id08_28_11,兵庫１１区,-,3,17397,9.4,苦瓜一成,,,,共,,,,新
50,2024,id08_28_12,兵庫１２区,当,1,72374,49,山口壮,,,,自,二,前,,公
50,2024,id08_28_12,兵庫１２区,比当,2,56464,38.2,池畑浩太朗,,,,維,,,,前
50,2024,id08_28_12,兵庫１２区,-,3,14006,9.5,太田清幸,,,,共,,,,新
50,2024,id08_28_12,兵庫１２区,-,3,4932,3.3,山田敏良,,,,無,,,,新
50,2024,id08_29_01,奈良１区,当,1,90323,39,馬淵澄夫,,,,立,,,,前
50,2024,id08_29_01,奈良１区,比当,2,73214,31.6,小林茂樹,,,,自,二,前,,公
50,2024,id08_29_01,奈良１区,-,3,43400,18.7,高野敦,,,,維,,,,新
50,2024,id08_29_01,奈良１区,-,3,13511,5.8,井上良子,,,,共,,,,新
50,2024,id08_29_01,奈良１区,-,3,11366,4.9,林元政子,,,,参,,,,新
50,2024,id08_29_02,奈良２区,当,1,128554,60.2,高市早苗,,,,自,,前,,公
50,2024,id08_29_02,奈良２区,-,3,36371,17,尾崎充典,,,,立,,,,新
50,2024,id08_29_02,奈良２区,-,3,34354,16.1,服部知佳,,,,維,,,,新
50,2024,id08_29_02,奈良２区,-,3,14313,6.7,池田英子,,,,共,,,,新
50,2024,id08_29_03,奈良３区,当,1,92379,49.2,田野瀬太道,,,,自,森,前,,公
50,2024,id08_29_03,奈良３区,-,3,41897,22.3,原山大亮,,,,維,,,,新
50,2024,id08_29_03,奈良３区,-,3,33101,17.6,川戸康嗣,,,,立,,,,新
50,2024,id08_29_03,奈良３区,-,3,20543,10.9,太田敦,,,,共,,,,新
50,2024,id08_30_01,和歌山１区,当,1,70869,36.2,山本大地,,,,自,,,,新
50,2024,id08_30_01,和歌山１区,比当,2,70745,36.2,林佑美,,,,維,,,,前
50,2024,id08_30_01,和歌山１区,-,3,25067,12.8,村上賀厚,,,,立,,,,新
50,2024,id08_30_01,和歌山１区,-,3,13665,7,井本有一,,,,共,,,,新
50,2024,id08_30_01,和歌山１区,-,3,13422,6.9,林元将崇,,,,参,,,,新
50,2024,id08_30_01,和歌山１区,-,3,1749,0.9,正司武,,,,諸,,,,新
50,2024,id08_30_02,和歌山２区,当,1,101739,44,世耕弘成,,,,無,自,,,新
50,2024,id08_30_02,和歌山２区,-,3,71114,30.8,二階伸康,,,,自,,,,新
50,2024,id08_30_02,和歌山２区,-,3,33147,14.3,新古祐子,,,,立,,,,新
50,2024,id08_30_02,和歌山２区,-,3,19062,8.2,楠本文郎,,,,共,,,,新
50,2024,id08_30_02,和歌山２区,-,3,6033,2.6,高橋秀彰,,,,諸,,,,新
50,2024,id09_31_01,鳥取１区,当,1,106670,85.1,石破茂,,,,自,,前,,公
50,2024,id09_31_01,鳥取１区,-,3,12389,9.9,朝倉浩之,,,,立,,,,新
50,2024,id09_31_01,鳥取１区,-,3,6220,5,岡田正和,,,,共,,,,新
50,2024,id09_31_02,鳥取２区,当,1,81526,61.8,赤沢亮正,,,,自,,前,,公
50,2024,id09_31_02,鳥取２区,-,3,43696,33.1,湯原俊二,,,,立,,,,前
50,2024,id09_31_02,鳥取２区,-,3,6655,5,福住英行,,,,共,,,,新
50,2024,id09_32_01,島根１区,当,1,73484,51.1,亀井亜紀子,,,,立,,,,前
50,2024,id09_32_01,島根１区,-,3,63238,44,高階恵美子,,,,自,安,前,,公
50,2024,id09_32_01,島根１区,-,3,7142,5,村穂江利子,,,,共,,,,新
50,2024,id09_32_02,島根２区,当,1,99829,60.8,高見康裕,,,,自,茂,前,,公
50,2024,id09_32_02,島根２区,-,3,49302,30,大塚聡子,,,,立,,,,新
50,2024,id09_32_02,島根２区,-,3,14983,9.1,亀谷優子,,,,共,,,,新
50,2024,id09_33_01,岡山１区,当,1,67710,42,逢沢一郎,,,,自,,前,,公
50,2024,id09_33_01,岡山１区,-,3,51535,31.9,原田謙介,,,,立,,,,新
50,2024,id09_33_01,岡山１区,-,3,22152,13.7,佐々木雄司,,,,国,,,,新
50,2024,id09_33_01,岡山１区,-,3,11094,6.9,服部千秋,,,,維,,,,新
50,2024,id09_33_01,岡山１区,-,3,8808,5.5,住寄聡美,,,,共,,,,新
50,2024,id09_33_02,岡山２区,当,1,95452,47.7,山下貴司,,,,自,茂,前,,公
50,2024,id09_33_02,岡山２区,比当,2,91906,45.9,津村啓介,,,,立,,,,元
50,2024,id09_33_02,岡山２区,-,3,12762,6.4,余江雪央,,,,共,,,,新
50,2024,id09_33_03,岡山３区,当,1,133389,64.6,加藤勝信,,,,自,茂,前,,公
50,2024,id09_33_03,岡山３区,-,3,59781,28.9,はたともこ,,,,立,,,,新
50,2024,id09_33_03,岡山３区,-,3,13413,6.5,原田亜希子,,,,共,,,,新
50,2024,id09_33_04,岡山４区,当,1,89149,50.3,柚木道義,,,,立,,,,前
50,2024,id09_33_04,岡山４区,-,3,75400,42.6,橋本岳,,,,自,茂,前,,公
50,2024,id09_33_04,岡山４区,-,3,12648,7.1,垣内雄一,,,,共,,,,新
50,2024,id09_34_01,広島１区,当,1,100740,52.4,岸田文雄,,,,自,岸,前,,公
50,2024,id09_34_01,広島１区,-,3,46493,24.2,平本浩一,,,,立,,,,新
50,2024,id09_34_01,広島１区,-,3,26849,14,山田肇,,,,維,,,,新
50,2024,id09_34_01,広島１区,-,3,12225,6.4,中原剛,,,,共,,,,新
50,2024,id09_34_01,広島１区,-,3,5995,3.1,産原稔文,,,,無,,,,新
50,2024,id09_34_02,広島２区,当,1,82443,45,平口洋,,,,自,茂,前,,公
50,2024,id09_34_02,広島２区,比当,2,61679,33.6,福田玄,,,,国,,,,新
50,2024,id09_34_02,広島２区,-,3,21846,11.9,金城政孝,,,,維,,,,新
50,2024,id09_34_02,広島２区,-,3,17354,9.5,岡田博美,,,,共,,,,新
50,2024,id09_34_03,広島３区,当,1,86654,47.2,斉藤鉄夫,,,,公,,前,,自
50,2024,id09_34_03,広島３区,比当,2,71952,39.2,東克哉,,,,立,,,,新
50,2024,id09_34_03,広島３区,-,3,14128,7.7,高見篤己,,,,共,,,,新
50,2024,id09_34_03,広島３区,-,3,10751,5.9,玉田憲勲,,,,無,,,,新
50,2024,id09_34_04,広島４区,当,1,93707,50.6,空本誠喜,,,,維,,,,前
50,2024,id09_34_04,広島４区,比当,2,91653,49.4,寺田稔,,,,自,岸,前,,公
50,2024,id09_34_05,広島５区,当,1,82297,53.4,佐藤公治,,,,立,,,,前
50,2024,id09_34_05,広島５区,-,3,60796,39.4,小島敏文,,,,自,岸,前,,公
50,2024,id09_34_05,広島５区,-,3,11106,7.2,猪原真弓,,,,共,,,,新
50,2024,id09_34_06,広島６区,当,1,97991,60.1,小林史明,,,,自,岸,前,,公
50,2024,id09_34_06,広島６区,-,3,52852,32.4,井上信也,,,,立,,,,新
50,2024,id09_34_06,広島６区,-,3,12154,7.5,重村幸司,,,,共,,,,新
50,2024,id09_35_01,山口１区,当,1,99644,54.3,高村正大,,,,自,麻,前,,公
50,2024,id09_35_01,山口１区,-,3,40237,21.9,坂本史子,,,,立,,,,新
50,2024,id09_35_01,山口１区,-,3,31710,17.3,野田陽志,,,,国,,,,新
50,2024,id09_35_01,山口１区,-,3,11798,6.4,三藤美智子,,,,共,,,,新
50,2024,id09_35_02,山口２区,当,1,104885,50.4,岸信千世,,,,自,安,前,,公
50,2024,id09_35_02,山口２区,比当,2,103161,49.6,平岡秀夫,,,,立,無,,,元
50,2024,id09_35_03,山口３区,当,1,115687,69.7,林芳正,,,,自,岸,前,,公
50,2024,id09_35_03,山口３区,-,3,32259,19.4,伊藤博文,,,,維,,,,新
50,2024,id09_35_03,山口３区,-,3,18105,10.9,吹上政子,,,,共,,,,新
50,2024,id10_36_01,徳島１区,当,1,85386,49.9,仁木博文,,,,自,麻,前,,公
50,2024,id10_36_01,徳島１区,比当,2,54839,32,高橋永,,,,立,,,,新
50,2024,id10_36_01,徳島１区,-,3,20270,11.8,吉田知代,,,,維,,,,前
50,2024,id10_36_01,徳島１区,-,3,8454,4.9,久保孝之,,,,共,,,,新
50,2024,id10_36_01,徳島１区,-,3,2318,1.4,佐藤行俊,,,,無,,,,新
50,2024,id10_36_02,徳島２区,当,1,55830,43.9,山口俊一,,,,自,麻,前,,公
50,2024,id10_36_02,徳島２区,-,3,52151,41,飯泉嘉門,,,,無,,新,,国
50,2024,id10_36_02,徳島２区,-,3,11122,8.7,祝聡,,,,維,,,,新
50,2024,id10_36_02,徳島２区,-,3,8198,6.4,浜共生,,,,共,,,,新
50,2024,id10_37_01,香川１区,当,1,82549,51.3,小川淳也,,,,立,,,,前
50,2024,id10_37_01,香川１区,比当,2,51727,32.2,平井卓也,,,,自,岸,前,,公
50,2024,id10_37_01,香川１区,-,3,11730,7.3,町川順子,,,,維,,,,新
50,2024,id10_37_01,香川１区,-,3,9176,5.7,小林直美,,,,参,,,,新
50,2024,id10_37_01,香川１区,-,3,5646,3.5,田辺健一,,,,共,,,,新
50,2024,id10_37_02,香川２区,当,1,89899,66.4,玉木雄一郎,,,,国,,,,前
50,2024,id10_37_02,香川２区,比当,2,39006,28.8,瀬戸隆一,,,,自,麻,前,,公
50,2024,id10_37_02,香川２区,-,3,6466,4.8,石田真優,,,,共,,,,新
50,2024,id10_37_03,香川３区,当,1,62545,55.1,大野敬太郎,,,,自,,前,,公
50,2024,id10_37_03,香川３区,-,3,29900,26.3,大岡弘美,,,,立,,,,新
50,2024,id10_37_03,香川３区,-,3,15902,14,細川修平,,,,維,,,,新
50,2024,id10_37_03,香川３区,-,3,5166,4.6,笹井孝志,,,,共,,,,新
50,2024,id10_38_01,愛媛１区,当,1,105498,54,塩崎彰久,,,,自,安,前,,公
50,2024,id10_38_01,愛媛１区,比当,2,48393,24.8,石井智恵,,,,国,,,,新
50,2024,id10_38_01,愛媛１区,-,3,31790,16.3,香曽我部慶教,,,,立,,,,新
50,2024,id10_38_01,愛媛１区,-,3,9608,4.9,石本憲一,,,,共,,,,新
50,2024,id10_38_02,愛媛２区,当,1,102363,51.2,白石洋一,,,,立,,,,前
50,2024,id10_38_02,愛媛２区,-,3,80056,40.1,井原巧,,,,自,安,前,,公
50,2024,id10_38_02,愛媛２区,-,3,17417,8.7,梶野耕佑,,,,維,,,,新
50,2024,id10_38_03,愛媛３区,当,1,102587,62.1,長谷川淳二,,,,自,,前,,公
50,2024,id10_38_03,愛媛３区,-,3,50702,30.7,越智清純,,,,立,,,,新
50,2024,id10_38_03,愛媛３区,-,3,11963,7.2,西井直人,,,,共,,,,新
50,2024,id10_39_01,高知１区,当,1,89110,61.5,中谷元,,,,自,,前,,公
50,2024,id10_39_01,高知１区,-,3,55750,38.5,武内則男,,,,立,,,,元
50,2024,id10_39_02,高知２区,当,1,102501,70.3,尾崎正直,,,,自,二,前,,公
50,2024,id10_39_02,高知２区,-,3,43394,29.7,浜川百合子,,,,共,,,,新
50,2024,id11_40_01,福岡１区,当,1,70408,35.2,井上貴博,,,,自,麻,前,,公
50,2024,id11_40_01,福岡１区,-,3,55343,27.7,丸尾圭祐,,,,立,,,,新
50,2024,id11_40_01,福岡１区,-,3,34346,17.2,山本剛正,,,,維,,,,前
50,2024,id11_40_01,福岡１区,-,3,18872,9.4,緒方貴恵,,,,参,,,,新
50,2024,id11_40_01,福岡１区,-,3,13107,6.5,綿貫英彦,,,,共,,,,新
50,2024,id11_40_01,福岡１区,-,3,8067,4,村田峻一,,,,社,,,,新
50,2024,id11_40_02,福岡２区,当,1,98837,41.9,稲富修二,,,,立,,,,前
50,2024,id11_40_02,福岡２区,比当,2,86698,36.8,鬼木誠,,,,自,森,前,,公
50,2024,id11_40_02,福岡２区,-,3,16689,7.1,黒石裕子,,,,参,,,,新
50,2024,id11_40_02,福岡２区,-,3,16139,6.8,本司敬宏,,,,維,,,,新
50,2024,id11_40_02,福岡２区,-,3,10201,4.3,松尾律子,,,,共,,,,新
50,2024,id11_40_02,福岡２区,-,3,7097,3,沖園理恵,,,,無,,,,新
50,2024,id11_40_03,福岡３区,当,1,95074,41.2,古賀篤,,,,自,岸,,,前
50,2024,id11_40_03,福岡３区,-,3,65835,28.5,仁戸田元気,,,,立,,,,新
50,2024,id11_40_03,福岡３区,-,3,23289,10.1,瀬尾英昇司,,,,維,,,,新
50,2024,id11_40_03,福岡３区,-,3,22661,9.8,奥田芙美代,,,,れ,,,,新
50,2024,id11_40_03,福岡３区,-,3,12887,5.6,重松雄子,,,,参,,,,新
50,2024,id11_40_03,福岡３区,-,3,11059,4.8,山口湧人,,,,共,,,,新
50,2024,id11_40_04,福岡４区,当,1,68585,33.6,宮内秀樹,,,,自,二,前,,公
50,2024,id11_40_04,福岡４区,比当,2,40753,19.9,許斐亮太郎,,,,国,,,,新
50,2024,id11_40_04,福岡４区,比当,2,34572,16.9,阿部弘樹,,,,維,,,,前
50,2024,id11_40_04,福岡４区,-,3,28915,14.2,吉松源昭,,,,無,,,,新
50,2024,id11_40_04,福岡４区,-,3,20051,9.8,宗晶子,,,,社,,,,新
50,2024,id11_40_04,福岡４区,-,3,11401,5.6,行平佳弘,,,,参,,,,新
50,2024,id11_40_05,福岡５区,当,1,105563,42.9,栗原渉,,,,自,,新,,公
50,2024,id11_40_05,福岡５区,比当,2,83588,34,堤かなめ,,,,立,,,,前
50,2024,id11_40_05,福岡５区,-,3,23604,9.6,松尾嘉三,,,,維,,,,新
50,2024,id11_40_05,福岡５区,-,3,17691,7.2,タコスキッド,,,,無,,,,新
50,2024,id11_40_05,福岡５区,-,3,15733,6.4,岡部吉高,,,,参,,,,新
50,2024,id11_40_06,福岡６区,当,1,88197,48.5,鳩山二郎,,,,自,二,前,,公
50,2024,id11_40_06,福岡６区,-,3,46997,25.9,近藤雅彦,,,,国,,,,新
50,2024,id11_40_06,福岡６区,-,3,22779,12.5,福成健太,,,,維,,,,新
50,2024,id11_40_06,福岡６区,-,3,12091,6.7,河野一弘,,,,共,,,,新
50,2024,id11_40_06,福岡６区,-,3,11651,6.4,古川恭司,,,,参,,,,新
50,2024,id11_40_07,福岡７区,当,1,79029,56.9,藤丸敏,,,,自,岸,前,,公
50,2024,id11_40_07,福岡７区,-,3,47444,34.2,亀田晃尚,,,,立,,,,新
50,2024,id11_40_07,福岡７区,-,3,12307,8.9,平島史朗,,,,共,,,,新
50,2024,id11_40_08,福岡８区,当,1,92534,57,麻生太郎,,,,自,麻,,,前
50,2024,id11_40_08,福岡８区,-,3,35493,21.9,河野祥子,,,,共,,,,新
50,2024,id11_40_08,福岡８区,-,3,34407,21.2,森田俊文,,,,無,,,,新
50,2024,id11_40_09,福岡９区,当,1,102885,57.3,緒方林太郎,,,,無,,,,前
50,2024,id11_40_09,福岡９区,-,3,50252,28,三原朝利,,,,無,,新,,公
50,2024,id11_40_09,福岡９区,-,3,13662,7.6,山田博敏,,,,共,,,,新
50,2024,id11_40_09,福岡９区,-,3,12740,7.1,山本直緒美,,,,参,,,,新
50,2024,id11_40_10,福岡１０区,当,1,71687,38.6,城井崇,,,,立,,,,前
50,2024,id11_40_10,福岡１０区,-,3,54186,29.1,吉村悠,,,,自,,新,,公
50,2024,id11_40_10,福岡１０区,-,3,37858,20.4,大石仁人,,,,無,,,,新
50,2024,id11_40_10,福岡１０区,-,3,11182,6,一ノ瀬小夜子,,,,共,,,,新
50,2024,id11_40_10,福岡１０区,-,3,11021,5.9,福本尭,,,,維,,,,新
50,2024,id11_40_11,福岡１１区,当,1,58842,45,村上智信,,,,維,,,,新
50,2024,id11_40_11,福岡１１区,-,3,56607,43.3,武田良太,,,,自,二,前,,公
50,2024,id11_40_11,福岡１１区,-,3,15297,11.7,志岐玲子,,,,社,,,,新
50,2024,id11_41_01,佐賀１区,当,1,96083,54.7,原口一博,,,,立,,,,前
50,2024,id11_41_01,佐賀１区,比当,2,79723,45.3,岩田和親,,,,自,岸,前,,公
50,2024,id11_41_02,佐賀２区,当,1,95581,51.2,大串博志,,,,立,,,,前
50,2024,id11_41_02,佐賀２区,比当,2,76554,41,古川康,,,,自,茂,前,,公
50,2024,id11_41_02,佐賀２区,-,3,7596,4.1,井上祐輔,,,,共,,,,新
50,2024,id11_41_02,佐賀２区,-,3,7108,3.8,下吹越優也,,,,参,,,,新
50,2024,id11_42_01,長崎１区,当,1,87784,52.5,西岡秀子,,,,国,,,,前
50,2024,id11_42_01,長崎１区,-,3,48382,29,下条博文,,,,自,,新,,公
50,2024,id11_42_01,長崎１区,-,3,12836,7.7,山田博司,,,,維,,,,新
50,2024,id11_42_01,長崎１区,-,3,9401,5.6,黒石隆太,,,,参,,,,新
50,2024,id11_42_01,長崎１区,-,3,8679,5.2,内田隆英,,,,共,,,,新
50,2024,id11_42_02,長崎２区,当,1,96095,46.3,加藤竜祥,,,,自,安,前,,公
50,2024,id11_42_02,長崎２区,比当,2,81808,39.5,山田勝彦,,,,立,,,,前
50,2024,id11_42_02,長崎２区,-,3,15365,7.4,高木聡子,,,,参,,,,新
50,2024,id11_42_02,長崎２区,-,3,14098,6.8,横田朋大,,,,維,,,,新
50,2024,id11_42_03,長崎３区,当,1,90930,50.9,金子容三,,,,自,岸,前,,公
50,2024,id11_42_03,長崎３区,-,3,68494,38.3,末次精一,,,,立,,,,元
50,2024,id11_42_03,長崎３区,-,3,19217,10.8,井上翔一朗,,,,維,,,,新
50,2024,id11_43_01,熊本１区,当,1,110068,55.1,木原稔,,,,自,茂,,,前
50,2024,id11_43_01,熊本１区,-,3,64238,32.2,出口慎太郎,,,,立,,,,新
50,2024,id11_43_01,熊本１区,-,3,25325,12.7,重松貴美,,,,参,,,,新
50,2024,id11_43_02,熊本２区,当,1,102624,69.3,西野太亮,,,,自,無,前,,公
50,2024,id11_43_02,熊本２区,-,3,25944,17.5,近田茜,,,,参,,,,新
50,2024,id11_43_02,熊本２区,-,3,19469,13.2,奥田木の実,,,,共,,,,新
50,2024,id11_43_03,熊本３区,当,1,104684,63.9,坂本哲志,,,,自,森,前,,公
50,2024,id11_43_03,熊本３区,-,3,36088,22,橋村りか,,,,社,,,,新
50,2024,id11_43_03,熊本３区,-,3,22958,14,植田貴俊,,,,参,,,,新
50,2024,id11_43_04,熊本４区,当,1,119947,58.3,金子恭之,,,,自,岸,前,,公
50,2024,id11_43_04,熊本４区,-,3,49672,24.1,笹本由紀子,,,,立,,,,新
50,2024,id11_43_04,熊本４区,-,3,36203,17.6,矢上雅義,,,,維,立,,,元
50,2024,id11_44_01,大分１区,当,1,96944,49.1,吉良州司,,,,無,,,,前
50,2024,id11_44_01,大分１区,-,3,70584,35.8,衛藤博昭,,,,自,,新,,公
50,2024,id11_44_01,大分１区,-,3,15626,7.9,野中しんすけ,,,,参,,,,新
50,2024,id11_44_01,大分１区,-,3,14186,7.2,山下魁,,,,共,,,,新
50,2024,id11_44_02,大分２区,当,1,62699,42.5,広瀬建,,,,無,,,,新
50,2024,id11_44_02,大分２区,比当,2,57234,38.8,吉川元,,,,立,,,,前
50,2024,id11_44_02,大分２区,-,3,27553,18.7,衛藤征士郎,,,,自,安,前,,公
50,2024,id11_44_03,大分３区,当,1,87301,55.2,岩屋毅,,,,自,,前,,公
50,2024,id11_44_03,大分３区,-,3,60207,38.1,小林華弥子,,,,立,,,,新
50,2024,id11_44_03,大分３区,-,3,10550,6.7,大塚光義,,,,共,,,,新
50,2024,id11_45_01,宮崎１区,当,1,79605,46.6,渡辺創,,,,立,,,,前
50,2024,id11_45_01,宮崎１区,-,3,49310,28.9,武井俊輔,,,,自,岸,前,,公
50,2024,id11_45_01,宮崎１区,-,3,24846,14.5,外山斎,,,,維,,,,新
50,2024,id11_45_01,宮崎１区,-,3,17100,10,滋井祐香,,,,参,,,,新
50,2024,id11_45_02,宮崎２区,当,1,74367,52.3,江藤拓,,,,自,,前,,公
50,2024,id11_45_02,宮崎２区,比当,2,61603,43.4,長友慎治,,,,国,,,,前
50,2024,id11_45_02,宮崎２区,-,3,6113,4.3,白江好友,,,,共,,,,新
50,2024,id11_45_03,宮崎３区,当,1,94009,79.2,古川禎久,,,,自,茂,前,,公
50,2024,id11_45_03,宮崎３区,-,3,24733,20.8,新村初代,,,,共,,,,新
50,2024,id11_46_01,鹿児島１区,当,1,80918,46,川内博史,,,,立,,,,前
50,2024,id11_46_01,鹿児島１区,比当,2,78221,44.5,宮路拓馬,,,,自,森,前,,公
50,2024,id11_46_01,鹿児島１区,-,3,16607,9.4,昇拓真,,,,参,,,,新
50,2024,id11_46_02,鹿児島２区,当,1,80397,45.9,三反園訓,,,,無,,,,前
50,2024,id11_46_02,鹿児島２区,-,3,54847,31.3,保岡宏武,,,,自,,,,前
50,2024,id11_46_02,鹿児島２区,-,3,19649,11.2,辻健太郎,,,,維,,,,新
50,2024,id11_46_02,鹿児島２区,-,3,12255,7,松崎真琴,,,,共,,,,新
50,2024,id11_46_02,鹿児島２区,-,3,7982,4.6,矢竹ゆかり,,,,参,,,,新
50,2024,id11_46_03,鹿児島３区,当,1,102762,58.3,野間健,,,,立,,,,前
50,2024,id11_46_03,鹿児島３区,-,3,73630,41.7,小里泰弘,,,,自,,前,,公
50,2024,id11_46_04,鹿児島４区,当,1,111484,72,森山裕,,,,自,森,前,,公
50,2024,id11_46_04,鹿児島４区,-,3,43412,28,山内光典,,,,社,,,,新
50,2024,id11_47_01,沖縄１区,当,1,49838,38.1,赤嶺政賢,,,,共,,,,前
50,2024,id11_47_01,沖縄１区,比当,2,42104,32.2,国場幸之助,,,,自,岸,前,,公
50,2024,id11_47_01,沖縄１区,-,3,29615,22.6,下地幹郎,,,,無,,,,元
50,2024,id11_47_01,沖縄１区,-,3,9271,7.1,和田知久,,,,参,,,,新
50,2024,id11_47_02,沖縄２区,当,1,61216,42,新垣邦男,,,,社,,,,前
50,2024,id11_47_02,沖縄２区,比当,2,47272,32.5,宮崎政久,,,,自,茂,前,,公
50,2024,id11_47_02,沖縄２区,-,3,22959,15.8,赤嶺昇,,,,維,,,,新
50,2024,id11_47_02,沖縄２区,-,3,11813,8.1,今野麻美,,,,参,,,,新
50,2024,id11_47_02,沖縄２区,-,3,2374,1.6,比嘉隆,,,,無,,,,新
50,2024,id11_47_03,沖縄３区,当,1,73226,46.7,島尻安伊子,,,,自,茂,前,,公
50,2024,id11_47_03,沖縄３区,比当,2,71457,45.5,屋良朝博,,,,立,,,,前
50,2024,id11_47_03,沖縄３区,-,3,12242,7.8,新城司,,,,参,,,,新
50,2024,id11_47_04,沖縄４区,当,1,61289,43.4,西銘恒三郎,,,,自,茂,前,,公
50,2024,id11_47_04,沖縄４区,-,3,47248,33.4,金城徹,,,,立,,,,新
50,2024,id11_47_04,沖縄４区,比当,2,20284,14.4,山川仁,,,,れ,,,,新
50,2024,id11_47_04,沖縄４区,-,3,12481,8.8,山川泰博,,,,維,,,,新
51,2026,id01_01_01,北海道１区,当,1,112618,43.6,加藤貴弘,,,1,自,,,新,(維)
51,2026,id01_01_01,北海道１区,-,3,81560,31.6,道下大樹,,,3,立,,,前,
51,2026,id01_01_01,北海道１区,比当,2,29134,11.3,臼木秀剛,,,2,国,,,前,
51,2026,id01_01_01,北海道１区,-,3,22024,8.5,加納千津子,,,,参,,,新,
51,2026,id01_01_01,北海道１区,-,3,12906,5,森英士,,,,共,,,新,
51,2026,id01_01_02,北海道２区,当,1,102343,42.9,高橋祐介,,,2,自,,,元,
51,2026,id01_01_02,北海道２区,-,3,72670,30.4,松木謙公,,,7,立,,,前,
51,2026,id01_01_02,北海道２区,-,3,27591,11.6,中田綾子,,,,参,,,新,
51,2026,id01_01_02,北海道２区,-,3,18625,7.8,山崎泉,,,,維,,,新,
51,2026,id01_01_02,北海道２区,-,3,17515,7.3,平岡大介,,,,共,,,新,
51,2026,id01_01_03,北海道３区,当,1,114285,46.5,高木宏寿,,,4,自,,,元,(維)
51,2026,id01_01_03,北海道３区,-,3,81318,33.1,荒井優,,,2,立,,,前,
51,2026,id01_01_03,北海道３区,-,3,34838,14.2,中島良樹,,,,参,,,新,
51,2026,id01_01_03,北海道３区,-,3,15595,6.3,円子裕子,,,,共,,,新,
51,2026,id01_01_04,北海道４区,当,1,105656,47.3,中村裕之,,,6,自,,,前,(維)
51,2026,id01_01_04,北海道４区,-,3,83516,37.4,大築紅葉,,,2,立,,,前,
51,2026,id01_01_04,北海道４区,-,3,20051,9,高橋翔太,,,,参,,,新,
51,2026,id01_01_04,北海道４区,-,3,14005,6.3,佐々木明美,,,,共,,,新,
51,2026,id01_01_05,北海道５区,当,1,143229,57.5,和田義明,,,4,自,,,元,(維)
51,2026,id01_01_05,北海道５区,-,3,105844,42.5,池田真紀,,,2,立,,,前,
51,2026,id01_01_06,北海道６区,当,1,121276,56.1,東国幹,,,3,自,,,前,(維)
51,2026,id01_01_06,北海道６区,-,3,79954,37,西川将人,,,1,立,,,前,
51,2026,id01_01_06,北海道６区,-,3,14978,6.9,荻生和敏,,,,共,,,新,
51,2026,id01_01_07,北海道７区,当,1,89336,65.7,鈴木貴子,,,6,自,,,前,(維)
51,2026,id01_01_07,北海道７区,-,3,46588,34.3,篠田奈保子,,,1,立,,,前,
51,2026,id01_01_08,北海道８区,当,1,108229,55.3,向山淳,,,2,自,,,前,
51,2026,id01_01_08,北海道８区,-,3,87526,44.7,逢坂誠二,,,6,立,,,前,
51,2026,id01_01_09,北海道９区,当,1,87984,43.1,松下英樹,,,1,自,,,新,
51,2026,id01_01_09,北海道９区,比当,2,81063,39.7,山岡達丸,,,5,立,,,前,
51,2026,id01_01_09,北海道９区,-,3,22900,11.2,菅野望帆,,,,参,,,新,
51,2026,id01_01_09,北海道９区,-,3,12142,5.9,立野広志,,,,共,,,新,
51,2026,id01_01_10,北海道１０区,当,1,74908,50,神谷裕,,,4,立,,,前,
51,2026,id01_01_10,北海道１０区,比当,2,74887,50,渡辺孝一,,,5,自,,,元,
51,2026,id01_01_11,北海道１１区,当,1,86019,50.1,中川紘一,,,1,自,,,新,(維)
51,2026,id01_01_11,北海道１１区,-,3,72951,42.5,石川香織,,,3,立,,,前,
51,2026,id01_01_11,北海道１１区,-,3,12613,7.4,宇都隆史,,,,参,,,新,
51,2026,id01_01_12,北海道１２区,当,1,92400,58.8,武部新,,,6,自,,,前,(維)
51,2026,id01_01_12,北海道１２区,-,3,64719,41.2,川原田英世,,,1,立,,,前,
51,2026,id02_02_01,青森１区,当,1,72060,50.9,津島淳,,,6,自,,,前,
51,2026,id02_02_01,青森１区,-,3,46218,32.6,升田世喜男,,,2,立,,,前,
51,2026,id02_02_01,青森１区,-,3,14181,10,加藤勉,,,,参,,,新,
51,2026,id02_02_01,青森１区,-,3,9139,6.5,斎藤美緒,,,,共,,,新,
51,2026,id02_02_02,青森２区,当,1,104608,54.6,神田潤一,,,3,自,,,前,(維)
51,2026,id02_02_02,青森２区,-,3,51027,26.6,松尾和彦,,,,立,,,新,
51,2026,id02_02_02,青森２区,-,3,30016,15.7,金濱亨,,,,国,,,新,
51,2026,id02_02_02,青森２区,-,3,5909,3.1,久保将,,,,共,,,新,
51,2026,id02_02_03,青森３区,当,1,83547,52.3,木村次郎,,,3,自,,,元,(維)
51,2026,id02_02_03,青森３区,-,3,67604,42.3,岡田華子,,,1,立,,,前,
51,2026,id02_02_03,青森３区,-,3,8570,5.4,佐原若子,,,1,れ,,,前,
51,2026,,岩手１区,当,1,73209,44.2,階猛,,,8,立,,,前,
51,2026,,岩手１区,比当,2,67811,40.9,米内紘正,,,1,自,,,新,(維)
51,2026,,岩手１区,-,3,12233,7.4,佐々木大成,,,,参,,,新,
51,2026,,岩手１区,-,3,10448,6.3,吉田恭子,,,,共,,,新,
51,2026,,岩手１区,-,3,2080,1.3,小笠原勇治,,,,無,,,新,
51,2026,id02_03_02,岩手２区,当,1,123711,64.8,鈴木俊一,,,12,自,,,前,
51,2026,id02_03_02,岩手２区,比当,2,67294,35.2,佐々木真琴,,,1,国,,,新,
51,2026,id02_03_03,岩手３区,当,1,102578,48.6,藤原崇,,,5,自,,,元,
51,2026,id02_03_03,岩手３区,-,3,78731,37.3,小沢一郎,,,19,立,,,前,
51,2026,id02_03_03,岩手３区,-,3,29831,14.1,及川泰輔,,,,参,,,新,
51,2026,id02_04_01,宮城１区,当,1,110185,45,土井亨,,,6,自,,,元,
51,2026,id02_04_01,宮城１区,-,3,78106,31.9,岡本章子,,,3,立,,,前,
51,2026,id02_04_01,宮城１区,-,3,31664,12.9,ローレンス綾子,,,,参,,,新,
51,2026,id02_04_01,宮城１区,-,3,15246,6.2,高橋浩司,,,,維,,,新,
51,2026,id02_04_01,宮城１区,-,3,9547,3.9,中嶋廉,,,,共,,,新,
51,2026,id02_04_02,宮城２区,当,1,101364,41.4,渡辺勝幸,,,1,自,,,新,
51,2026,id02_04_02,宮城２区,-,3,73695,30.1,鎌田さゆり,,,4,立,,,前,
51,2026,id02_04_02,宮城２区,比当,2,36086,14.7,和田政宗,,,1,参,,,新,
51,2026,id02_04_02,宮城２区,-,3,23237,9.5,佐藤理々香,,,,国,,,新,
51,2026,id02_04_02,宮城２区,-,3,10394,4.2,早坂敦,,,1,維,,,元,
51,2026,id02_04_03,宮城３区,当,1,83705,54.7,西村明宏,,,7,自,,,元,(維)
51,2026,id02_04_03,宮城３区,-,3,47303,30.9,柳沢剛,,,1,立,,,前,
51,2026,id02_04_03,宮城３区,-,3,17440,11.4,林萌子,,,,参,,,新,
51,2026,id02_04_03,宮城３区,-,3,3412,2.2,結城孝,,,,無,,,新,
51,2026,id02_04_03,宮城３区,-,3,1121,0.7,浅田晃司,,,,無,,,新,
51,2026,id02_04_04,宮城４区,当,1,124250,57.1,森下千里,,,2,自,,,前,
51,2026,id02_04_04,宮城４区,-,3,78671,36.2,安住淳,,,10,立,,,前,
51,2026,id02_04_04,宮城４区,-,3,14494,6.7,佐野誠,,,,参,,,新,
51,2026,id02_04_05,宮城５区,当,1,138094,77.4,小野寺五典,,,10,自,,,前,
51,2026,id02_04_05,宮城５区,-,3,30691,17.2,境恒春,,,,立,,,新,
51,2026,id02_04_05,宮城５区,-,3,9698,5.4,結城豊,,,,共,,,新,
51,2026,id02_05_01,秋田１区,当,1,65940,46.5,冨樫博之,,,6,自,,,前,
51,2026,id02_05_01,秋田１区,-,3,25510,18,木村佐知子,,,,国,,,新,
51,2026,id02_05_01,秋田１区,-,3,22665,16,早川周作,,,,立,,,新,
51,2026,id02_05_01,秋田１区,-,3,14843,10.5,松浦大悟,,,,維,,,新,
51,2026,id02_05_01,秋田１区,-,3,7645,5.4,佐藤美和子,,,,参,,,新,
51,2026,id02_05_01,秋田１区,-,3,5246,3.7,鈴木知,,,,共,,,新,
51,2026,id02_05_02,秋田２区,当,1,70352,55,福原淳嗣,,,2,自,,,前,(維)
51,2026,id02_05_02,秋田２区,-,3,57666,45,緑川貴士,,,3,立,,,前,
51,2026,id02_05_03,秋田３区,当,1,87573,50.7,村岡敏英,,,4,国,,,前,
51,2026,id02_05_03,秋田３区,比当,2,85063,49.3,御法川信英,,,8,自,,,前,(維)
51,2026,id02_06_01,山形１区,当,1,106063,61.2,遠藤寛明,,,1,自,,,新,
51,2026,id02_06_01,山形１区,-,3,48443,28,原田和広,,,1,立,,,前,
51,2026,id02_06_01,山形１区,-,3,18692,10.8,桜田恭子,,,,参,,,新,
51,2026,id02_06_02,山形２区,当,1,124512,68.3,鈴木憲和,,,6,自,,,前,(維)
51,2026,id02_06_02,山形２区,-,3,49804,27.3,菊池大二郎,,,1,国,,,前,
51,2026,id02_06_02,山形２区,-,3,7919,4.3,岩本康嗣,,,,共,,,新,
51,2026,id02_06_03,山形３区,当,1,90730,58.2,加藤鮎子,,,5,自,,,前,(維)
51,2026,id02_06_03,山形３区,-,3,32432,20.8,落合拓磨,,,,立,,,新,
51,2026,id02_06_03,山形３区,-,3,21972,14.1,喜多恒介,,,,国,,,新,
51,2026,id02_06_03,山形３区,-,3,10770,6.9,遠藤和史,,,,参,,,新,
51,2026,id02_07_01,福島１区,当,1,99531,45.2,西山尚利,,,1,自,,,新,(維)
51,2026,id02_07_01,福島１区,比当,2,93471,42.5,金子恵美,,,5,立,,,前,
51,2026,id02_07_01,福島１区,-,3,27013,12.3,亀岡偉一,,,,無,,,新,
51,2026,id02_07_02,福島２区,当,1,128948,52,根本拓,,,2,自,,,前,(維)
51,2026,id02_07_02,福島２区,-,3,90146,36.4,玄葉光一郎,,,11,立,,,前,
51,2026,id02_07_02,福島２区,-,3,20645,8.3,大山里幸子,,,,参,,,新,
51,2026,id02_07_02,福島２区,-,3,6395,2.6,丸本由美子,,,,共,,,新,
51,2026,id02_07_02,福島２区,-,3,1780,0.7,遠藤雄大,,,,無,,,新,
51,2026,id02_07_03,福島３区,当,1,107649,57,上杉謙太郎,,,3,自,,,元,(維)
51,2026,id02_07_03,福島３区,-,3,77011,40.8,小熊慎司,,,5,立,,,前,
51,2026,id02_07_03,福島３区,-,3,4084,2.2,金山屯,,,,無,,,新,
51,2026,id02_07_04,福島４区,当,1,100795,49.3,坂本竜太郎,,,2,自,,,前,(維)
51,2026,id02_07_04,福島４区,-,3,54672,26.8,斎藤裕喜,,,1,立,,,前,
51,2026,id02_07_04,福島４区,-,3,38539,18.9,山口洋太,,,,国,,,新,
51,2026,id02_07_04,福島４区,-,3,10254,5,熊谷智,,,,共,,,新,
51,2026,id03_08_01,茨城１区,当,1,87570,41.6,田所嘉徳,,,6,自,,,前,(維)
51,2026,id03_08_01,茨城１区,-,3,84703,40.3,福島伸享,,,4,無,,,前,
51,2026,id03_08_01,茨城１区,-,3,25327,12,川端絢美,,,,参,,,新,
51,2026,id03_08_01,茨城１区,-,3,12842,6.1,大内久美子,,,,共,,,新,
51,2026,id03_08_02,茨城２区,当,1,74491,54.2,額賀福志郎,,,15,自,,,前,(維)
51,2026,id03_08_02,茨城２区,-,3,30482,22.2,小沼巧,,,,立,,,新,
51,2026,id03_08_02,茨城２区,-,3,16450,12,谷川祐一,,,,国,,,新,
51,2026,id03_08_02,茨城２区,-,3,16132,11.7,宮内匠,,,,参,,,新,
51,2026,id03_08_03,茨城３区,当,1,103231,51.3,葉梨康弘,,,8,自,,,前,(維)
51,2026,id03_08_03,茨城３区,-,3,56143,27.9,梶岡博樹,,,,立,,,新,
51,2026,id03_08_03,茨城３区,-,3,31880,15.8,斎藤真衣,,,,参,,,新,
51,2026,id03_08_03,茨城３区,-,3,10008,5,加川裕美,,,,れ,,,新,
51,2026,id03_08_04,茨城４区,当,1,106286,83.1,梶山弘志,,,10,自,,,前,(維)
51,2026,id03_08_04,茨城４区,-,3,21610,16.9,吉田翔,,,,共,,,新,
51,2026,id03_08_05,茨城５区,当,1,70438,60.4,浅野哲,,,4,国,,,前,
51,2026,id03_08_05,茨城５区,比当,2,46141,39.6,鈴木拓海,,,1,自,,,新,
51,2026,id03_08_06,茨城６区,当,1,107388,43.2,国光文乃,,,4,自,,,前,(維)
51,2026,id03_08_06,茨城６区,-,3,104844,42.2,青山大人,,,3,無,,,前,
51,2026,id03_08_06,茨城６区,-,3,23443,9.4,堀越麻紀,,,,参,,,新,
51,2026,id03_08_06,茨城６区,-,3,9902,4,稲葉英樹,,,,共,,,新,
51,2026,id03_08_06,茨城６区,-,3,2982,1.2,中村吉男,,,,無,,,新,
51,2026,id03_08_07,茨城７区,当,1,84930,52.5,中村勇太,,,2,無,,,前,
51,2026,id03_08_07,茨城７区,比当,2,76700,47.5,永岡桂子,,,8,自,,,前,(維)
51,2026,id03_09_01,栃木１区,当,1,85199,40.5,船田元,,,15,自,,,前,
51,2026,id03_09_01,栃木１区,-,3,45243,21.5,小池篤史,,,,立,,,新,
51,2026,id03_09_01,栃木１区,比当,2,41233,19.6,柏倉祐司,,,2,維,,,元,
51,2026,id03_09_01,栃木１区,-,3,29337,14,大森紀明,,,,参,,,新,
51,2026,id03_09_01,栃木１区,-,3,6452,3.1,青木弘,,,,共,,,新,
51,2026,id03_09_01,栃木１区,-,3,2821,1.3,石川文三郎,,,,無,,,新,
51,2026,id03_09_02,栃木２区,当,1,66681,51.8,五十嵐清,,,3,自,,,前,
51,2026,id03_09_02,栃木２区,-,3,45129,35.1,福田昭夫,,,7,立,,,前,
51,2026,id03_09_02,栃木２区,-,3,16827,13.1,藤田久美,,,,参,,,新,
51,2026,id03_09_03,栃木３区,当,1,58483,43.9,渡辺真太朗,,,1,無,,,新,
51,2026,id03_09_03,栃木３区,比当,2,53975,40.6,簗和生,,,6,自,,,前,
51,2026,id03_09_03,栃木３区,-,3,20611,15.5,伊賀央,,,,立,,,新,
51,2026,id03_09_04,栃木４区,当,1,87743,47.1,石坂太,,,1,自,,,新,(維)
51,2026,id03_09_04,栃木４区,-,3,74465,39.9,藤岡隆雄,,,2,立,,,前,
51,2026,id03_09_04,栃木４区,-,3,20768,11.1,野口智子,,,,参,,,新,
51,2026,id03_09_04,栃木４区,-,3,3456,1.9,大貫学,,,,無,,,新,
51,2026,id03_09_05,栃木５区,当,1,110743,68.2,茂木敏充,,,12,自,,,前,(維)
51,2026,id03_09_05,栃木５区,-,3,19626,12.1,寺田和史,,,,国,,,新,
51,2026,id03_09_05,栃木５区,-,3,16713,10.3,宮本陽介,,,,参,,,新,
51,2026,id03_09_05,栃木５区,-,3,15315,9.4,岡村恵子,,,,共,,,新,
51,2026,id03_10_01,群馬１区,当,1,103316,61.6,中曽根康隆,,,4,自,,,前,(維)
51,2026,id03_10_01,群馬１区,-,3,48324,28.8,河村正剛,,,,立,,,新,
51,2026,id03_10_01,群馬１区,-,3,15962,9.5,店橋世津子,,,,共,,,新,
51,2026,id03_10_02,群馬２区,当,1,84167,52.7,井野俊郎,,,6,自,,,前,
51,2026,id03_10_02,群馬２区,-,3,22227,13.9,原和隆,,,,国,,,新,
51,2026,id03_10_02,群馬２区,-,3,19435,12.2,石関貴史,,,4,無,,,元,
51,2026,id03_10_02,群馬２区,-,3,16041,10.1,熊井戸園子,,,,参,,,新,
51,2026,id03_10_02,群馬２区,-,3,10254,6.4,高橋保,,,,共,,,新,
51,2026,id03_10_02,群馬２区,-,3,7471,4.7,伊藤純子,,,,保,,,新,
51,2026,id03_10_03,群馬３区,当,1,96283,61.5,笹川博義,,,6,自,,,前,(維)
51,2026,id03_10_03,群馬３区,-,3,60204,38.5,長谷川嘉一,,,2,立,,,前,
51,2026,id03_10_04,群馬４区,当,1,84938,53.4,福田達夫,,,6,自,,,前,
51,2026,id03_10_04,群馬４区,比当,2,35906,22.6,青木ひとみ,,,1,参,,,新,
51,2026,id03_10_04,群馬４区,-,3,28627,18,山田博規,,,,立,,,新,
51,2026,id03_10_04,群馬４区,-,3,9556,6,伊藤達也,,,,共,,,新,
51,2026,id03_10_05,群馬５区,当,1,107356,68.6,小渕優子,,,10,自,,,前,(維)
51,2026,id03_10_05,群馬５区,-,3,49187,31.4,木暮智貴,,,,参,,,新,
51,2026,id03_11_01,埼玉１区,当,1,121002,55.7,村井英樹,,,6,自,,,前,
51,2026,id03_11_01,埼玉１区,-,3,67980,31.3,武正公一,,,7,立,,,前,
51,2026,id03_11_01,埼玉１区,-,3,21329,9.8,菅又士廊,,,,参,,,新,
51,2026,id03_11_01,埼玉１区,-,3,7115,3.3,羽田一樹,,,,無,,,新,
51,2026,id03_11_02,埼玉２区,当,1,75209,41.8,新藤義孝,,,10,自,,,前,
51,2026,id03_11_02,埼玉２区,-,3,45521,25.3,細谷勇人,,,,国,,,新,
51,2026,id03_11_02,埼玉２区,-,3,31075,17.3,菅野静華,,,,参,,,新,
51,2026,id03_11_02,埼玉２区,-,3,28187,15.7,高橋英明,,,2,維,,,前,
51,2026,id03_11_03,埼玉３区,当,1,96335,52.2,黄川田仁志,,,6,自,,,前,(維)
51,2026,id03_11_03,埼玉３区,-,3,60430,32.7,竹内千春,,,1,立,,,前,
51,2026,id03_11_03,埼玉３区,-,3,27801,15.1,中村尚子,,,,参,,,新,
51,2026,id03_11_04,埼玉４区,当,1,110312,52.9,穂坂泰,,,4,自,,,前,
51,2026,id03_11_04,埼玉４区,-,3,56582,27.1,岸田光広,,,1,国,,,前,
51,2026,id03_11_04,埼玉４区,-,3,25501,12.2,工藤薫,,,,共,,,新,
51,2026,id03_11_04,埼玉４区,-,3,16072,7.7,伊勢田享子,,,,維,,,新,
51,2026,id03_11_05,埼玉５区,当,1,104836,47.4,井原隆,,,1,自,,,新,
51,2026,id03_11_05,埼玉５区,-,3,90795,41,枝野幸男,,,11,立,,,前,
51,2026,id03_11_05,埼玉５区,-,3,25775,11.6,飯塚佳佑,,,,参,,,新,
51,2026,id03_11_06,埼玉６区,当,1,91049,41,尾花瑛仁,,,1,自,,,新,
51,2026,id03_11_06,埼玉６区,比当,2,81509,36.7,大島敦,,,10,立,,,前,
51,2026,id03_11_06,埼玉６区,-,3,21078,9.5,長島美子,,,,参,,,新,
51,2026,id03_11_06,埼玉６区,-,3,15561,7,秋山もえ,,,,共,,,新,
51,2026,id03_11_06,埼玉６区,-,3,12958,5.8,津田賢伯,,,,維,,,新,
51,2026,id03_11_07,埼玉７区,当,1,107470,57.2,中野英幸,,,3,自,,,前,(維)
51,2026,id03_11_07,埼玉７区,-,3,80433,42.8,小宮山泰子,,,8,立,,,前,
51,2026,id03_11_08,埼玉８区,当,1,118529,52.4,柴山昌彦,,,9,自,,,前,(維)
51,2026,id03_11_08,埼玉８区,-,3,67825,30,市来伴子,,,1,立,,,前,
51,2026,id03_11_08,埼玉８区,-,3,39928,17.6,岡田静佳,,,,無,,,新,
51,2026,id03_11_09,埼玉９区,当,1,112062,55,大塚拓,,,6,自,,,元,(維)
51,2026,id03_11_09,埼玉９区,-,3,91805,45,杉村慎治,,,1,立,,,前,
51,2026,id03_11_10,埼玉１０区,当,1,95847,55.3,山口晋,,,2,自,,,元,(維)
51,2026,id03_11_10,埼玉１０区,-,3,77485,44.7,坂本祐之輔,,,4,立,,,前,
51,2026,id03_11_11,埼玉１１区,当,1,88744,53.4,小泉龍司,,,9,自,,,前,(維)
51,2026,id03_11_11,埼玉１１区,-,3,32508,19.5,島田誠,,,,立,,,新,
51,2026,id03_11_11,埼玉１１区,-,3,19174,11.5,布施卓人,,,,国,,,新,
51,2026,id03_11_11,埼玉１１区,-,3,16744,10.1,甲斐隆,,,,参,,,新,
51,2026,id03_11_11,埼玉１１区,-,3,9156,5.5,柿沼遥輝,,,,共,,,新,
51,2026,id03_11_12,埼玉１２区,当,1,102382,55.8,野中厚,,,6,自,,,前,(維)
51,2026,id03_11_12,埼玉１２区,-,3,81103,44.2,森田俊和,,,3,立,,,前,
51,2026,id03_11_13,埼玉１３区,当,1,75992,39.3,三ツ林裕巳,,,5,自,,,元,(維)
51,2026,id03_11_13,埼玉１３区,比当,2,69464,36,橋本幹彦,,,2,国,,,前,
51,2026,id03_11_13,埼玉１３区,-,3,17675,9.2,杉山鎮夫,,,,参,,,新,
51,2026,id03_11_13,埼玉１３区,-,3,16713,8.7,高井崇志,,,4,れ,,,前,
51,2026,id03_11_13,埼玉１３区,-,3,13305,6.9,沢口千枝子,,,,共,,,新,
51,2026,id03_11_14,埼玉１４区,当,1,77481,40.7,藤田誠,,,1,自,,,新,(維)
51,2026,id03_11_14,埼玉１４区,比当,2,70386,37,鈴木義弘,,,5,国,,,前,
51,2026,id03_11_14,埼玉１４区,-,3,23824,12.5,雨宮裕子,,,,参,,,新,
51,2026,id03_11_14,埼玉１４区,-,3,18732,9.8,苗村京子,,,,共,,,新,
51,2026,id03_11_15,埼玉１５区,当,1,114320,52.3,田中良生,,,7,自,,,前,
51,2026,id03_11_15,埼玉１５区,-,3,57005,26.1,小山田経子,,,,立,,,新,
51,2026,id03_11_15,埼玉１５区,-,3,31994,14.6,南原竜樹,,,,維,,,新,
51,2026,id03_11_15,埼玉１５区,-,3,15213,7,藤川広明,,,,諸,,,新,
51,2026,id03_11_16,埼玉１６区,当,1,98187,55.8,土屋品子,,,10,自,,,前,(維)
51,2026,id03_11_16,埼玉１６区,-,3,64152,36.5,三角創太,,,1,立,,,前,
51,2026,id03_11_16,埼玉１６区,-,3,13579,7.7,永堀健,,,,共,,,新,
51,2026,id04_12_01,千葉１区,当,1,109771,46.8,門山宏哲,,,5,自,,,元,(維)
51,2026,id04_12_01,千葉１区,比当,2,91149,38.9,田嶋要,,,9,立,,,前,
51,2026,id04_12_01,千葉１区,-,3,33443,14.3,上田敦広,,,,参,,,新,
51,2026,id04_12_02,千葉２区,当,1,107933,67.5,小林鷹之,,,6,自,,,前,(維)
51,2026,id04_12_02,千葉２区,-,3,37293,23.3,佐藤由美,,,,立,,,新,
51,2026,id04_12_02,千葉２区,-,3,14761,9.2,白石ちよ,,,,共,,,新,
51,2026,id04_12_03,千葉３区,当,1,86687,52,松野博一,,,10,自,,,前,(維)
51,2026,id04_12_03,千葉３区,-,3,48689,29.2,岡島一正,,,4,立,,,前,
51,2026,id04_12_03,千葉３区,-,3,22750,13.6,山本政幸,,,,参,,,新,
51,2026,id04_12_03,千葉３区,-,3,8591,5.2,渡部公美子,,,,共,,,新,
51,2026,id04_12_04,千葉４区,当,1,106236,48.2,鹿嶋祐介,,,1,自,,,新,(維)
51,2026,id04_12_04,千葉４区,-,3,71698,32.5,水沼秀幸,,,1,立,,,前,
51,2026,id04_12_04,千葉４区,比当,2,24827,11.3,工藤聖子,,,1,参,,,新,
51,2026,id04_12_04,千葉４区,-,3,11807,5.4,玉堀里衣,,,,共,,,新,
51,2026,id04_12_04,千葉４区,-,3,5891,2.7,高橋宏,,,,減,,,新,
51,2026,id04_12_05,千葉５区,当,1,85073,36.5,英利アルフィヤ,,,3,自,,,前,(維)
51,2026,id04_12_05,千葉５区,比当,2,53532,22.9,岡野純子,,,2,国,,,前,
51,2026,id04_12_05,千葉５区,-,3,47990,20.6,矢崎堅太郎,,,1,立,,,前,
51,2026,id04_12_05,千葉５区,比当,2,25408,10.9,小林修平,,,1,み,,,新,
51,2026,id04_12_05,千葉５区,-,3,21386,9.2,宮路純一,,,,参,,,新,
51,2026,id04_12_06,千葉６区,当,1,89662,40.5,渡辺博道,,,9,自,,,元,(維)
51,2026,id04_12_06,千葉６区,-,3,58435,26.4,安藤淳子,,,1,立,,,前,
51,2026,id04_12_06,千葉６区,-,3,41081,18.5,武藤雄大,,,,国,,,新,
51,2026,id04_12_06,千葉６区,-,3,21693,9.8,出羽幹子,,,,参,,,新,
51,2026,id04_12_06,千葉６区,-,3,10734,4.8,浦野真,,,,共,,,新,
51,2026,id04_12_07,千葉７区,当,1,100339,64,斎藤健,,,7,自,,,前,(維)
51,2026,id04_12_07,千葉７区,-,3,40301,25.7,林田章裕,,,,国,,,新,
51,2026,id04_12_07,千葉７区,-,3,16146,10.3,川田龍平,,,,減,,,新,
51,2026,id04_12_08,千葉８区,当,1,95279,49.1,松本泉,,,1,自,,,新,
51,2026,id04_12_08,千葉８区,-,3,62784,32.3,本庄知史,,,2,立,,,前,
51,2026,id04_12_08,千葉８区,-,3,21138,10.9,宮本寛之,,,,参,,,新,
51,2026,id04_12_08,千葉８区,-,3,15021,7.7,石塚貞通,,,,維,,,新,
51,2026,id04_12_09,千葉９区,当,1,89146,44.2,田宮寿人,,,1,自,,,新,
51,2026,id04_12_09,千葉９区,-,3,69444,34.4,奥野総一郎,,,6,立,,,前,
51,2026,id04_12_09,千葉９区,-,3,22000,10.9,田沼隆志,,,1,維,,,元,
51,2026,id04_12_09,千葉９区,-,3,21058,10.4,前田裕介,,,,参,,,新,
51,2026,id04_12_10,千葉１０区,当,1,95358,61.1,小池正昭,,,2,自,,,前,(維)
51,2026,id04_12_10,千葉１０区,-,3,50956,32.6,谷田川元,,,4,立,,,前,
51,2026,id04_12_10,千葉１０区,-,3,9801,6.3,田村理江,,,,共,,,新,
51,2026,id04_12_11,千葉１１区,当,1,102843,61.5,森英介,,,13,自,,,前,(維)
51,2026,id04_12_11,千葉１１区,-,3,50561,30.2,多ケ谷亮,,,2,立,,,前,
51,2026,id04_12_11,千葉１１区,-,3,13783,8.2,椎名史明,,,,共,,,新,
51,2026,id04_12_12,千葉１２区,当,1,129997,71.5,浜田靖一,,,12,自,,,前,(維)
51,2026,id04_12_12,千葉１２区,-,3,34270,18.8,大薄裕也,,,,無,,,新,
51,2026,id04_12_12,千葉１２区,-,3,17601,9.7,葛原茂,,,,共,,,新,
51,2026,id04_12_13,千葉１３区,当,1,121796,53.9,松本尚,,,3,自,,,前,(維)
51,2026,id04_12_13,千葉１３区,-,3,72234,31.9,宮川伸,,,2,立,,,前,
51,2026,id04_12_13,千葉１３区,比当,2,32098,14.2,中谷めぐみ,,,1,参,,,新,
51,2026,id04_12_14,千葉１４区,当,1,99324,45,野田佳彦,,,11,立,,,前,
51,2026,id04_12_14,千葉１４区,比当,2,86061,39,長野春信,,,1,自,,,新,(維)
51,2026,id04_12_14,千葉１４区,-,3,25597,11.6,中村愛,,,,参,,,新,
51,2026,id04_12_14,千葉１４区,-,3,9831,4.5,八鎌健太,,,,共,,,新,
51,2026,id05_13_01,東京１区,当,1,82622,43,山田美樹,,,5,自,,,元,
51,2026,id05_13_01,東京１区,-,3,48830,25.4,海江田万里,,,9,立,,,前,
51,2026,id05_13_01,東京１区,比当,2,25232,13.1,吉川里奈,,,2,参,,,前,
51,2026,id05_13_01,東京１区,-,3,20187,10.5,春山明日香,,,,維,,,新,
51,2026,id05_13_01,東京１区,-,3,15295,8,黒田朝陽,,,,共,,,新,
51,2026,id05_13_02,東京２区,当,1,84690,43.3,辻清人,,,6,自,,,前,
51,2026,id05_13_02,東京２区,-,3,36021,18.4,鳩山紀一郎,,,1,国,,,前,
51,2026,id05_13_02,東京２区,比当,2,25018,12.8,土橋章宏,,,1,み,,,新,
51,2026,id05_13_02,東京２区,-,3,16609,8.5,今村充,,,,維,,,新,
51,2026,id05_13_02,東京２区,-,3,15358,7.8,細野真理,,,,共,,,新,
51,2026,id05_13_02,東京２区,-,3,13844,7.1,海江田悠輔,,,,参,,,新,
51,2026,id05_13_02,東京２区,-,3,4162,2.1,天野こころ,,,,諸,,,新,
51,2026,id05_13_03,東京３区,当,1,93158,42.6,石原宏高,,,7,自,,,前,
51,2026,id05_13_03,東京３区,-,3,53584,24.5,阿部祐美子,,,1,立,,,前,
51,2026,id05_13_03,東京３区,-,3,34805,15.9,石田慎吾,,,,国,,,新,
51,2026,id05_13_03,東京３区,-,3,19403,8.9,石崎徹,,,3,維,,,元,
51,2026,id05_13_03,東京３区,-,3,17544,8,植木洋貴,,,,参,,,新,
51,2026,id05_13_04,東京４区,当,1,114054,49.4,平将明,,,8,自,,,前,(維)
51,2026,id05_13_04,東京４区,比当,2,55610,24.1,井戸正枝,,,2,国,,,元,
51,2026,id05_13_04,東京４区,-,3,31577,13.7,嶋悦子,,,,参,,,新,
51,2026,id05_13_04,東京４区,-,3,29667,12.8,谷川智行,,,,共,,,新,
51,2026,id05_13_05,東京５区,当,1,89078,39.1,若宮健嗣,,,6,自,,,元,
51,2026,id05_13_05,東京５区,-,3,58164,25.5,手塚仁雄,,,6,立,,,前,
51,2026,id05_13_05,東京５区,-,3,33140,14.5,桑水流弓紀子,,,,国,,,新,
51,2026,id05_13_05,東京５区,-,3,27889,12.2,稲葉太郎,,,,維,,,新,
51,2026,id05_13_05,東京５区,-,3,19809,8.7,松岡登志子,,,,参,,,新,
51,2026,id05_13_06,東京６区,当,1,90077,37.7,畦元将吾,,,3,自,,,元,(維)
51,2026,id05_13_06,東京６区,比当,2,79262,33.2,落合貴之,,,5,立,,,前,
51,2026,id05_13_06,東京６区,-,3,43524,18.2,丸山勝己,,,,国,,,新,
51,2026,id05_13_06,東京６区,-,3,23362,9.8,島村直輝,,,,参,,,新,
51,2026,id05_13_06,東京６区,-,3,2424,1,福村康広,,,,諸,,,新,
51,2026,id05_13_07,東京７区,当,1,80421,34.5,丸川珠代,,,1,自,,,新,
51,2026,id05_13_07,東京７区,-,3,52576,22.5,松尾明弘,,,2,立,,,前,
51,2026,id05_13_07,東京７区,比当,2,43335,18.6,峰島侑也,,,1,み,,,新,
51,2026,id05_13_07,東京７区,-,3,21018,9,入江伸子,,,,国,,,新,
51,2026,id05_13_07,東京７区,-,3,19637,8.4,渡辺泰之,,,,維,,,新,
51,2026,id05_13_07,東京７区,-,3,16337,7,石川友梨香,,,,参,,,新,
51,2026,id05_13_08,東京８区,当,1,108020,44.3,門寛子,,,1,自,,,新,(維)
51,2026,id05_13_08,東京８区,-,3,77620,31.8,吉田晴美,,,2,立,,,前,
51,2026,id05_13_08,東京８区,-,3,26989,11.1,森田一成,,,,国,,,新,
51,2026,id05_13_08,東京８区,-,3,11419,4.7,海保杜久麻,,,,れ,,,新,
51,2026,id05_13_08,東京８区,-,3,10642,4.4,永井漠,,,,参,,,新,
51,2026,id05_13_08,東京８区,-,3,8110,3.3,大谷司郎,,,,保,,,新,
51,2026,id05_13_08,東京８区,-,3,1111,0.5,藤原幸弘,,,,無,,,新,
51,2026,id05_13_09,東京９区,当,1,78927,43,菅原一秀,,,7,自,,,元,(維)
51,2026,id05_13_09,東京９区,-,3,56175,30.6,山岸一生,,,2,立,,,前,
51,2026,id05_13_09,東京９区,-,3,32670,17.8,薬師寺道代,,,,国,,,新,
51,2026,id05_13_09,東京９区,-,3,15638,8.5,鈴木文哉,,,,参,,,新,
51,2026,id05_13_10,東京１０区,当,1,126044,49.1,鈴木隼人,,,5,自,,,前,(維)
51,2026,id05_13_10,東京１０区,-,3,67575,26.3,鈴木庸介,,,2,立,,,前,
51,2026,id05_13_10,東京１０区,-,3,43006,16.7,梶原みずほ,,,,国,,,新,
51,2026,id05_13_10,東京１０区,-,3,17646,6.9,安田伸,,,,参,,,新,
51,2026,id05_13_10,東京１０区,-,3,2686,1,小山徹,,,,諸,,,新,
51,2026,id05_13_11,東京１１区,当,1,69077,31.5,下村博文,,,10,自,,,元,
51,2026,id05_13_11,東京１１区,-,3,53001,24.2,阿久津幸彦,,,5,立,,,前,
51,2026,id05_13_11,東京１１区,比当,2,38445,17.5,高沢一基,,,1,国,,,新,
51,2026,id05_13_11,東京１１区,-,3,26207,11.9,大豆生田実,,,,維,,,新,
51,2026,id05_13_11,東京１１区,-,3,19149,8.7,松方恵美,,,,参,,,新,
51,2026,id05_13_11,東京１１区,-,3,12590,5.7,横手海人,,,,共,,,新,
51,2026,id05_13_11,東京１１区,-,3,916,0.4,桑島康文,,,,諸,,,新,
51,2026,id05_13_12,東京１２区,当,1,78774,35,高木啓,,,4,自,,,前,
51,2026,id05_13_12,東京１２区,-,3,44134,19.6,中原翔太,,,,立,,,新,
51,2026,id05_13_12,東京１２区,比当,2,33100,14.7,阿部司,,,3,維,,,前,
51,2026,id05_13_12,東京１２区,-,3,30913,13.7,久住勇樹,,,,国,,,新,
51,2026,id05_13_12,東京１２区,-,3,20616,9.2,田原聖子,,,,共,,,新,
51,2026,id05_13_12,東京１２区,-,3,17320,7.7,黒石裕子,,,,参,,,新,
51,2026,id05_13_13,東京１３区,当,1,94680,46.6,土田慎,,,3,自,,,前,(維)
51,2026,id05_13_13,東京１３区,比当,2,66140,32.5,森洋介,,,2,国,,,前,
51,2026,id05_13_13,東京１３区,-,3,23371,11.5,沢田真吾,,,,共,,,新,
51,2026,id05_13_13,東京１３区,-,3,19021,9.4,加地敏子,,,,参,,,新,
51,2026,id05_13_14,東京１４区,当,1,109892,50.2,松島みどり,,,9,自,,,前,
51,2026,id05_13_14,東京１４区,-,3,49312,22.5,長南貴則,,,,国,,,新,
51,2026,id05_13_14,東京１４区,-,3,20647,9.4,櫛渕万里,,,3,れ,,,前,
51,2026,id05_13_14,東京１４区,-,3,19925,9.1,丹悠,,,,参,,,新,
51,2026,id05_13_14,東京１４区,-,3,19007,8.7,原努,,,,共,,,新,
51,2026,id05_13_15,東京１５区,当,1,109489,42.5,大空幸星,,,2,自,,,前,
51,2026,id05_13_15,東京１５区,-,3,70911,27.5,酒井菜摘,,,2,立,,,前,
51,2026,id05_13_15,東京１５区,-,3,28674,11.1,深見紗采,,,,国,,,新,
51,2026,id05_13_15,東京１５区,-,3,26546,10.3,三次由梨香,,,,維,,,新,
51,2026,id05_13_15,東京１５区,-,3,14770,5.7,鈴木佳奈,,,,参,,,新,
51,2026,id05_13_15,東京１５区,-,3,7296,2.8,吉野敏明,,,,減,,,新,
51,2026,id05_13_16,東京１６区,当,1,92858,44.6,大西洋平,,,2,自,,,前,(維)
51,2026,id05_13_16,東京１６区,-,3,51527,24.8,柴田勝之,,,1,立,,,前,
51,2026,id05_13_16,東京１６区,-,3,42380,20.4,竹内知子,,,,国,,,新,
51,2026,id05_13_16,東京１６区,-,3,21320,10.2,村上剛,,,,参,,,新,
51,2026,id05_13_17,東京１７区,当,1,73234,36.2,平沢勝栄,,,11,自,,,前,
51,2026,id05_13_17,東京１７区,-,3,44594,22,反田麻理,,,,立,,,新,
51,2026,id05_13_17,東京１７区,-,3,28282,14,長谷川貴子,,,,国,,,新,
51,2026,id05_13_17,東京１７区,-,3,27630,13.6,猪口幸子,,,1,維,,,前,
51,2026,id05_13_17,東京１７区,-,3,19291,9.5,杉浦慎一郎,,,,参,,,新,
51,2026,id05_13_17,東京１７区,-,3,7328,3.6,円より子,,,1,無,,,前,
51,2026,id05_13_17,東京１７区,-,3,2068,1,鈴木真志,,,,諸,,,新,
51,2026,id05_13_18,東京１８区,当,1,117383,47.7,福田かおる,,,2,自,,,前,(維)
51,2026,id05_13_18,東京１８区,-,3,69722,28.3,松下玲子,,,1,立,,,前,
51,2026,id05_13_18,東京１８区,-,3,33497,13.6,鈴木佑馬,,,,国,,,新,
51,2026,id05_13_18,東京１８区,-,3,17121,7,徳永由紀子,,,,参,,,新,
51,2026,id05_13_18,東京１８区,-,3,8330,3.4,吉田綾,,,,諸,,,新,
51,2026,id05_13_19,東京１９区,当,1,93697,45.9,松本洋平,,,7,自,,,前,
51,2026,id05_13_19,東京１９区,-,3,54345,26.6,末松義規,,,8,立,,,前,
51,2026,id05_13_19,東京１９区,-,3,28452,13.9,諏訪玲子,,,,国,,,新,
51,2026,id05_13_19,東京１９区,-,3,14350,7,井手重美津子,,,,共,,,新,
51,2026,id05_13_19,東京１９区,-,3,13463,6.6,一ノ瀬陽子,,,,参,,,新,
51,2026,id05_13_20,東京２０区,当,1,108985,48.6,木原誠二,,,7,自,,,前,(維)
51,2026,id05_13_20,東京２０区,-,3,46910,20.9,大西健太郎,,,,国,,,新,
51,2026,id05_13_20,東京２０区,-,3,45031,20.1,宮本徹,,,3,共,,,元,
51,2026,id05_13_20,東京２０区,-,3,23544,10.5,掛山茂希,,,,参,,,新,
51,2026,id05_13_21,東京２１区,当,1,97494,42.6,小田原潔,,,5,自,,,元,(維)
51,2026,id05_13_21,東京２１区,-,3,65713,28.7,鈴木烈,,,,立,,,新,
51,2026,id05_13_21,東京２１区,-,3,37086,16.2,黒田太郎,,,,国,,,新,
51,2026,id05_13_21,東京２１区,-,3,22373,9.8,星野奈美,,,,参,,,新,
51,2026,id05_13_21,東京２１区,-,3,6154,2.7,矢田一久,,,,減,,,新,
51,2026,id05_13_22,東京２２区,当,1,132689,51.5,伊藤達也,,,11,自,,,前,(維)
51,2026,id05_13_22,東京２２区,-,3,87494,33.9,山花郁夫,,,5,立,,,前,
51,2026,id05_13_22,東京２２区,比当,2,37697,14.6,鈴木美香,,,1,参,,,新,
51,2026,id05_13_23,東京２３区,当,1,92171,45.3,川松真一朗,,,1,自,,,新,(維)
51,2026,id05_13_23,東京２３区,-,3,69908,34.4,伊藤俊輔,,,3,立,,,前,
51,2026,id05_13_23,東京２３区,-,3,22326,11,舟見裕貴,,,,参,,,新,
51,2026,id05_13_23,東京２３区,-,3,19111,9.4,池川友一,,,,共,,,新,
51,2026,id05_13_24,東京２４区,当,1,85806,41.1,萩生田光一,,,8,自,,,前,(維)
51,2026,id05_13_24,東京２４区,-,3,70781,33.9,細貝悠,,,,立,,,新,
51,2026,id05_13_24,東京２４区,-,3,22263,10.7,細屋椋,,,,国,,,新,
51,2026,id05_13_24,東京２４区,-,3,16909,8.1,與倉さゆり,,,,参,,,新,
51,2026,id05_13_24,東京２４区,-,3,13209,6.3,深田萌絵,,,,無,,,新,
51,2026,id05_13_25,東京２５区,当,1,109606,50.5,井上信治,,,9,自,,,前,
51,2026,id05_13_25,東京２５区,-,3,50219,23.1,依田花蓮,,,,立,,,新,
51,2026,id05_13_25,東京２５区,-,3,21515,9.9,宗像久敬,,,,国,,,新,
51,2026,id05_13_25,東京２５区,-,3,20603,9.5,木村奈美,,,,参,,,新,
51,2026,id05_13_25,東京２５区,-,3,15185,7,宮﨑太朗,,,,維,,,新,
51,2026,id05_13_26,東京２６区,当,1,92329,34.7,今岡植,,,1,自,,,新,(維)
51,2026,id05_13_26,東京２６区,-,3,82119,30.8,松原仁,,,9,無,,,前,
51,2026,id05_13_26,東京２６区,比当,2,34706,13,宇佐美登,,,3,み,,,元,
51,2026,id05_13_26,東京２６区,-,3,24307,9.1,坂元悠紀,,,,国,,,新,
51,2026,id05_13_26,東京２６区,-,3,19663,7.4,松井佳苗子,,,,共,,,新,
51,2026,id05_13_26,東京２６区,-,3,13072,4.9,菅沼桂子,,,,参,,,新,
51,2026,id05_13_27,東京２７区,当,1,85249,38.1,黒崎祐一,,,1,自,,,新,(維)
51,2026,id05_13_27,東京２７区,比当,2,80997,36.2,長妻昭,,,10,立,,,前,
51,2026,id05_13_27,東京２７区,-,3,37848,16.9,須山卓知,,,,国,,,新,
51,2026,id05_13_27,東京２７区,-,3,19374,8.7,小笠原愛子,,,,参,,,新,
51,2026,id05_13_28,東京２８区,当,1,69037,36.6,安藤高夫,,,3,自,,,前,
51,2026,id05_13_28,東京２８区,-,3,41482,22,高松智之,,,1,立,,,前,
51,2026,id05_13_28,東京２８区,-,3,28905,15.3,三沢宏明,,,,国,,,新,
51,2026,id05_13_28,東京２８区,-,3,18743,9.9,橋口奈保,,,,維,,,新,
51,2026,id05_13_28,東京２８区,-,3,17211,9.1,村松一希,,,,参,,,新,
51,2026,id05_13_28,東京２８区,-,3,13045,6.9,高野直美,,,,共,,,新,
51,2026,id05_13_29,東京２９区,当,1,80538,41.4,長沢興祐,,,1,自,,,新,(維)
51,2026,id05_13_29,東京２９区,-,3,45358,23.3,木村剛司,,,1,立,,,元,
51,2026,id05_13_29,東京２９区,-,3,26692,13.7,樽井良和,,,1,国,,,元,
51,2026,id05_13_29,東京２９区,-,3,14101,7.2,小坂英二,,,,保,,,新,
51,2026,id05_13_29,東京２９区,-,3,14071,7.2,堀川哲郎,,,,参,,,新,
51,2026,id05_13_29,東京２９区,-,3,13976,7.2,鈴木賢一,,,,共,,,新,
51,2026,id05_13_30,東京３０区,当,1,110453,45.2,長島昭久,,,9,自,,,前,(維)
51,2026,id05_13_30,東京３０区,-,3,81082,33.1,五十嵐衣里,,,1,立,,,前,
51,2026,id05_13_30,東京３０区,-,3,32504,13.3,川上竜世,,,,国,,,新,
51,2026,id05_13_30,東京３０区,-,3,20586,8.4,寿玲子,,,,参,,,新,
51,2026,id04_14_01,神奈川１区,当,1,121899,53.1,丸尾南都子,,,1,自,,,新,
51,2026,id04_14_01,神奈川１区,-,3,80113,34.9,篠原豪,,,4,立,,,前,
51,2026,id04_14_01,神奈川１区,-,3,27450,12,浅川義治,,,1,維,,,元,
51,2026,id04_14_02,神奈川２区,当,1,112930,47.9,新田章文,,,1,自,,,新,
51,2026,id04_14_02,神奈川２区,-,3,45947,19.5,片山智絵,,,,国,,,新,
51,2026,id04_14_02,神奈川２区,-,3,42309,18,柳家東三楼,,,,立,,,新,
51,2026,id04_14_02,神奈川２区,-,3,19222,8.2,平本幸次郎,,,,参,,,新,
51,2026,id04_14_02,神奈川２区,-,3,15150,6.4,並木まり子,,,,共,,,新,
51,2026,id04_14_03,神奈川３区,当,1,114485,47.7,中西健治,,,3,自,,,前,
51,2026,id04_14_03,神奈川３区,-,3,48460,20.2,中村武人,,,,立,,,新,
51,2026,id04_14_03,神奈川３区,-,3,41843,17.4,二宮研,,,,国,,,新,
51,2026,id04_14_03,神奈川３区,-,3,22074,9.2,荻野ミエ,,,,参,,,新,
51,2026,id04_14_03,神奈川３区,-,3,12974,5.4,横山征吾,,,,共,,,新,
51,2026,id04_14_04,神奈川４区,当,1,93954,47.6,永田磨梨奈,,,1,自,,,新,
51,2026,id04_14_04,神奈川４区,比当,2,82939,42,早稲田夕季,,,4,立,,,前,
51,2026,id04_14_04,神奈川４区,-,3,20655,10.5,田宮零一郎,,,,参,,,新,
51,2026,id04_14_05,神奈川５区,当,1,99726,49.7,坂井学,,,7,自,,,前,
51,2026,id04_14_05,神奈川５区,-,3,53593,26.7,山崎誠,,,4,立,,,前,
51,2026,id04_14_05,神奈川５区,-,3,34078,17,久坂くにえ,,,,維,,,新,
51,2026,id04_14_05,神奈川５区,-,3,13234,6.6,高宮美智子,,,,共,,,新,
51,2026,id04_14_06,神奈川６区,当,1,120667,60.7,古川直季,,,3,自,,,前,(維)
51,2026,id04_14_06,神奈川６区,-,3,78256,39.3,青柳陽一郎,,,5,立,,,前,
51,2026,id04_14_07,神奈川７区,当,1,107464,62.1,鈴木馨祐,,,7,自,,,前,
51,2026,id04_14_07,神奈川７区,-,3,65524,37.9,中谷一馬,,,3,立,,,前,
51,2026,id04_14_08,神奈川８区,当,1,140717,59,三谷英弘,,,5,自,,,前,(維)
51,2026,id04_14_08,神奈川８区,-,3,97671,41,江田憲司,,,8,立,,,前,
51,2026,id04_14_09,神奈川９区,当,1,87531,46.6,上原正裕,,,1,自,,,新,(維)
51,2026,id04_14_09,神奈川９区,比当,2,84024,44.8,笠浩史,,,9,立,,,前,
51,2026,id04_14_09,神奈川９区,-,3,16186,8.6,赤石博子,,,,共,,,新,
51,2026,id04_14_10,神奈川１０区,当,1,59967,36.1,田中和徳,,,11,自,,,前,
51,2026,id04_14_10,神奈川１０区,比当,2,40298,24.2,金村龍那,,,3,維,,,前,
51,2026,id04_14_10,神奈川１０区,-,3,34094,20.5,山口翔平,,,,国,,,新,
51,2026,id04_14_10,神奈川１０区,-,3,16666,10,中野智裕,,,,共,,,新,
51,2026,id04_14_10,神奈川１０区,-,3,15191,9.1,橋本公夫,,,,参,,,新,
51,2026,id04_14_11,神奈川１１区,当,1,149029,79.5,小泉進次郎,,,7,自,,,前,
51,2026,id04_14_11,神奈川１１区,-,3,19299,10.3,為壮稔,,,,共,,,新,
51,2026,id04_14_11,神奈川１１区,-,3,19191,10.2,前林恒平,,,,参,,,新,
51,2026,id04_14_12,神奈川１２区,当,1,108343,49.4,星野剛士,,,6,自,,,前,(維)
51,2026,id04_14_12,神奈川１２区,-,3,78793,35.9,阿部知子,,,9,立,,,前,
51,2026,id04_14_12,神奈川１２区,-,3,21089,9.6,菊竹進,,,,無,,,新,
51,2026,id04_14_12,神奈川１２区,-,3,11210,5.1,沼上常生,,,,共,,,新,
51,2026,id04_14_13,神奈川１３区,当,1,95453,48.6,丸田康一郎,,,1,自,,,新,(維)
51,2026,id04_14_13,神奈川１３区,-,3,77992,39.7,太栄志,,,2,立,,,前,
51,2026,id04_14_13,神奈川１３区,-,3,22788,11.6,石井匡,,,,参,,,新,
51,2026,id04_14_14,神奈川１４区,当,1,108352,52.5,赤間二郎,,,7,自,,,前,(維)
51,2026,id04_14_14,神奈川１４区,-,3,61720,29.9,長友克洋,,,1,立,,,前,
51,2026,id04_14_14,神奈川１４区,-,3,24256,11.8,先沖仁志,,,,参,,,新,
51,2026,id04_14_14,神奈川１４区,-,3,12083,5.9,中村圭,,,,共,,,新,
51,2026,id04_14_15,神奈川１５区,当,1,141580,62.5,河野太郎,,,11,自,,,前,
51,2026,id04_14_15,神奈川１５区,-,3,39547,17.5,小山善光,,,,参,,,新,
51,2026,id04_14_15,神奈川１５区,-,3,24679,10.9,佐々木克己,,,,社,,,新,
51,2026,id04_14_15,神奈川１５区,-,3,20598,9.1,三好諒,,,,れ,,,新,
51,2026,id04_14_16,神奈川１６区,当,1,105984,52.9,佐藤主迪,,,1,自,,,新,
51,2026,id04_14_16,神奈川１６区,比当,2,94464,47.1,後藤祐一,,,7,立,,,前,
51,2026,id04_14_17,神奈川１７区,当,1,106966,48.4,牧島かれん,,,6,自,,,前,(維)
51,2026,id04_14_17,神奈川１７区,-,3,68358,30.9,佐々木奈保美,,,1,立,,,前,
51,2026,id04_14_17,神奈川１７区,-,3,45727,20.7,中村太一,,,,国,,,新,
51,2026,id04_14_18,神奈川１８区,当,1,76615,32.4,山際大志郎,,,8,自,,,前,
51,2026,id04_14_18,神奈川１８区,-,3,52074,22,宗野創,,,1,立,,,前,
51,2026,id04_14_18,神奈川１８区,比当,2,49861,21.1,西岡義高,,,2,国,,,前,
51,2026,id04_14_18,神奈川１８区,比当,2,26388,11.2,横田光弘,,,1,維,,,新,
51,2026,id04_14_18,神奈川１８区,-,3,17879,7.6,藤田修一,,,,参,,,新,
51,2026,id04_14_18,神奈川１８区,-,3,13738,5.8,八巻陽子,,,,共,,,新,
51,2026,id04_14_19,神奈川１９区,当,1,83450,40.7,草間剛,,,2,自,,,前,
51,2026,id04_14_19,神奈川１９区,比当,2,77371,37.7,深作ヘスス,,,2,国,,,前,
51,2026,id04_14_19,神奈川１９区,-,3,26090,12.7,添田勝,,,,維,,,新,
51,2026,id04_14_19,神奈川１９区,-,3,18304,8.9,室井一真,,,,参,,,新,
51,2026,id04_14_20,神奈川２０区,当,1,91240,49.5,金沢結衣,,,1,自,,,新,
51,2026,id04_14_20,神奈川２０区,-,3,66964,36.3,大塚小百合,,,1,立,,,前,
51,2026,id04_14_20,神奈川２０区,-,3,26061,14.1,金子洋一,,,,維,,,新,
51,2026,id06_15_01,新潟１区,当,1,92578,46.8,内山航,,,1,自,,,新,
51,2026,id06_15_01,新潟１区,比当,2,73167,37,西村智奈美,,,8,立,,,前,
51,2026,id06_15_01,新潟１区,-,3,15492,7.8,小池幸夫,,,,参,,,新,
51,2026,id06_15_01,新潟１区,-,3,10092,5.1,伊藤和成,,,,維,,,新,
51,2026,id06_15_01,新潟１区,-,3,6574,3.3,中村岳夫,,,,共,,,新,
51,2026,id06_15_02,新潟２区,当,1,111803,49,国定勇人,,,3,自,,,前,
51,2026,id06_15_02,新潟２区,比当,2,85602,37.5,菊田真紀子,,,9,立,,,前,
51,2026,id06_15_02,新潟２区,-,3,21633,9.5,平井恵里子,,,,参,,,新,
51,2026,id06_15_02,新潟２区,-,3,9241,4,金井典子,,,,維,,,新,
51,2026,id06_15_03,新潟３区,当,1,115991,54.6,斎藤洋明,,,6,自,,,前,(維)
51,2026,id06_15_03,新潟３区,-,3,76452,36,黒岩宇洋,,,4,立,,,前,
51,2026,id06_15_03,新潟３区,-,3,19878,9.4,佐久間慶子,,,,参,,,新,
51,2026,id06_15_04,新潟４区,当,1,107128,53.6,鷲尾英一郎,,,7,自,,,元,
51,2026,id06_15_04,新潟４区,-,3,62446,31.2,米山隆一,,,2,立,,,前,
51,2026,id06_15_04,新潟４区,-,3,15842,7.9,野村泰暉,,,,国,,,新,
51,2026,id06_15_04,新潟４区,-,3,14613,7.3,大矢寿乃,,,,参,,,新,
51,2026,id06_15_05,新潟５区,当,1,104206,52.1,高鳥修一,,,6,自,,,元,(維)
51,2026,id06_15_05,新潟５区,-,3,79294,39.6,梅谷守,,,2,立,,,前,
51,2026,id06_15_05,新潟５区,-,3,16494,8.2,高野直行,,,,参,,,新,
51,2026,id06_16_01,富山１区,当,1,81875,63.4,中田宏,,,5,自,,,元,(維)
51,2026,id06_16_01,富山１区,-,3,27730,21.5,山登志浩,,,1,立,,,前,
51,2026,id06_16_01,富山１区,-,3,14207,11,斉藤匠,,,,参,,,新,
51,2026,id06_16_01,富山１区,-,3,5323,4.1,青山了介,,,,共,,,新,
51,2026,id06_16_02,富山２区,当,1,88839,74.7,上田英俊,,,3,自,,,前,
51,2026,id06_16_02,富山２区,-,3,30104,25.3,越川康晴,,,,立,,,新,
51,2026,id06_16_03,富山３区,当,1,126981,65.9,橘慶一郎,,,7,自,,,前,(維)
51,2026,id06_16_03,富山３区,-,3,35576,18.5,山本圭太,,,,国,,,新,
51,2026,id06_16_03,富山３区,-,3,17057,8.9,直原美和子,,,,参,,,新,
51,2026,id06_16_03,富山３区,-,3,12999,6.7,坂本洋史,,,,共,,,新,
51,2026,id06_17_01,石川１区,当,1,83732,45,小森卓郎,,,3,自,,,前,
51,2026,id06_17_01,石川１区,比当,2,48150,25.9,小竹凱,,,2,国,,,前,
51,2026,id06_17_01,石川１区,比当,2,23350,12.5,川裕一郎,,,1,参,,,新,
51,2026,id06_17_01,石川１区,-,3,19547,10.5,小林誠,,,,維,,,新,
51,2026,id06_17_01,石川１区,-,3,11358,6.1,村田茂,,,,共,,,新,
51,2026,id06_17_02,石川２区,当,1,139808,83.6,佐々木紀,,,6,自,,,前,
51,2026,id06_17_02,石川２区,-,3,27476,16.4,坂本浩,,,,共,,,新,
51,2026,id06_17_03,石川３区,当,1,73034,51.9,西田昭二,,,4,自,,,前,
51,2026,id06_17_03,石川３区,比当,2,64893,46.1,近藤和也,,,5,立,,,前,
51,2026,id06_17_03,石川３区,-,3,2850,2,南章治,,,,共,,,新,
51,2026,id06_18_01,福井１区,当,1,93292,48.1,稲田朋美,,,8,自,,,前,(維)
51,2026,id06_18_01,福井１区,-,3,38929,20.1,波多野翼,,,1,立,,,前,
51,2026,id06_18_01,福井１区,-,3,34541,17.8,山中俊祐,,,,国,,,新,
51,2026,id06_18_01,福井１区,-,3,27189,14,藤本一希,,,,参,,,新,
51,2026,id06_18_02,福井２区,当,1,78737,59.9,斉木武志,,,4,自,,,前,
51,2026,id06_18_02,福井２区,-,3,52607,40.1,辻英之,,,1,立,,,前,
51,2026,id04_19_01,山梨１区,当,1,128168,52.3,中谷真一,,,6,自,,,前,(維)
51,2026,id04_19_01,山梨１区,-,3,87812,35.9,中島克仁,,,5,立,,,前,
51,2026,id04_19_01,山梨１区,-,3,18908,7.7,鈴木大介,,,,参,,,新,
51,2026,id04_19_01,山梨１区,-,3,9959,4.1,田中星那,,,,共,,,新,
51,2026,id04_19_02,山梨２区,当,1,108477,81.5,堀内詔子,,,6,自,,,前,(維)
51,2026,id04_19_02,山梨２区,-,3,24590,18.5,早田記史,,,,共,,,新,
51,2026,id06_20_01,長野１区,当,1,119101,50.7,若林健太,,,2,自,,,元,
51,2026,id06_20_01,長野１区,-,3,86458,36.8,篠原孝,,,8,立,,,前,
51,2026,id06_20_01,長野１区,比当,2,29366,12.5,若狭清史,,,1,維,,,新,
51,2026,id06_20_02,長野２区,当,1,104107,46.7,藤田ひかる,,,1,自,,,新,
51,2026,id06_20_02,長野２区,-,3,75809,34,下条みつ,,,6,立,,,前,
51,2026,id06_20_02,長野２区,-,3,24414,11,手塚大輔,,,,維,,,新,
51,2026,id06_20_02,長野２区,-,3,18383,8.3,竹下博善,,,,参,,,新,
51,2026,id06_20_03,長野３区,当,1,111844,48.3,井出庸生,,,6,自,,,前,(維)
51,2026,id06_20_03,長野３区,-,3,81922,35.4,神津健,,,2,立,,,前,
51,2026,id06_20_03,長野３区,-,3,26407,11.4,仁科裕貴,,,,参,,,新,
51,2026,id06_20_03,長野３区,-,3,11296,4.9,山口孝司,,,,れ,,,新,
51,2026,id06_20_04,長野４区,当,1,77135,57.6,後藤茂之,,,9,自,,,前,
51,2026,id06_20_04,長野４区,-,3,34122,25.5,花岡明久,,,,国,,,新,
51,2026,id06_20_04,長野４区,-,3,22747,17,武田良介,,,,共,,,新,
51,2026,id06_20_05,長野５区,当,1,98866,59.8,宮下一郎,,,8,自,,,前,(維)
51,2026,id06_20_05,長野５区,-,3,66593,40.2,福田淳太,,,1,立,,,前,
51,2026,id07_21_01,岐阜１区,当,1,90249,55.8,野田聖子,,,12,自,,,前,(維)
51,2026,id07_21_01,岐阜１区,-,3,36657,22.7,服部学,,,,立,,,新,
51,2026,id07_21_01,岐阜１区,-,3,26146,16.2,成井まゆ子,,,,参,,,新,
51,2026,id07_21_01,岐阜１区,-,3,8658,5.4,波多野純子,,,,共,,,新,
51,2026,id07_21_02,岐阜２区,当,1,87826,54.6,棚橋泰文,,,11,自,,,前,
51,2026,id07_21_02,岐阜２区,比当,2,44679,27.8,野村美穂,,,1,国,,,新,
51,2026,id07_21_02,岐阜２区,-,3,14203,8.8,塚原雅也,,,,参,,,新,
51,2026,id07_21_02,岐阜２区,-,3,7663,4.8,唐沢理恵,,,,無,,,新,
51,2026,id07_21_02,岐阜２区,-,3,6582,4.1,伊藤あゆみ,,,,無,,,新,
51,2026,id07_21_03,岐阜３区,当,1,118346,53.4,武藤容治,,,7,自,,,前,(維)
51,2026,id07_21_03,岐阜３区,-,3,51021,23,仙田晃宏,,,1,国,,,前,
51,2026,id07_21_03,岐阜３区,-,3,28872,13,阪口直人,,,3,れ,,,前,
51,2026,id07_21_03,岐阜３区,比当,2,23204,10.5,伊藤恵介,,,1,参,,,新,
51,2026,id07_21_04,岐阜４区,当,1,103054,50.7,加藤大博,,,1,自,,,新,(維)
51,2026,id07_21_04,岐阜４区,-,3,79476,39.1,今井雅人,,,5,立,,,前,
51,2026,id07_21_04,岐阜４区,-,3,20886,10.3,曽我雄介,,,,参,,,新,
51,2026,id07_21_05,岐阜５区,当,1,83214,52.1,古屋圭司,,,13,自,,,前,
51,2026,id07_21_05,岐阜５区,-,3,37630,23.6,真野哲,,,1,立,,,前,
51,2026,id07_21_05,岐阜５区,-,3,27577,17.3,吉田企貴,,,,国,,,新,
51,2026,id07_21_05,岐阜５区,-,3,11268,7.1,山田良司,,,1,維,,,元,
51,2026,id07_22_01,静岡１区,当,1,127488,61.1,上川陽子,,,9,自,,,前,
51,2026,id07_22_01,静岡１区,-,3,61490,29.5,柴田将平,,,,国,,,新,
51,2026,id07_22_01,静岡１区,-,3,19516,9.4,鈴木節子,,,,共,,,新,
51,2026,id07_22_02,静岡２区,当,1,152012,71.1,井林辰憲,,,6,自,,,前,
51,2026,id07_22_02,静岡２区,-,3,61915,28.9,鈴木岳幸,,,1,立,,,前,
51,2026,id07_22_03,静岡３区,当,1,117738,51.8,山本裕三,,,1,自,,,新,
51,2026,id07_22_03,静岡３区,-,3,76509,33.6,小山展弘,,,4,立,,,前,
51,2026,id07_22_03,静岡３区,-,3,25070,11,中橋辰也,,,,参,,,新,
51,2026,id07_22_03,静岡３区,-,3,8196,3.6,竹村真弓,,,,共,,,新,
51,2026,id07_22_04,静岡４区,当,1,87880,51.7,深沢陽一,,,4,自,,,前,
51,2026,id07_22_04,静岡４区,比当,2,61791,36.4,田中健,,,3,国,,,前,
51,2026,id07_22_04,静岡４区,-,3,11655,6.9,高田晃宏,,,,参,,,新,
51,2026,id07_22_04,静岡４区,-,3,8494,5,鈴木智,,,,れ,,,新,
51,2026,id07_22_05,静岡５区,当,1,168511,74.8,細野豪志,,,10,自,,,前,(維)
51,2026,id07_22_05,静岡５区,-,3,43417,19.3,中村正善,,,,立,,,新,
51,2026,id07_22_05,静岡５区,-,3,13367,5.9,下山一美,,,,共,,,新,
51,2026,id07_22_06,静岡６区,当,1,125829,54.6,勝俣孝明,,,6,自,,,前,
51,2026,id07_22_06,静岡６区,-,3,84726,36.8,渡辺周,,,10,立,,,前,
51,2026,id07_22_06,静岡６区,-,3,19972,8.7,輦止保教,,,,参,,,新,
51,2026,id07_22_07,静岡７区,当,1,129336,67.7,城内実,,,8,自,,,前,
51,2026,id07_22_07,静岡７区,-,3,45489,23.8,北野谷富子,,,,国,,,新,
51,2026,id07_22_07,静岡７区,-,3,16319,8.5,袴田サヤカ,,,,参,,,新,
51,2026,id07_22_08,静岡８区,当,1,114256,50,稲葉大輔,,,1,自,,,新,
51,2026,id07_22_08,静岡８区,-,3,82357,36,源馬謙太郎,,,3,立,,,前,
51,2026,id07_22_08,静岡８区,-,3,23397,10.2,神田綾乃,,,,参,,,新,
51,2026,id07_22_08,静岡８区,-,3,8617,3.8,村田優哉,,,,共,,,新,
51,2026,id07_23_01,愛知１区,当,1,94339,42.5,河村たかし,,,7,減,,,前,
51,2026,id07_23_01,愛知１区,比当,2,72144,32.5,熊田裕通,,,5,自,,,元,
51,2026,id07_23_01,愛知１区,-,3,40038,18.1,吉田統彦,,,3,立,,,元,
51,2026,id07_23_01,愛知１区,-,3,15283,6.9,近田茜,,,,参,,,新,
51,2026,id07_23_02,愛知２区,当,1,110540,49.1,古川元久,,,11,国,,,前,
51,2026,id07_23_02,愛知２区,比当,2,74845,33.3,辻秀樹,,,1,自,,,新,(維)
51,2026,id07_23_02,愛知２区,-,3,24158,10.7,梅村忠司,,,,減,,,新,
51,2026,id07_23_02,愛知２区,-,3,15550,6.9,酒井健太朗,,,,共,,,新,
51,2026,id07_23_03,愛知３区,当,1,98388,40.8,水野良彦,,,1,自,,,新,
51,2026,id07_23_03,愛知３区,-,3,70464,29.2,近藤昭一,,,10,立,,,前,
51,2026,id07_23_03,愛知３区,-,3,37335,15.5,平岩征樹,,,1,減,,,前,
51,2026,id07_23_03,愛知３区,-,3,23561,9.8,皆川雅一,,,,維,,,新,
51,2026,id07_23_03,愛知３区,-,3,11262,4.7,柴田民雄,,,,共,,,新,
51,2026,id07_23_04,愛知４区,当,1,79204,41.7,工藤彰三,,,6,自,,,前,
51,2026,id07_23_04,愛知４区,-,3,50572,26.6,牧義夫,,,8,立,,,前,
51,2026,id07_23_04,愛知４区,-,3,17699,9.3,魚住佳奈,,,,参,,,新,
51,2026,id07_23_04,愛知４区,-,3,17400,9.2,志村康博,,,,減,,,新,
51,2026,id07_23_04,愛知４区,-,3,14831,7.8,中田千代,,,,維,,,新,
51,2026,id07_23_04,愛知４区,-,3,10286,5.4,高橋祐介,,,,共,,,新,
51,2026,id07_23_05,愛知５区,当,1,73643,41.7,岡本康宏,,,1,自,,,新,
51,2026,id07_23_05,愛知５区,-,3,44288,25.1,西川厚志,,,1,立,,,前,
51,2026,id07_23_05,愛知５区,-,3,25815,14.6,田中克和,,,,減,,,新,
51,2026,id07_23_05,愛知５区,比当,2,18970,10.7,渡辺藍理,,,1,参,,,新,
51,2026,id07_23_05,愛知５区,-,3,7487,4.2,江上博之,,,,共,,,新,
51,2026,id07_23_05,愛知５区,-,3,6487,3.7,神田憲次,,,4,無,,,元,
51,2026,id07_23_06,愛知６区,当,1,109044,54.1,丹羽秀樹,,,8,自,,,前,(維)
51,2026,id07_23_06,愛知６区,-,3,39828,19.7,国崎信江,,,,立,,,新,
51,2026,id07_23_06,愛知６区,-,3,28651,14.2,春日舞,,,,参,,,新,
51,2026,id07_23_06,愛知６区,-,3,13179,6.5,橋本勉,,,1,減,,,元,
51,2026,id07_23_06,愛知６区,-,3,10996,5.5,大西雅人,,,,社,,,新,
51,2026,id07_23_07,愛知７区,当,1,108322,49.8,日野紗里亜,,,2,国,,,前,
51,2026,id07_23_07,愛知７区,比当,2,94973,43.6,鈴木淳司,,,7,自,,,元,(維)
51,2026,id07_23_07,愛知７区,-,3,14373,6.6,鈴木弘一,,,,共,,,新,
51,2026,id07_23_08,愛知８区,当,1,131050,52.8,伊藤忠彦,,,7,自,,,前,(維)
51,2026,id07_23_08,愛知８区,-,3,84571,34.1,伴野豊,,,7,立,,,前,
51,2026,id07_23_08,愛知８区,-,3,32396,13.1,中川健一,,,,保,,,新,
51,2026,id07_23_09,愛知９区,当,1,93351,45.1,長坂康正,,,6,自,,,前,
51,2026,id07_23_09,愛知９区,-,3,58084,28.1,岡本充功,,,6,立,,,前,
51,2026,id07_23_09,愛知９区,-,3,24489,11.8,浦上奈々,,,,維,,,新,
51,2026,id07_23_09,愛知９区,-,3,22098,10.7,加藤泰稚,,,,参,,,新,
51,2026,id07_23_09,愛知９区,-,3,8930,4.3,伊藤恵子,,,,共,,,新,
51,2026,id07_23_10,愛知１０区,当,1,80646,42.1,若山慎司,,,2,自,,,前,
51,2026,id07_23_10,愛知１０区,-,3,43496,22.7,藤原規真,,,1,立,,,前,
51,2026,id07_23_10,愛知１０区,-,3,28434,14.8,杉本和巳,,,5,維,,,前,
51,2026,id07_23_10,愛知１０区,-,3,21072,11,三嶋竜平,,,,国,,,新,
51,2026,id07_23_10,愛知１０区,-,3,17891,9.3,山内遼平,,,,参,,,新,
51,2026,id07_23_11,愛知１１区,当,1,145739,59.7,丹野みどり,,,2,国,,,前,
51,2026,id07_23_11,愛知１１区,比当,2,98411,40.3,藤沢忠盛,,,1,自,,,新,
51,2026,id07_23_12,愛知１２区,当,1,128453,47,青山周平,,,5,自,,,元,(維)
51,2026,id07_23_12,愛知１２区,比当,2,107130,39.2,重徳和彦,,,6,立,,,前,
51,2026,id07_23_12,愛知１２区,-,3,37684,13.8,中川博登,,,,参,,,新,
51,2026,id07_23_13,愛知１３区,当,1,151944,58.6,石井拓,,,2,自,,,元,(維)
51,2026,id07_23_13,愛知１３区,-,3,94399,36.4,大西健介,,,6,立,,,前,
51,2026,id07_23_13,愛知１３区,-,3,12910,5,牛田清博,,,,共,,,新,
51,2026,id07_23_14,愛知１４区,当,1,119376,67.4,今枝宗一郎,,,6,自,,,前,
51,2026,id07_23_14,愛知１４区,-,3,49753,28.1,大嶽理恵,,,1,立,,,前,
51,2026,id07_23_14,愛知１４区,-,3,7904,4.5,浅尾大輔,,,,共,,,新,
51,2026,id07_23_15,愛知１５区,当,1,88028,43.6,根本幸典,,,6,自,,,前,
51,2026,id07_23_15,愛知１５区,-,3,36614,18.1,小山千帆,,,1,立,,,前,
51,2026,id07_23_15,愛知１５区,比当,2,35736,17.7,関健一郎,,,2,維,,,元,
51,2026,id07_23_15,愛知１５区,-,3,19022,9.4,鈴木勝裕,,,,参,,,新,
51,2026,id07_23_15,愛知１５区,-,3,12892,6.4,竹上裕子,,,1,減,,,前,
51,2026,id07_23_15,愛知１５区,-,3,9835,4.9,辻恵,,,2,れ,,,元,
51,2026,id07_23_16,愛知１６区,当,1,91375,40.9,山下史守朗,,,1,自,,,新,(維)
51,2026,id07_23_16,愛知１６区,比当,2,60084,26.9,福田徹,,,2,国,,,前,
51,2026,id07_23_16,愛知１６区,-,3,43393,19.4,松田功,,,2,立,,,前,
51,2026,id07_23_16,愛知１６区,-,3,17419,7.8,渡辺信江,,,,参,,,新,
51,2026,id07_23_16,愛知１６区,-,3,10984,4.9,前田雄吉,,,3,減,,,元,
51,2026,id07_24_01,三重１区,当,1,124762,66.3,田村憲久,,,11,自,,,前,(維)
51,2026,id07_24_01,三重１区,-,3,53020,28.2,福森和歌子,,,1,立,,,前,
51,2026,id07_24_01,三重１区,-,3,10465,5.6,出口洋介,,,,共,,,新,
51,2026,id07_24_02,三重２区,当,1,117495,52.5,川崎秀人,,,3,自,,,前,(維)
51,2026,id07_24_02,三重２区,-,3,78118,34.9,下野幸助,,,1,立,,,前,
51,2026,id07_24_02,三重２区,-,3,28267,12.6,水谷幸泰,,,,参,,,新,
51,2026,id07_24_03,三重３区,当,1,99392,42.1,石原正敬,,,2,自,,,元,(維)
51,2026,id07_24_03,三重３区,-,3,90701,38.4,岡田克也,,,12,立,,,前,
51,2026,id07_24_03,三重３区,-,3,22702,9.6,新谷恵,,,,参,,,新,
51,2026,id07_24_03,三重３区,-,3,16907,7.2,伊藤昌志,,,,保,,,新,
51,2026,id07_24_03,三重３区,-,3,6345,2.7,衣笠民子,,,,共,,,新,
51,2026,id07_24_04,三重４区,当,1,106718,66.5,鈴木英敬,,,3,自,,,前,(維)
51,2026,id07_24_04,三重４区,-,3,43016,26.8,藤田大助,,,1,国,,,元,
51,2026,id07_24_04,三重４区,-,3,10846,6.8,中川民英,,,,共,,,新,
51,2026,id08_25_01,滋賀１区,当,1,76367,42,大岡敏孝,,,6,自,,,前,
51,2026,id08_25_01,滋賀１区,比当,2,47217,26,斎藤アレックス,,,3,維,,,前,
51,2026,id08_25_01,滋賀１区,比当,2,38911,21.4,河井昭成,,,1,国,,,新,
51,2026,id08_25_01,滋賀１区,-,3,19198,10.6,黄野瀬明子,,,,共,,,新,
51,2026,id08_25_02,滋賀２区,当,1,141853,60.1,上野賢一郎,,,7,自,,,前,
51,2026,id08_25_02,滋賀２区,-,3,47132,20,平尾道雄,,,,立,,,新,
51,2026,id08_25_02,滋賀２区,-,3,46898,19.9,岡屋京佑,,,,維,,,新,
51,2026,id08_25_03,滋賀３区,当,1,108917,48.6,武村展英,,,6,自,,,前,
51,2026,id08_25_03,滋賀３区,-,3,36984,16.5,出路真吾,,,,維,,,新,
51,2026,id08_25_03,滋賀３区,-,3,30202,13.5,北野裕子,,,1,参,,,前,
51,2026,id08_25_03,滋賀３区,-,3,29595,13.2,早智敬,,,,立,,,新,
51,2026,id08_25_03,滋賀３区,-,3,10243,4.6,伊吹裕,,,,共,,,新,
51,2026,id08_25_03,滋賀３区,-,3,7989,3.6,安持成美,,,,れ,,,新,
51,2026,id08_26_01,京都１区,当,1,78098,37,勝目康,,,3,自,,,前,
51,2026,id08_26_01,京都１区,-,3,28899,13.7,平竹耕三,,,,立,,,新,
51,2026,id08_26_01,京都１区,-,3,26147,12.4,佐々木隆吏,,,,維,,,新,
51,2026,id08_26_01,京都１区,-,3,21382,10.1,鎌野敏徳,,,,共,,,新,
51,2026,id08_26_01,京都１区,-,3,17208,8.1,堀場幸子,,,1,み,,,元,
51,2026,id08_26_01,京都１区,-,3,13644,6.5,桂隆俊,,,,国,,,新,
51,2026,id08_26_01,京都１区,-,3,12885,6.1,浜田聡,,,,諸,,,新,
51,2026,id08_26_01,京都１区,-,3,12881,6.1,谷口青人,,,,参,,,新,
51,2026,id08_26_02,京都２区,当,1,49415,35.7,前原誠司,,,12,維,,,前,
51,2026,id08_26_02,京都２区,比当,2,36891,26.6,藤田洋司,,,1,自,,,新,
51,2026,id08_26_02,京都２区,-,3,18847,13.6,堀川朗子,,,1,共,,,前,
51,2026,id08_26_02,京都２区,-,3,18185,13.1,河野有里子,,,,立,,,新,
51,2026,id08_26_02,京都２区,-,3,11178,8.1,酒井勇輔,,,,み,,,新,
51,2026,id08_26_02,京都２区,-,3,4016,2.9,辻村千尋,,,,れ,,,新,
51,2026,id08_26_03,京都３区,当,1,68533,36.6,泉健太,,,10,立,,,前,
51,2026,id08_26_03,京都３区,比当,2,62406,33.4,繁本護,,,2,自,,,元,
51,2026,id08_26_03,京都３区,-,3,27484,14.7,木村元紀,,,,維,,,新,
51,2026,id08_26_03,京都３区,-,3,15670,8.4,西山頌秀,,,,共,,,新,
51,2026,id08_26_03,京都３区,-,3,12951,6.9,樋口智,,,,参,,,新,
51,2026,id08_26_04,京都４区,当,1,142149,73.7,北神圭朗,,,6,自,,,前,
51,2026,id08_26_04,京都４区,-,3,50690,26.3,吉田幸一,,,,共,,,新,
51,2026,id08_26_05,京都５区,当,1,84865,77,本田太郎,,,4,自,,,前,
51,2026,id08_26_05,京都５区,-,3,25363,23,山内健,,,,共,,,新,
51,2026,id08_26_06,京都６区,当,1,124175,47.9,園崎弘道,,,1,自,,,新,(維)
51,2026,id08_26_06,京都６区,-,3,91922,35.4,山井和則,,,9,立,,,前,
51,2026,id08_26_06,京都６区,-,3,24530,9.5,大奈,,,,参,,,新,
51,2026,id08_26_06,京都６区,-,3,18782,7.2,上條亮一,,,,共,,,新,
51,2026,id08_27_01,大阪１区,当,1,93383,40.2,井上英孝,,,6,維,,,前,
51,2026,id08_27_01,大阪１区,-,3,64483,27.8,大西宏幸,,,2,自,,,元,
51,2026,id08_27_01,大阪１区,-,3,27950,12,中村由紀,,,,参,,,新,
51,2026,id08_27_01,大阪１区,-,3,27902,12,塩野智郎,,,,国,,,新,
51,2026,id08_27_01,大阪１区,-,3,18444,7.9,竹内祥倫,,,,共,,,新,
51,2026,id08_27_02,大阪２区,当,1,115244,51.9,高見亮,,,1,維,,,新,
51,2026,id08_27_02,大阪２区,-,3,40672,18.3,守島正,,,2,無,,,前,(自)
51,2026,id08_27_02,大阪２区,-,3,36999,16.7,石橋篤史,,,,参,,,新,
51,2026,id08_27_02,大阪２区,-,3,28925,13,小川陽太,,,,共,,,新,
51,2026,id08_27_03,大阪３区,当,1,75462,40.4,東徹,,,2,維,,,前,
51,2026,id08_27_03,大阪３区,-,3,45715,24.4,柳本顕,,,1,自,,,元,
51,2026,id08_27_03,大阪３区,-,3,30714,16.4,宇都宮優子,,,,立,,,新,
51,2026,id08_27_03,大阪３区,-,3,18345,9.8,山室貴史,,,,参,,,新,
51,2026,id08_27_03,大阪３区,-,3,16758,9,渡部結,,,,共,,,新,
51,2026,id08_27_04,大阪４区,当,1,87309,37.2,美延映夫,,,4,維,,,前,
51,2026,id08_27_04,大阪４区,比当,2,71040,30.3,中山泰秀,,,6,自,,,元,
51,2026,id08_27_04,大阪４区,-,3,28240,12,岡本忠志,,,,国,,,新,
51,2026,id08_27_04,大阪４区,-,3,24019,10.2,藤田美季,,,,参,,,新,
51,2026,id08_27_04,大阪４区,-,3,19832,8.4,山田みのり,,,,共,,,新,
51,2026,id08_27_04,大阪４区,-,3,4299,1.8,橋口和矢,,,,諸,,,新,
51,2026,id08_27_05,大阪５区,当,1,93472,42.5,梅村聡,,,2,維,,,前,
51,2026,id08_27_05,大阪５区,-,3,48051,21.9,杉田水脈,,,3,自,,,元,
51,2026,id08_27_05,大阪５区,-,3,24018,10.9,前田英倫,,,,国,,,新,
51,2026,id08_27_05,大阪５区,-,3,19867,9,大石晃子,,,2,れ,,,前,
51,2026,id08_27_05,大阪５区,-,3,18421,8.4,松山恵子,,,,参,,,新,
51,2026,id08_27_05,大阪５区,-,3,15854,7.2,湊隆介,,,,共,,,新,
51,2026,id08_27_06,大阪６区,当,1,87431,42.6,西田薫,,,2,維,,,前,
51,2026,id08_27_06,大阪６区,-,3,42619,20.7,永井正史,,,,自,,,新,
51,2026,id08_27_06,大阪６区,-,3,37890,18.4,阪本洋三,,,,立,,,新,
51,2026,id08_27_06,大阪６区,-,3,24635,12,月足舞子,,,,参,,,新,
51,2026,id08_27_06,大阪６区,-,3,12899,6.3,亀井淳,,,,共,,,新,
51,2026,id08_27_07,大阪７区,当,1,88242,39.1,奥下剛光,,,3,維,,,前,
51,2026,id08_27_07,大阪７区,比当,2,78582,34.9,渡嘉敷奈緒美,,,5,自,,,元,
51,2026,id08_27_07,大阪７区,比当,2,30439,13.5,石川勝,,,1,参,,,新,
51,2026,id08_27_07,大阪７区,-,3,28167,12.5,川添健真,,,,共,,,新,
51,2026,id08_27_08,大阪８区,当,1,93189,38.6,漆間譲司,,,3,維,,,前,
51,2026,id08_27_08,大阪８区,比当,2,77688,32.2,高麗啓一郎,,,1,自,,,新,
51,2026,id08_27_08,大阪８区,-,3,29080,12,佐藤潤,,,,国,,,新,
51,2026,id08_27_08,大阪８区,-,3,22319,9.2,平川節代,,,,共,,,新,
51,2026,id08_27_08,大阪８区,-,3,19206,8,榊原美礼,,,,参,,,新,
51,2026,id08_27_09,大阪９区,当,1,102204,48.2,萩原佳,,,2,維,,,前,
51,2026,id08_27_09,大阪９区,比当,2,79259,37.4,東田淳平,,,1,自,,,新,
51,2026,id08_27_09,大阪９区,-,3,30493,14.4,西尾慧吾,,,,社,,,新,
51,2026,id08_27_10,大阪１０区,当,1,86557,45.1,池下卓,,,3,維,,,前,
51,2026,id08_27_10,大阪１０区,-,3,50324,26.2,尾辻かな子,,,2,立,,,前,
51,2026,id08_27_10,大阪１０区,-,3,38442,20,加納陽之助,,,,自,,,新,
51,2026,id08_27_10,大阪１０区,-,3,16751,8.7,井上誠也,,,,参,,,新,
51,2026,id08_27_11,大阪１１区,当,1,113436,49.4,中司宏,,,3,維,,,前,
51,2026,id08_27_11,大阪１１区,-,3,41809,18.2,松本直高,,,,自,,,新,
51,2026,id08_27_11,大阪１１区,-,3,38540,16.8,村上賀厚,,,,立,,,新,
51,2026,id08_27_11,大阪１１区,-,3,21753,9.5,山岡智美,,,,参,,,新,
51,2026,id08_27_11,大阪１１区,-,3,14310,6.2,北尾学,,,,共,,,新,
51,2026,id08_27_12,大阪１２区,当,1,88775,50.2,藤田文武,,,4,維,,,前,
51,2026,id08_27_12,大阪１２区,-,3,38167,21.6,北川晋平,,,,自,,,新,
51,2026,id08_27_12,大阪１２区,-,3,37976,21.5,樽床伸二,,,6,立,,,元,
51,2026,id08_27_12,大阪１２区,-,3,12082,6.8,太田徹,,,,共,,,新,
51,2026,id08_27_13,大阪１３区,当,1,77433,37.9,岩谷良平,,,3,維,,,前,
51,2026,id08_27_13,大阪１３区,比当,2,65193,31.9,宗清皇一,,,4,自,,,元,
51,2026,id08_27_13,大阪１３区,-,3,26573,13,本多平直,,,3,立,,,元,
51,2026,id08_27_13,大阪１３区,-,3,14949,7.3,立岡昭是,,,,参,,,新,
51,2026,id08_27_13,大阪１３区,-,3,10197,5,宝井晃美,,,,共,,,新,
51,2026,id08_27_13,大阪１３区,-,3,10097,4.9,八幡愛,,,1,れ,,,前,
51,2026,id08_27_14,大阪１４区,当,1,121049,57.8,青柳仁士,,,3,維,,,前,
51,2026,id08_27_14,大阪１４区,-,3,58573,28,尾立源幸,,,,自,,,新,
51,2026,id08_27_14,大阪１４区,-,3,29935,14.3,内藤耕一,,,,共,,,新,
51,2026,id08_27_15,大阪１５区,当,1,92248,47.9,浦野靖人,,,6,維,,,前,
51,2026,id08_27_15,大阪１５区,比当,2,73378,38.1,島田智明,,,2,自,,,前,
51,2026,id08_27_15,大阪１５区,-,3,26929,14,平山貴士,,,,共,,,新,
51,2026,id08_27_16,大阪１６区,当,1,73063,41.2,黒田征樹,,,2,維,,,前,
51,2026,id08_27_16,大阪１６区,-,3,47844,27,森山浩行,,,4,立,,,前,
51,2026,id08_27_16,大阪１６区,-,3,36006,20.3,葉田治央,,,,自,,,新,
51,2026,id08_27_16,大阪１６区,-,3,20249,11.4,池上和日子,,,,参,,,新,
51,2026,id08_27_17,大阪１７区,当,1,78362,49,馬場伸幸,,,6,維,,,前,
51,2026,id08_27_17,大阪１７区,-,3,42715,26.7,信貴麻美,,,,自,,,新,
51,2026,id08_27_17,大阪１７区,-,3,20464,12.8,東本和美,,,,参,,,新,
51,2026,id08_27_17,大阪１７区,-,3,18380,11.5,井上光吉,,,,共,,,新,
51,2026,id08_27_18,大阪１８区,当,1,121948,58.4,遠藤敬,,,6,維,,,前,
51,2026,id08_27_18,大阪１８区,-,3,58889,28.2,内田隆嗣,,,,自,,,新,
51,2026,id08_27_18,大阪１８区,-,3,27906,13.4,馬場英樹,,,,共,,,新,
51,2026,id08_27_19,大阪１９区,当,1,58410,36.9,谷川とむ,,,4,自,,,元,
51,2026,id08_27_19,大阪１９区,比当,2,57697,36.5,伊東信久,,,5,維,,,前,
51,2026,id08_27_19,大阪１９区,-,3,20031,12.7,小羽根正代,,,,立,,,新,
51,2026,id08_27_19,大阪１９区,-,3,13399,8.5,松岡能礼,,,,参,,,新,
51,2026,id08_27_19,大阪１９区,-,3,8703,5.5,北村みき,,,,共,,,新,
51,2026,id08_28_01,兵庫１区,当,1,73219,33.5,盛山正仁,,,6,自,,,元,
51,2026,id08_28_01,兵庫１区,-,3,69111,31.6,井坂信彦,,,4,立,,,前,
51,2026,id08_28_01,兵庫１区,比当,2,44364,20.3,一谷勇一郎,,,2,維,,,元,
51,2026,id08_28_01,兵庫１区,-,3,20877,9.5,原弥彦,,,,参,,,新,
51,2026,id08_28_01,兵庫１区,-,3,11283,5.2,藤末浩美,,,,共,,,新,
51,2026,id08_28_02,兵庫２区,当,1,82982,45,阿部圭史,,,2,維,,,前,
51,2026,id08_28_02,兵庫２区,-,3,46308,25.1,船川治郎,,,,立,,,新,
51,2026,id08_28_02,兵庫２区,-,3,41929,22.7,坊恭寿,,,,無,,,新,
51,2026,id08_28_02,兵庫２区,-,3,13141,7.1,井村弘子,,,,共,,,新,
51,2026,id08_28_03,兵庫３区,当,1,74806,46.9,関芳弘,,,7,自,,,前,
51,2026,id08_28_03,兵庫３区,-,3,34272,21.5,和田有一朗,,,2,維,,,前,
51,2026,id08_28_03,兵庫３区,比当,2,34177,21.4,向山好一,,,3,国,,,前,
51,2026,id08_28_03,兵庫３区,-,3,16262,10.2,加藤健二,,,,共,,,新,
51,2026,id08_28_04,兵庫４区,当,1,147544,69.3,藤井比早之,,,6,自,,,前,
51,2026,id08_28_04,兵庫４区,-,3,49187,23.1,中山高志,,,,立,,,新,
51,2026,id08_28_04,兵庫４区,-,3,16081,7.6,日比優子,,,,共,,,新,
51,2026,id08_28_05,兵庫５区,当,1,93501,44.6,谷公一,,,9,自,,,前,
51,2026,id08_28_05,兵庫５区,-,3,54784,26.1,遠藤良太,,,1,維,,,元,
51,2026,id08_28_05,兵庫５区,-,3,38936,18.6,川戸康嗣,,,,立,,,新,
51,2026,id08_28_05,兵庫５区,-,3,12530,6,高橋秀彰,,,,諸,,,新,
51,2026,id08_28_05,兵庫５区,-,3,10090,4.8,村岡峰男,,,,共,,,新,
51,2026,id08_28_06,兵庫６区,当,1,91440,36.4,大串正樹,,,6,自,,,前,
51,2026,id08_28_06,兵庫６区,比当,2,63444,25.3,市村浩一郎,,,6,維,,,前,
51,2026,id08_28_06,兵庫６区,-,3,58565,23.3,桜井周,,,3,立,,,前,
51,2026,id08_28_06,兵庫６区,比当,2,26935,10.7,谷浩一郎,,,1,参,,,新,
51,2026,id08_28_06,兵庫６区,-,3,10809,4.3,吉見秋彦,,,,共,,,新,
51,2026,id08_28_07,兵庫７区,当,1,112151,42.4,山田賢司,,,6,自,,,前,
51,2026,id08_28_07,兵庫７区,比当,2,71220,26.9,三木圭恵,,,4,維,,,前,
51,2026,id08_28_07,兵庫７区,-,3,46563,17.6,岡田悟,,,1,立,,,前,
51,2026,id08_28_07,兵庫７区,-,3,20779,7.9,酒井遼,,,,参,,,新,
51,2026,id08_28_07,兵庫７区,-,3,13830,5.2,平野貞雄,,,,共,,,新,
51,2026,id08_28_08,兵庫８区,当,1,85970,43.3,青山繁晴,,,1,自,,,新,
51,2026,id08_28_08,兵庫８区,-,3,48094,24.2,徳安淳子,,,1,維,,,前,
51,2026,id08_28_08,兵庫８区,-,3,42989,21.7,弘川欣絵,,,,立,,,新,
51,2026,id08_28_08,兵庫８区,-,3,11252,5.7,板東正恵,,,,共,,,新,
51,2026,id08_28_08,兵庫８区,-,3,10210,5.1,長谷川羽衣子,,,,れ,,,新,
51,2026,id08_28_09,兵庫９区,当,1,116526,58.3,西村康稔,,,9,自,,,前,
51,2026,id08_28_09,兵庫９区,-,3,54607,27.3,橋本慧悟,,,1,立,,,前,
51,2026,id08_28_09,兵庫９区,-,3,21087,10.5,山寺崇仁,,,,参,,,新,
51,2026,id08_28_09,兵庫９区,-,3,7787,3.9,伊藤和貴,,,,共,,,新,
51,2026,id08_28_10,兵庫１０区,当,1,75309,41,渡海紀三朗,,,12,自,,,前,
51,2026,id08_28_10,兵庫１０区,-,3,37907,20.7,掘井健智,,,1,維,,,元,
51,2026,id08_28_10,兵庫１０区,-,3,37777,20.6,隠樹圭子,,,,立,,,新,
51,2026,id08_28_10,兵庫１０区,-,3,25244,13.8,藤原誠也,,,,参,,,新,
51,2026,id08_28_10,兵庫１０区,-,3,7240,3.9,奥田芙美代,,,,共,,,新,
51,2026,id08_28_11,兵庫１１区,当,1,86090,43.5,山田基靖,,,1,自,,,新,
51,2026,id08_28_11,兵庫１１区,比当,2,55757,28.2,住吉寛紀,,,2,維,,,元,
51,2026,id08_28_11,兵庫１１区,-,3,23900,12.1,中原立貴,,,,国,,,新,
51,2026,id08_28_11,兵庫１１区,-,3,18437,9.3,山下聖,,,,参,,,新,
51,2026,id08_28_11,兵庫１１区,-,3,13712,6.9,苦瓜一成,,,,共,,,新,
51,2026,id08_28_12,兵庫１２区,当,1,78957,53.1,山口壮,,,9,自,,,前,
51,2026,id08_28_12,兵庫１２区,比当,2,53882,36.2,池畑浩太朗,,,3,維,,,前,
51,2026,id08_28_12,兵庫１２区,-,3,15935,10.7,太田清幸,,,,共,,,新,
51,2026,id08_29_01,奈良１区,当,1,131313,53.3,小林茂樹,,,5,自,,,前,(維)
51,2026,id08_29_01,奈良１区,-,3,64325,26.1,馬淵澄夫,,,8,立,,,前,
51,2026,id08_29_01,奈良１区,-,3,29976,12.2,杉本葵,,,,国,,,新,
51,2026,id08_29_01,奈良１区,-,3,11181,4.5,黒川洋司,,,,参,,,新,
51,2026,id08_29_01,奈良１区,-,3,9541,3.9,谷川和広,,,,共,,,新,
51,2026,id08_29_02,奈良２区,当,1,193708,87,高市早苗,,,11,自,,,前,(維)
51,2026,id08_29_02,奈良２区,-,3,28921,13,池田英子,,,,共,,,新,
51,2026,id08_29_03,奈良３区,当,1,120018,62.8,田野瀬太道,,,6,自,,,前,
51,2026,id08_29_03,奈良３区,比当,2,37067,19.4,原山大亮,,,1,維,,,新,
51,2026,id08_29_03,奈良３区,-,3,22018,11.5,太田敦,,,,共,,,新,
51,2026,id08_29_03,奈良３区,-,3,11868,6.2,八木宏昌,,,,無,,,新,
51,2026,id08_30_01,和歌山１区,当,1,95836,46.2,山本大地,,,2,自,,,前,
51,2026,id08_30_01,和歌山１区,-,3,31352,15.1,林佑美,,,2,国,,,前,
51,2026,id08_30_01,和歌山１区,-,3,30208,14.6,要友紀子,,,,立,,,新,
51,2026,id08_30_01,和歌山１区,-,3,20292,9.8,林元政子,,,,参,,,新,
51,2026,id08_30_01,和歌山１区,-,3,19067,9.2,浦平美博,,,,維,,,新,
51,2026,id08_30_01,和歌山１区,-,3,9677,4.7,前久,,,,共,,,新,
51,2026,id08_30_01,和歌山１区,-,3,795,0.4,正司武,,,,諸,,,新,
51,2026,id08_30_02,和歌山２区,当,1,162257,82.2,世耕弘成,,,2,無,,,前,
51,2026,id08_30_02,和歌山２区,-,3,35209,17.8,畑野良弘,,,,共,,,新,
51,2026,id09_31_01,鳥取１区,当,1,66146,67.5,石破茂,,,14,自,,,前,(維)
51,2026,id09_31_01,鳥取１区,-,3,13364,13.6,谷川裕美,,,,国,,,新,
51,2026,id09_31_01,鳥取１区,-,3,11734,12,豊哲也,,,,参,,,新,
51,2026,id09_31_01,鳥取１区,-,3,6768,6.9,塚田成幸,,,,共,,,新,
51,2026,id09_31_02,鳥取２区,当,1,67736,62.3,赤沢亮正,,,8,自,,,前,(維)
51,2026,id09_31_02,鳥取２区,-,3,36132,33.2,湯原俊二,,,2,立,,,元,
51,2026,id09_31_02,鳥取２区,-,3,4862,4.5,福住英行,,,,共,,,新,
51,2026,id09_32_01,島根１区,当,1,67438,51,高階恵美子,,,2,自,,,元,(維)
51,2026,id09_32_01,島根１区,-,3,49867,37.7,亀井亜紀子,,,3,立,,,前,
51,2026,id09_32_01,島根１区,-,3,10041,7.6,伊藤礼司,,,,参,,,新,
51,2026,id09_32_01,島根１区,-,3,4978,3.8,村穂江利子,,,,共,,,新,
51,2026,id09_32_02,島根２区,当,1,98015,61.5,高見康裕,,,3,自,,,前,(維)
51,2026,id09_32_02,島根２区,-,3,35062,22,大塚聡子,,,,立,,,新,
51,2026,id09_32_02,島根２区,-,3,16290,10.2,倉井克幸,,,,参,,,新,
51,2026,id09_32_02,島根２区,-,3,9999,6.3,亀谷優子,,,,共,,,新,
51,2026,id09_33_01,岡山１区,当,1,81844,48.1,逢沢一郎,,,14,自,,,前,(維)
51,2026,id09_33_01,岡山１区,-,3,43835,25.8,原田謙介,,,,立,,,新,
51,2026,id09_33_01,岡山１区,-,3,19083,11.2,原紘志,,,,国,,,新,
51,2026,id09_33_01,岡山１区,-,3,19002,11.2,山本安音,,,,参,,,新,
51,2026,id09_33_01,岡山１区,-,3,6252,3.7,住寄聡美,,,,共,,,新,
51,2026,id09_33_02,岡山２区,当,1,117527,55,山下貴司,,,6,自,,,前,(維)
51,2026,id09_33_02,岡山２区,-,3,66289,31,津村啓介,,,7,立,,,前,
51,2026,id09_33_02,岡山２区,-,3,22193,10.4,徳永多真美,,,,参,,,新,
51,2026,id09_33_02,岡山２区,-,3,7776,3.6,余江雪央,,,,共,,,新,
51,2026,id09_33_03,岡山３区,当,1,165807,81.1,加藤勝信,,,9,自,,,前,(維)
51,2026,id09_33_03,岡山３区,-,3,38533,18.9,原田亜希子,,,,共,,,新,
51,2026,id09_33_04,岡山４区,当,1,104826,50.9,橋本岳,,,6,自,,,元,(維)
51,2026,id09_33_04,岡山４区,-,3,65960,32,柚木道義,,,7,立,,,前,
51,2026,id09_33_04,岡山４区,-,3,28765,14,三宅沙侑美,,,,国,,,新,
51,2026,id09_33_04,岡山４区,-,3,6372,3.1,垣内雄一,,,,共,,,新,
51,2026,id09_34_01,広島１区,当,1,102700,53.3,岸田文雄,,,12,自,,,前,
51,2026,id09_34_01,広島１区,-,3,35142,18.2,川田海栄,,,,立,,,新,
51,2026,id09_34_01,広島１区,-,3,32835,17,山田肇,,,,参,,,新,
51,2026,id09_34_01,広島１区,-,3,8809,4.6,楾大樹,,,,れ,,,新,
51,2026,id09_34_01,広島１区,-,3,8113,4.2,中原剛,,,,共,,,新,
51,2026,id09_34_01,広島１区,-,3,3172,1.6,産原稔文,,,,無,,,新,
51,2026,id09_34_01,広島１区,-,3,1821,0.9,黒木貞彦,,,,無,,,新,
51,2026,id09_34_02,広島２区,当,1,94750,51.7,平口洋,,,7,自,,,前,(維)
51,2026,id09_34_02,広島２区,-,3,53893,29.4,福田玄,,,1,国,,,前,
51,2026,id09_34_02,広島２区,-,3,20123,11,佐藤由紀子,,,,参,,,新,
51,2026,id09_34_02,広島２区,-,3,14510,7.9,岡田博美,,,,共,,,新,
51,2026,id09_34_03,広島３区,当,1,100352,51.4,石橋林太郎,,,3,自,,,前,
51,2026,id09_34_03,広島３区,-,3,57975,29.7,東克哉,,,1,立,,,前,
51,2026,id09_34_03,広島３区,-,3,25253,12.9,田中淳子,,,,参,,,新,
51,2026,id09_34_03,広島３区,-,3,8147,4.2,高松史子,,,,共,,,新,
51,2026,id09_34_03,広島３区,-,3,3656,1.9,玉田憲勲,,,,無,,,新,
51,2026,id09_34_04,広島４区,当,1,89563,47,新谷正義,,,6,自,,,前,
51,2026,id09_34_04,広島４区,比当,2,61335,32.2,鍋島勢理,,,1,国,,,新,
51,2026,id09_34_04,広島４区,-,3,39599,20.8,空本誠喜,,,3,維,,,前,
51,2026,id09_34_05,広島５区,当,1,78649,50.7,山本深,,,1,自,,,新,
51,2026,id09_34_05,広島５区,-,3,67715,43.7,佐藤公治,,,5,立,,,前,
51,2026,id09_34_05,広島５区,-,3,8726,5.6,猪原真弓,,,,共,,,新,
51,2026,id09_34_06,広島６区,当,1,119827,67,小林史明,,,6,自,,,前,(維)
51,2026,id09_34_06,広島６区,-,3,49469,27.7,はたともこ,,,,立,,,新,
51,2026,id09_34_06,広島６区,-,3,9505,5.3,高木武志,,,,共,,,新,
51,2026,id09_35_01,山口１区,当,1,124364,63.5,高村正大,,,4,自,,,前,
51,2026,id09_35_01,山口１区,-,3,39108,20,野田陽志,,,,国,,,新,
51,2026,id09_35_01,山口１区,-,3,32352,16.5,山﨑珠江,,,,参,,,新,
51,2026,id09_35_02,山口２区,当,1,132409,62.1,岸信千世,,,3,自,,,前,(維)
51,2026,id09_35_02,山口２区,-,3,80741,37.9,平岡秀夫,,,6,立,,,前,
51,2026,id09_35_03,山口３区,当,1,113502,62.5,林芳正,,,3,自,,,前,
51,2026,id09_35_03,山口３区,比当,2,23266,12.8,島村薫,,,1,参,,,新,
51,2026,id09_35_03,山口３区,-,3,22915,12.6,篠田知宏,,,,立,,,新,
51,2026,id09_35_03,山口３区,-,3,14697,8.1,伊藤博文,,,,維,,,新,
51,2026,id09_35_03,山口３区,-,3,7149,3.9,吹上政子,,,,共,,,新,
51,2026,id10_36_01,徳島１区,当,1,107440,58.2,仁木博文,,,4,自,,,前,
51,2026,id10_36_01,徳島１区,-,3,46960,25.4,高橋永,,,1,立,,,前,
51,2026,id10_36_01,徳島１区,-,3,16040,8.7,吉田知代,,,1,維,,,元,
51,2026,id10_36_01,徳島１区,-,3,14154,7.7,亀井千春,,,,参,,,新,
51,2026,id10_36_02,徳島２区,当,1,64980,48.6,山口俊一,,,13,自,,,前,(維)
51,2026,id10_36_02,徳島２区,比当,2,36629,27.4,飯泉嘉門,,,1,国,,,新,
51,2026,id10_36_02,徳島２区,-,3,25705,19.2,北島一人,,,,無,,,新,
51,2026,id10_36_02,徳島２区,-,3,6504,4.9,浜共生,,,,共,,,新,
51,2026,id10_37_01,香川１区,当,1,73237,43,小川淳也,,,8,立,,,前,
51,2026,id10_37_01,香川１区,比当,2,72408,42.6,平井卓也,,,10,自,,,前,(維)
51,2026,id10_37_01,香川１区,-,3,19364,11.4,道川和樹,,,,参,,,新,
51,2026,id10_37_01,香川１区,-,3,5133,3,長尾真希,,,,共,,,新,
51,2026,id10_37_02,香川２区,当,1,82752,59.9,玉木雄一郎,,,7,国,,,前,
51,2026,id10_37_02,香川２区,比当,2,46747,33.8,瀬戸隆一,,,5,自,,,前,(維)
51,2026,id10_37_02,香川２区,-,3,8605,6.2,秋山友理子,,,,参,,,新,
51,2026,id10_37_03,香川３区,当,1,71529,59.1,大野敬太郎,,,6,自,,,前,
51,2026,id10_37_03,香川３区,-,3,36043,29.8,川崎智光,,,,国,,,新,
51,2026,id10_37_03,香川３区,-,3,13440,11.1,細川修平,,,,維,,,新,
51,2026,id10_38_01,愛媛１区,当,1,127770,60.4,塩崎彰久,,,3,自,,,前,(維)
51,2026,id10_38_01,愛媛１区,-,3,46245,21.9,石井智恵,,,1,国,,,前,
51,2026,id10_38_01,愛媛１区,-,3,23828,11.3,篠藤愛,,,,参,,,新,
51,2026,id10_38_01,愛媛１区,-,3,13718,6.5,和田宰,,,,共,,,新,
51,2026,id10_38_02,愛媛２区,当,1,100438,47.6,井原巧,,,2,自,,,元,(維)
51,2026,id10_38_02,愛媛２区,-,3,84853,40.2,白石洋一,,,4,立,,,前,
51,2026,id10_38_02,愛媛２区,-,3,25895,12.3,原田慎太郎,,,,参,,,新,
51,2026,id10_38_03,愛媛３区,当,1,119930,71.2,長谷川淳二,,,3,自,,,前,(維)
51,2026,id10_38_03,愛媛３区,-,3,39094,23.2,萩原旭人,,,,立,,,新,
51,2026,id10_38_03,愛媛３区,-,3,9462,5.6,西井直人,,,,共,,,新,
51,2026,id10_39_01,高知１区,当,1,92043,59.8,中谷元,,,13,自,,,前,(維)
51,2026,id10_39_01,高知１区,-,3,38860,25.2,田所裕介,,,,立,,,新,
51,2026,id10_39_01,高知１区,-,3,23119,15,金城幹泰,,,,参,,,新,
51,2026,id10_39_02,高知２区,当,1,102523,69.5,尾﨑正直,,,3,自,,,前,(維)
51,2026,id10_39_02,高知２区,-,3,24115,16.3,浜川百合子,,,,共,,,新,
51,2026,id10_39_02,高知２区,-,3,20942,14.2,前田強,,,,国,,,新,
51,2026,id11_40_01,福岡１区,当,1,106865,48.3,井上貴博,,,6,自,,,前,
51,2026,id11_40_01,福岡１区,-,3,46236,20.9,丸尾圭祐,,,1,立,,,前,
51,2026,id11_40_01,福岡１区,-,3,32095,14.5,吉富景子,,,,参,,,新,
51,2026,id11_40_01,福岡１区,-,3,26630,12,山本剛正,,,2,維,,,元,
51,2026,id11_40_01,福岡１区,-,3,9547,4.3,岩本義孝,,,,共,,,新,
51,2026,id11_40_02,福岡２区,当,1,136442,53.6,鬼木誠,,,6,自,,,前,(維)
51,2026,id11_40_02,福岡２区,-,3,76285,30,稲富修二,,,4,立,,,前,
51,2026,id11_40_02,福岡２区,比当,2,33027,13,木下敏之,,,1,参,,,新,
51,2026,id11_40_02,福岡２区,-,3,8672,3.4,貫洞基裕,,,,共,,,新,
51,2026,id11_40_03,福岡３区,当,1,132247,53.9,古賀篤,,,6,自,,,前,
51,2026,id11_40_03,福岡３区,-,3,59775,24.4,仁戸田元気,,,,立,,,新,
51,2026,id11_40_03,福岡３区,-,3,39753,16.2,天野浩,,,,維,,,新,
51,2026,id11_40_03,福岡３区,-,3,13417,5.5,原賀瞳,,,,共,,,新,
51,2026,id11_40_04,福岡４区,当,1,110544,53.6,宮内秀樹,,,6,自,,,前,(維)
51,2026,id11_40_04,福岡４区,比当,2,63519,30.8,許斐亮太郎,,,2,国,,,前,
51,2026,id11_40_04,福岡４区,-,3,32082,15.6,原田祐一,,,,参,,,新,
51,2026,id11_40_05,福岡５区,当,1,144014,57.5,栗原渉,,,2,自,,,前,(維)
51,2026,id11_40_05,福岡５区,-,3,52555,21,川元健一,,,,国,,,新,
51,2026,id11_40_05,福岡５区,-,3,32296,12.9,岡部吉高,,,,参,,,新,
51,2026,id11_40_05,福岡５区,-,3,21783,8.7,那須敬子,,,,社,,,新,
51,2026,id11_40_06,福岡６区,当,1,111832,61.8,鳩山二郎,,,5,自,,,前,(維)
51,2026,id11_40_06,福岡６区,比当,2,55538,30.7,近藤雅彦,,,1,国,,,新,
51,2026,id11_40_06,福岡６区,-,3,13619,7.5,河野一弘,,,,共,,,新,
51,2026,id11_40_07,福岡７区,当,1,95132,67.1,藤丸敏,,,6,自,,,前,(維)
51,2026,id11_40_07,福岡７区,-,3,46592,32.9,亀田晃尚,,,,立,,,新,
51,2026,id11_40_08,福岡８区,当,1,111727,67.5,麻生太郎,,,16,自,,,前,
51,2026,id11_40_08,福岡８区,-,3,27965,16.9,沖園理恵,,,,れ,,,新,
51,2026,id11_40_08,福岡８区,-,3,25752,15.6,森田俊文,,,,無,,,新,
51,2026,id11_40_09,福岡９区,当,1,100800,51.9,緒方林太郎,,,5,無,,,前,
51,2026,id11_40_09,福岡９区,比当,2,67073,34.6,三原朝利,,,1,自,,,新,(維)
51,2026,id11_40_09,福岡９区,-,3,16326,8.4,大塚弘尊,,,,国,,,新,
51,2026,id11_40_09,福岡９区,-,3,9900,5.1,山田博敏,,,,共,,,新,
51,2026,id11_40_10,福岡１０区,当,1,86338,42.5,吉村悠,,,1,自,,,新,(維)
51,2026,id11_40_10,福岡１０区,-,3,65458,32.2,城井崇,,,5,立,,,前,
51,2026,id11_40_10,福岡１０区,-,3,29370,14.5,大石仁人,,,,無,,,新,
51,2026,id11_40_10,福岡１０区,-,3,14315,7,熊本要,,,,参,,,新,
51,2026,id11_40_10,福岡１０区,-,3,7654,3.8,古賀邦俊,,,,共,,,新,
51,2026,id11_40_11,福岡１１区,当,1,62419,44.7,武田良太,,,8,自,,,元,
51,2026,id11_40_11,福岡１１区,比当,2,43002,30.8,村上智信,,,2,維,,,前,
51,2026,id11_40_11,福岡１１区,-,3,19011,13.6,辻智之,,,,立,,,新,
51,2026,id11_40_11,福岡１１区,-,3,10070,7.2,井上直生,,,,参,,,新,
51,2026,id11_40_11,福岡１１区,-,3,5187,3.7,志岐玲子,,,,社,,,新,
51,2026,id11_41_01,佐賀１区,当,1,84220,45.7,岩田和親,,,6,自,,,前,(維)
51,2026,id11_41_01,佐賀１区,-,3,83028,45,原口一博,,,10,減,,,前,
51,2026,id11_41_01,佐賀１区,-,3,17229,9.3,重松貴美,,,,参,,,新,
51,2026,id11_41_02,佐賀２区,当,1,106320,55.5,古川康,,,5,自,,,前,(維)
51,2026,id11_41_02,佐賀２区,-,3,85185,44.5,大串博志,,,7,立,,,前,
51,2026,id11_42_01,長崎１区,当,1,93931,52.5,西岡秀子,,,4,国,,,前,
51,2026,id11_42_01,長崎１区,比当,2,52794,29.5,浅田眞澄美,,,1,自,,,新,
51,2026,id11_42_01,長崎１区,-,3,13363,7.5,山田博司,,,,維,,,新,
51,2026,id11_42_01,長崎１区,-,3,10426,5.8,松石宗平,,,,参,,,新,
51,2026,id11_42_01,長崎１区,-,3,8559,4.8,内田隆英,,,,共,,,新,
51,2026,id11_42_02,長崎２区,当,1,126751,56.3,加藤竜祥,,,3,自,,,前,(維)
51,2026,id11_42_02,長崎２区,-,3,72951,32.4,山田勝彦,,,3,立,,,前,
51,2026,id11_42_02,長崎２区,-,3,25481,11.3,高木聡子,,,,参,,,新,
51,2026,id11_42_03,長崎３区,当,1,133418,72.1,金子容三,,,3,自,,,前,(維)
51,2026,id11_42_03,長崎３区,-,3,51525,27.9,田崎耕太,,,,立,,,新,
51,2026,id11_43_01,熊本１区,当,1,144036,63.2,木原稔,,,7,自,,,前,(維)
51,2026,id11_43_01,熊本１区,-,3,55802,24.5,鎌田聡,,,,立,,,新,
51,2026,id11_43_01,熊本１区,-,3,28055,12.3,山口誠太郎,,,,参,,,新,
51,2026,id11_43_02,熊本２区,当,1,115583,71.5,西野太亮,,,3,自,,,前,(維)
51,2026,id11_43_02,熊本２区,-,3,31019,19.2,前田智徳,,,,参,,,新,
51,2026,id11_43_02,熊本２区,-,3,15165,9.4,益田牧子,,,,共,,,新,
51,2026,id11_43_03,熊本３区,当,1,116925,66.6,坂本哲志,,,9,自,,,前,(維)
51,2026,id11_43_03,熊本３区,-,3,32850,18.7,霍田和佳,,,,参,,,新,
51,2026,id11_43_03,熊本３区,-,3,25888,14.7,橋村りか,,,,社,,,新,
51,2026,id11_43_04,熊本４区,当,1,141699,66.2,金子恭之,,,10,自,,,前,
51,2026,id11_43_04,熊本４区,-,3,22742,10.6,矢上雅義,,,3,維,,,元,
51,2026,id11_43_04,熊本４区,-,3,17995,8.4,植田貴俊,,,,参,,,新,
51,2026,id11_43_04,熊本４区,-,3,16403,7.7,上田至,,,,国,,,新,
51,2026,id11_43_04,熊本４区,-,3,15102,7.1,本村久美子,,,,共,,,新,
51,2026,id11_44_01,大分１区,当,1,95484,45.1,衛藤博昭,,,1,自,,,新,(維)
51,2026,id11_44_01,大分１区,-,3,71151,33.6,吉良州司,,,7,無,,,前,
51,2026,id11_44_01,大分１区,-,3,20432,9.6,野中しんすけ,,,,参,,,新,
51,2026,id11_44_01,大分１区,-,3,15687,7.4,堤淳太,,,,国,,,新,
51,2026,id11_44_01,大分１区,-,3,9158,4.3,山下魁,,,,共,,,新,
51,2026,id11_44_02,大分２区,当,1,89082,61.5,広瀬建,,,2,自,,,前,
51,2026,id11_44_02,大分２区,-,3,55817,38.5,吉川元,,,5,立,,,前,
51,2026,id11_44_03,大分３区,当,1,57996,34.6,岩屋毅,,,11,自,,,前,(維)
51,2026,id11_44_03,大分３区,-,3,50681,30.2,小林華弥子,,,,立,,,新,
51,2026,id11_44_03,大分３区,-,3,24260,14.5,平野雨龍,,,,無,,,新,
51,2026,id11_44_03,大分３区,-,3,18768,11.2,岩永京子,,,,保,,,新,
51,2026,id11_44_03,大分３区,-,3,15955,9.5,野中貴恵,,,,参,,,新,
51,2026,id11_45_01,宮崎１区,当,1,72280,40.3,渡辺創,,,3,立,,,前,
51,2026,id11_45_01,宮崎１区,比当,2,58167,32.4,武井俊輔,,,5,自,,,元,
51,2026,id11_45_01,宮崎１区,-,3,28831,16.1,横田朋大,,,,維,,,新,
51,2026,id11_45_01,宮崎１区,-,3,20153,11.2,滋井邦晃,,,,参,,,新,
51,2026,id11_45_02,宮崎２区,当,1,73994,50.7,長友慎治,,,3,国,,,前,
51,2026,id11_45_02,宮崎２区,比当,2,65630,45,江藤拓,,,9,自,,,前,
51,2026,id11_45_02,宮崎２区,-,3,6325,4.3,白江好友,,,,共,,,新,
51,2026,id11_45_03,宮崎３区,当,1,94868,77.1,古川禎久,,,9,自,,,前,
51,2026,id11_45_03,宮崎３区,-,3,28148,22.9,高瀬大介,,,,参,,,新,
51,2026,id11_46_01,鹿児島１区,当,1,92321,51,宮路拓馬,,,5,自,,,前,
51,2026,id11_46_01,鹿児島１区,-,3,57262,31.7,川内博史,,,8,立,,,前,
51,2026,id11_46_01,鹿児島１区,比当,2,27071,15,牧野俊一,,,1,参,,,新,
51,2026,id11_46_01,鹿児島１区,-,3,4228,2.3,小山慎之介,,,,共,,,新,
51,2026,id11_46_02,鹿児島２区,当,1,115396,68.5,三反園訓,,,3,自,,,前,(維)
51,2026,id11_46_02,鹿児島２区,-,3,35570,21.1,高橋徳美,,,,参,,,新,
51,2026,id11_46_02,鹿児島２区,-,3,17543,10.4,松崎真琴,,,,共,,,新,
51,2026,id11_46_03,鹿児島３区,当,1,88518,50.8,野間健,,,5,立,,,前,
51,2026,id11_46_03,鹿児島３区,比当,2,85782,49.2,小里泰弘,,,7,自,,,元,(維)
51,2026,id11_46_04,鹿児島４区,当,1,102727,62.5,森山裕,,,9,自,,,前,(維)
51,2026,id11_46_04,鹿児島４区,-,3,24076,14.6,中村寿,,,,国,,,新,
51,2026,id11_46_04,鹿児島４区,-,3,22211,13.5,桐原郁生,,,,参,,,新,
51,2026,id11_46_04,鹿児島４区,-,3,15329,9.3,伊藤周平,,,,社,,,新,
51,2026,id11_47_01,沖縄１区,当,1,58808,42.3,国場幸之助,,,6,自,,,前,
51,2026,id11_47_01,沖縄１区,-,3,53231,38.3,赤嶺政賢,,,9,共,,,前,
51,2026,id11_47_01,沖縄１区,-,3,13526,9.7,和田知久,,,,参,,,新,
51,2026,id11_47_01,沖縄１区,-,3,11521,8.3,山川泰博,,,,維,,,新,
51,2026,id11_47_01,沖縄１区,-,3,2011,1.4,中島万穂,,,,無,,,新,
51,2026,id11_47_02,沖縄２区,当,1,71071,43.2,宮崎政久,,,6,自,,,前,(維)
51,2026,id11_47_02,沖縄２区,-,3,57500,35,新垣邦男,,,2,立,,,前,
51,2026,id11_47_02,沖縄２区,-,3,19333,11.8,吉田悠里,,,,参,,,新,
51,2026,id11_47_02,沖縄２区,-,3,14311,8.7,瑞慶覧長敏,,,1,社,,,元,
51,2026,id11_47_02,沖縄２区,-,3,2140,1.3,比嘉隆,,,,無,,,新,
51,2026,id11_47_03,沖縄３区,当,1,87075,51.8,島尻安伊子,,,3,自,,,前,
51,2026,id11_47_03,沖縄３区,-,3,61714,36.7,屋良朝博,,,3,立,,,前,
51,2026,id11_47_03,沖縄３区,-,3,19270,11.5,仲間暁子,,,,参,,,新,
51,2026,id11_47_04,沖縄４区,当,1,76580,49.8,西銘恒三郎,,,8,自,,,前,
51,2026,id11_47_04,沖縄４区,-,3,37734,24.6,砥板芳行,,,,立,,,新,
51,2026,id11_47_04,沖縄４区,-,3,20091,13.1,山川仁,,,1,れ,,,前,
51,2026,id11_47_04,沖縄４区,-,3,19230,12.5,崎枝裕次,,,,国,,,新,
